student_id,dropout_probability,flagged_at_risk
cddc453acbe1,0.976,True
b6fc24a155eb,0.971,True
bd7b51620957,0.968,True
c68693bc1dbf,0.966,True
b20e86e8b68f,0.964,True
cb6e35995574,0.963,True
393e24e2ec4f,0.962,True
74649dadb933,0.961,True
4b1d823c1070,0.96,True
6e62185b8112,0.96,True
61ab5b2e8606,0.959,True
16ff73ff0757,0.959,True
52be808c956f,0.959,True
d95014dfac98,0.958,True
d29a07f2ba67,0.956,True
911394f435df,0.954,True
c1d074e7d710,0.954,True
08e5ccd06c43,0.951,True
79059cf5818a,0.951,True
5e08ca8f521e,0.951,True
c1c54f41bb86,0.949,True
1206bb339e70,0.949,True
0c0b7974b550,0.949,True
b39cd73b41d8,0.948,True
e7c614f849d2,0.948,True
4bac8c84f522,0.947,True
a76912467be7,0.947,True
f261154697a9,0.945,True
d2be72c986aa,0.945,True
e2615d9a44c6,0.945,True
5e5320db5973,0.944,True
e549a0e8ac5f,0.943,True
af7429daa4e3,0.941,True
853cff319cd8,0.94,True
2f5b21eba260,0.94,True
ee0f7e3719ea,0.939,True
baeb078760ba,0.939,True
357d35517f6f,0.939,True
366a73d282e2,0.937,True
47b1e81a6f6e,0.934,True
41f82570df9e,0.934,True
4040be1f6712,0.934,True
a2ee4f195f4c,0.934,True
03bc8bf278d1,0.933,True
7fe3b3d1b4df,0.933,True
5dbaa6ccee8e,0.932,True
afc1f34848d3,0.932,True
b0fe9f246b8c,0.931,True
0745b8a77f74,0.931,True
c361df3e607f,0.931,True
52a1631d0a33,0.93,True
18ee098d74d3,0.93,True
8c1430165fd2,0.93,True
7aaecf1522e3,0.929,True
ac42a92aa754,0.929,True
0c4dcc9bfa68,0.929,True
8e3ff113244e,0.928,True
e2663d0ec75b,0.927,True
3bd942e1b4c1,0.927,True
19cbef0b01e8,0.927,True
e34f81a27eb5,0.927,True
c182dce75c04,0.927,True
f5fdd24c82f4,0.926,True
15fe6d1984b4,0.925,True
5818ad6e677f,0.925,True
998d2f5f6a24,0.925,True
c3209fee7418,0.924,True
ec0627a4b380,0.924,True
159e225194cf,0.924,True
3eedd1d17f1d,0.923,True
f01dd46f23cb,0.923,True
16ed2ad6d736,0.922,True
5611a03853ba,0.922,True
b9bb04e6f37f,0.921,True
b381eb910d41,0.921,True
a9b1c83d532b,0.92,True
4a57468163c4,0.92,True
31db2a9d7afc,0.92,True
6ad757ef8d68,0.919,True
ed20b71aed55,0.919,True
b4c83846cd04,0.918,True
77f682e24a9a,0.918,True
792ca381e7ce,0.918,True
e5f9db7266d5,0.917,True
6916ffe4b1d3,0.917,True
dccbb299f512,0.916,True
fe8f915a461c,0.916,True
a5db5e699bd9,0.915,True
875786400dab,0.915,True
f803a35cea10,0.915,True
3b1a1d1ba843,0.915,True
9fbdec139567,0.914,True
3a334edba7fe,0.914,True
abea519c8764,0.914,True
db4c5228e0c6,0.913,True
dcedcd9f74c4,0.913,True
d8c092a7773c,0.913,True
1f48d6c577b0,0.913,True
cbd29ff879e6,0.912,True
cb3166540147,0.911,True
4609b2595cb7,0.911,True
599cea5e2eb2,0.911,True
66983630310a,0.91,True
f8b35cc45cdd,0.909,True
2a0377600939,0.909,True
3bc856394e6e,0.909,True
b665340253ad,0.909,True
8d42b4294c07,0.909,True
762029b4c004,0.909,True
e77ddfd53499,0.909,True
aed980747ba4,0.908,True
b6e0fa17826f,0.908,True
6fcf31451cba,0.908,True
96e15a93b8d4,0.908,True
b99344f5caf4,0.908,True
6cc59b11ed97,0.908,True
0e98775db34d,0.907,True
21596e20a71b,0.907,True
d9c4f2ad938a,0.907,True
dffa55dcdb0f,0.906,True
3036b359bf5f,0.905,True
a56c943bc02b,0.905,True
daf94ed614ef,0.903,True
e8570217d030,0.901,True
a2d2916e43ab,0.901,True
b59c8743d985,0.901,True
9fc93aa7d7a5,0.901,True
4ee331e95c4e,0.901,True
e8b4ca01a7f3,0.9,True
f56a3a28d6ea,0.9,True
0ba520509a1d,0.9,True
c901bc931ddb,0.899,True
1e51a299df97,0.898,True
c3a8c02d5279,0.898,True
038b1d6c9d58,0.898,True
4b3a0b8f94dd,0.897,True
d16518d69e4a,0.897,True
4d3c82914444,0.897,True
a25b15222cc5,0.896,True
40691e1a256b,0.896,True
99ced1eceed5,0.895,True
58f637eb2f5f,0.894,True
dcea4e0bfad3,0.892,True
ab194729c7fa,0.892,True
c615d47f3dce,0.892,True
ae0cae87e015,0.891,True
0440ea87bf02,0.891,True
8186c944b0a4,0.891,True
66e129e6a1d1,0.89,True
c242c60ebe7a,0.89,True
c310abf5e6cf,0.89,True
75f8afa383cd,0.889,True
3739c6e13e7e,0.889,True
a06a9aa08ed2,0.889,True
9435d6446e3b,0.888,True
3e78785e0539,0.888,True
2b7d01cab698,0.888,True
38e5f2200c59,0.887,True
7eb2239a5f1e,0.887,True
12db24400942,0.887,True
521578e6918b,0.887,True
314792c7cf0b,0.887,True
d88e508b21ff,0.886,True
adf23af7223b,0.886,True
e6b441421824,0.886,True
f6572e54e5c4,0.886,True
560ab1bf7b97,0.886,True
9551428a78da,0.885,True
5f6adf57bd81,0.885,True
3320d49cd8fa,0.884,True
41204ba73b5e,0.884,True
ed5e551772dc,0.884,True
d8a6e3d8b923,0.884,True
3c99d474539f,0.884,True
30f2bbbf3dc2,0.883,True
3851c460630b,0.882,True
61b46798a8e0,0.881,True
dc402867585c,0.881,True
af0135e20b38,0.881,True
417b84ddd439,0.881,True
7ad851e36313,0.88,True
51e620ddcd89,0.88,True
f43eda9968d2,0.879,True
ccf14758cbdf,0.879,True
1f488141b5c5,0.879,True
ffc819b2fccc,0.878,True
790fa22d40bf,0.878,True
b25dd61a5c67,0.878,True
42e79a820468,0.878,True
1bc10ab858d8,0.878,True
8d3fc005ca75,0.877,True
65132a1cd4a3,0.877,True
22e0fb3c9add,0.876,True
e84c38cd4e76,0.876,True
551583269abe,0.876,True
c43770c446aa,0.876,True
348d6ba34904,0.875,True
c5bbd2fa9ee3,0.875,True
2d31864bb055,0.875,True
ccbb140ff2cf,0.874,True
6e648d005ae7,0.874,True
0a2257b79997,0.874,True
f7d49b445fb4,0.873,True
286743059c18,0.873,True
fc857081f8fc,0.872,True
9c22ef6f24d7,0.871,True
dc1107321606,0.871,True
30df48f3c96e,0.87,True
9275bf499d19,0.869,True
39c7d5f747ad,0.869,True
9166895c13f6,0.868,True
95ecdb545f91,0.868,True
659088b54ea8,0.867,True
52bef2243ba6,0.867,True
716cfd2a6a57,0.867,True
301f56b5cd68,0.866,True
329318c875e5,0.866,True
8454b52f8b47,0.866,True
d46e7ce06395,0.866,True
b48d6765e64b,0.863,True
f26024ac5bdc,0.861,True
eeadd218a700,0.858,True
02ce4ba4d493,0.858,True
485dfe3c9512,0.857,True
f0e48969e361,0.856,True
99667d4cc299,0.856,True
109f4f57134f,0.855,True
fc46cf8a76d0,0.855,True
9cf588aabe4e,0.854,True
19bd29dd704f,0.854,True
6ff5fb273c48,0.854,True
a1475293106d,0.854,True
ddebbbd9b30a,0.853,True
86acb1d264c9,0.852,True
b0f494a7077f,0.852,True
faf2404d6145,0.851,True
840f24ba05a9,0.849,True
c3f6414f8f2d,0.848,True
05acfc1da148,0.848,True
fb30982d94b9,0.848,True
168d703f0d12,0.848,True
5ba4a83ac1e4,0.847,True
a0fe6b176415,0.847,True
5c71920bb59d,0.846,True
d205bead7a53,0.846,True
d8c92e267d96,0.845,True
0b4947ccdacd,0.844,True
ad92b4190c59,0.844,True
2fc480a620c7,0.844,True
0337c4b66783,0.842,True
72726c9df5d2,0.841,True
9715770340fd,0.841,True
5952fcaf33cd,0.84,True
175da8fd312c,0.84,True
9a2689de086b,0.838,True
8ef1ebf08d21,0.838,True
5a1a81e3cd6a,0.837,True
850d4312ca9d,0.837,True
57acc3495777,0.837,True
9ef64754083c,0.836,True
c87ae89aac8e,0.836,True
35e4718c950e,0.835,True
67228e20aa59,0.835,True
2be08bad161c,0.834,True
74b309291383,0.834,True
d32ca3bb9c28,0.832,True
ee520379517d,0.832,True
1215ff0866d0,0.83,True
a6e26598507f,0.83,True
5cfb8199b219,0.829,True
251ea1429381,0.828,True
9277e816742e,0.828,True
9328240d9948,0.827,True
62e11edd3bce,0.827,True
c1d441a4458a,0.827,True
14d03bf824d0,0.826,True
e51ff299cf9b,0.826,True
eeafb4c327d9,0.826,True
a1539583ce60,0.826,True
5bf3b799addb,0.826,True
9fd2142ef988,0.826,True
24e13546fe95,0.826,True
8855c1c13a67,0.826,True
5ca634fdb686,0.826,True
96eca5ca4b80,0.826,True
c6fe6183f1d6,0.826,True
7c105c859696,0.826,True
fe20201cdee7,0.826,True
9d63499d35d8,0.826,True
401e031fd7ea,0.826,True
4124047b2fb3,0.826,True
f9b769f3cbcb,0.826,True
385b8099cad3,0.826,True
7751e9831307,0.826,True
84e210e9b0d9,0.826,True
d2ba21546f4f,0.826,True
56d0de40d3da,0.826,True
48bd11aaacf3,0.826,True
345301e0bf36,0.826,True
d2fd2cabcad4,0.826,True
5ec43fea0466,0.826,True
9b892d6bfd85,0.825,True
bfdf475a4da8,0.825,True
b1d18cf2b640,0.825,True
9be88ab380f0,0.825,True
ea6ae5f32821,0.824,True
743b35494e07,0.823,True
536bb2778591,0.823,True
07aea07ddfc0,0.823,True
35bd03425881,0.822,True
eb6673076b98,0.822,True
3a9d73447199,0.821,True
9f4fdda64e15,0.821,True
7b31dd5730a5,0.821,True
ec3514334cb6,0.82,True
bb693f76dcb1,0.819,True
28dceb27e8ff,0.818,True
c5263fd186f2,0.817,True
2480faf0c66d,0.817,True
426f0b96daf5,0.816,True
6eb7ed276dcd,0.815,True
44bd44a3f766,0.815,True
819fdc013794,0.813,True
ee21b7c986a6,0.812,True
469b20af04da,0.811,True
9d11a505a8eb,0.811,True
1dc6098bb791,0.81,True
f8153b186f2a,0.81,True
deffa62b1bcc,0.809,True
acc5d4b39d90,0.809,True
e211e0c61624,0.809,True
15ecd618279d,0.808,True
021674d196e2,0.808,True
052fb893faca,0.806,True
66e4fc0d0591,0.806,True
b35876b9f441,0.806,True
97b9d0b82988,0.805,True
45d153b9a96e,0.805,True
4e2b82d9d29b,0.804,True
f4f7db59104e,0.804,True
f68fb21a4a0c,0.802,True
589bcfe9d1b6,0.801,True
680a924eb8f8,0.801,True
85323a4fc301,0.801,True
1f4eb3462ea3,0.801,True
fc390d0bfe19,0.801,True
7413aa6baf38,0.801,True
7ee991eb99e6,0.801,True
7f316f3cfff6,0.799,True
92dc7c44d1dc,0.799,True
7e2a0e384056,0.798,True
af80985c0661,0.798,True
0aa909ab18e8,0.798,True
703f72e1c94e,0.797,True
05d08acafa14,0.797,True
a012093bfd76,0.796,True
278a3fa36c69,0.796,True
9574c264949a,0.795,True
de8c2de509ce,0.795,True
c8976d2fd5c9,0.795,True
7b8a37d6ba34,0.793,True
0068835b0e8f,0.793,True
5322e7d94392,0.792,True
49606c3169cd,0.792,True
ec828b055bee,0.791,True
1ce8a977df53,0.791,True
cc963825fcfa,0.791,True
989fa04275d6,0.79,True
d3bcbec2eae4,0.785,True
329743103fca,0.784,True
608644983b3f,0.783,True
7028ccac6c85,0.781,True
e2d38364617a,0.781,True
d6091d9c8fe7,0.781,True
5fe34512924e,0.78,True
7e25a84d611f,0.78,True
2afb541a9d60,0.78,True
290501ae9752,0.779,True
232636aefb14,0.779,True
7a03f1e3fc09,0.779,True
ce2762e18fba,0.778,True
d084bd8f8fcf,0.778,True
203d2c1463ef,0.777,True
d066fdda38f2,0.777,True
18f92abb5b1c,0.774,True
5237df75730b,0.773,True
90ed6f643e38,0.772,True
e5ca7e8a9c54,0.772,True
3bf9d446ba5f,0.771,True
7c6a0058148b,0.771,True
ff27d0a07fb0,0.769,True
d740efbbb003,0.769,True
1f975cdc9291,0.768,True
dfaba2781d27,0.768,True
6919efa9671f,0.767,True
e14c71689a66,0.767,True
6a4fc6644559,0.767,True
e703a6e83879,0.767,True
80eddf8f8c5f,0.766,True
a0120d479402,0.766,True
077a55df8628,0.766,True
fd96a74f729d,0.766,True
bf7b43585e95,0.766,True
b3a0dc771a11,0.765,True
9d3554d81d87,0.765,True
94ceca0a35d4,0.765,True
9bd8b1c0b1b9,0.765,True
3b9d973a17af,0.764,True
8b7061e73d7d,0.764,True
dd26af56d68f,0.764,True
eee476dd1304,0.764,True
3ff1ad4a2b33,0.764,True
b185d9f3a509,0.763,True
d6eca8ca488b,0.763,True
4cb9a11f940a,0.763,True
c8efe6018aa9,0.762,True
914d6b4c5ab4,0.762,True
e6f4386ca41d,0.762,True
4eea2ac33110,0.761,True
78af284167cc,0.761,True
c3fb9b3159a5,0.761,True
77a9599505b5,0.761,True
5ceaded610b7,0.76,True
65f3414d1363,0.76,True
299a17a05439,0.76,True
7bcad3ac2017,0.76,True
5bb8954510e3,0.76,True
9339827e3ec3,0.76,True
cff5151aee3e,0.76,True
86ed2ec595fc,0.76,True
2d6f03add347,0.76,True
06830b1109e9,0.76,True
7a47ef02f251,0.76,True
62a015d3b64e,0.759,True
aaf4baaf80a1,0.759,True
daffcc4be0b5,0.759,True
64f897428fe3,0.759,True
5e88f5af56ce,0.758,True
85bf6f3be0c3,0.758,True
b534c940c89c,0.757,True
b79cd2bd8b48,0.757,True
81e9592d14f7,0.756,True
cf09d195bc88,0.755,True
beddb22d15aa,0.755,True
e9aa7e2c3539,0.754,True
fbbc14992686,0.754,True
04adcbe8fa3a,0.754,True
e9467f2b6cec,0.753,True
fe04da39ae67,0.753,True
b9d0da97d86d,0.753,True
fd3e9f925937,0.753,True
c4b2da463e7e,0.753,True
d46b7beda6c7,0.753,True
97d9babaf278,0.752,True
498b4dbfab89,0.752,True
b12660071b8e,0.752,True
35f409cf38f8,0.752,True
8edba8396154,0.752,True
e7243cfb4557,0.752,True
209083f4097a,0.752,True
76bc8c427e59,0.752,True
15acd52c9f3d,0.752,True
a1e5533ddc2f,0.752,True
a53ef11b8a29,0.752,True
34440148f2b0,0.752,True
7ce44b073b74,0.751,True
47f362f7e694,0.751,True
7257864e627f,0.751,True
0fb4ba6de889,0.751,True
0563ca231126,0.75,True
4e21f5171499,0.75,True
c1fd94ec6541,0.75,True
7b26709c07af,0.75,True
ebb166892256,0.749,True
acfbd10a4688,0.749,True
7349adb80872,0.748,True
5a2fbfd215d0,0.748,True
47c4fa2a456f,0.748,True
6c67da12df15,0.748,True
1e44d31c57a1,0.748,True
09e3f52f84c0,0.748,True
b352f5ea5fa8,0.747,True
a748182d7851,0.747,True
d87edaef6de0,0.747,True
48be8139f8c6,0.747,True
30e9c4a5e545,0.746,True
a68b910a6753,0.746,True
e02b2ce83949,0.745,True
c260b9922390,0.745,True
bc24a00877e4,0.745,True
75c489023e34,0.745,True
84a9ea6dc7a8,0.745,True
74b8033bcf09,0.745,True
f5132104da6c,0.744,True
28ff9f5f69b3,0.744,True
727d49b43ec4,0.744,True
53c00a3e05b2,0.742,True
aa2f6c121bf2,0.742,True
a6bc97aa8a05,0.742,True
327c2c9be4ad,0.742,True
d717614cdb44,0.742,True
5d0c1da24a0b,0.742,True
58b7ace5a254,0.742,True
904c63b07163,0.741,True
897cc3294e0c,0.741,True
459e4547014e,0.741,True
286f8fc6967b,0.741,True
8c3ea382de47,0.74,True
532c047aec3f,0.74,True
7807699080df,0.74,True
6ac92e92db32,0.74,True
d63742f373bc,0.74,True
845f166209ef,0.739,True
62348316e969,0.739,True
555e992360e6,0.739,True
1087f5953814,0.739,True
bc5a01a59619,0.739,True
4cdae4a3b1da,0.739,True
befb84fb8404,0.739,True
0d59ba5ef53c,0.739,True
7dd0d5914bd0,0.739,True
0d313adf87c4,0.738,True
930036feab97,0.738,True
713d49268536,0.738,True
a6deded8a091,0.738,True
fa8cb9401d81,0.738,True
91f99f366876,0.737,True
5d4130f24274,0.737,True
b9ce95ef3811,0.737,True
cf354abc38e0,0.737,True
8ffce1b5766f,0.737,True
db18c951200a,0.735,True
0002ccc8623e,0.735,True
7a437f84d526,0.735,True
647a8ce11e42,0.735,True
34dc58b0735c,0.735,True
73ea3a9c9e8d,0.735,True
6ecb52bb4411,0.735,True
b1b07ecdddb4,0.735,True
7b664a2c78b7,0.734,True
277de62feaf8,0.734,True
0a3ff7775fef,0.733,True
18ab34d2d74f,0.733,True
60f7cc295040,0.732,True
d3c8f7eade2d,0.732,True
d7c937fe3975,0.732,True
02af4f98d924,0.732,True
e3fa52a551eb,0.732,True
b11c80696863,0.732,True
917e69b09b5d,0.732,True
c2814a818819,0.732,True
471cb1a91b91,0.732,True
87124bfc50fc,0.732,True
b4d6c0a794c4,0.732,True
f8ed2e0ccd97,0.732,True
5421a26605a7,0.732,True
bfa46fb47257,0.731,True
a10f9585f36e,0.731,True
4f44d5e129a1,0.731,True
f7f597ff047d,0.731,True
e58bbcc17540,0.73,True
09d537685e22,0.73,True
05e69159178b,0.73,True
802d5a4ec449,0.73,True
45349b37b91c,0.73,True
79134d57979e,0.73,True
f1e8a4132ea0,0.729,True
a09698ecc5ec,0.729,True
418ed46eb94e,0.729,True
77a42f5b0551,0.729,True
316b194886ce,0.729,True
2cab5b5221b1,0.729,True
cd4ae33a464d,0.729,True
ce2ed541677f,0.729,True
ddd93d308482,0.729,True
a6a1f934bb04,0.729,True
a804cee83b60,0.729,True
52a5e1297738,0.729,True
4f4bc9aa5a15,0.729,True
b52a57ba6774,0.729,True
2ab05785d226,0.729,True
1a5fcc76f6b9,0.729,True
bbd3608decf1,0.729,True
4e0194b19bfc,0.728,True
c0bb99c88e55,0.728,True
22505c7a21d1,0.728,True
07581af39286,0.727,True
af37cf0c3858,0.727,True
150997fdc635,0.727,True
af30ad98a3cc,0.727,True
ab933d0e379c,0.727,True
4bc96b213999,0.727,True
147632f24a54,0.727,True
613b76785e69,0.726,True
05eefb79edcf,0.726,True
6ee8500bcc75,0.726,True
50dc1ab119bf,0.726,True
962a579e1fb2,0.726,True
f98c28e27f4b,0.725,True
112bdacc3216,0.725,True
1d3927501c7f,0.725,True
5909d866e55b,0.725,True
8546df46404c,0.725,True
97746ab81ecd,0.725,True
b64da55c6d88,0.724,True
2204c6891fd9,0.724,True
e4dc7293abbf,0.724,True
9b3b9141980f,0.724,True
e8447c925518,0.724,True
f3f6dce3b32e,0.724,True
03980ce7334a,0.724,True
6479f31f59b0,0.723,True
82e2938ad295,0.723,True
5b14f5e8a458,0.723,True
e0237e6c4410,0.723,True
04ddfbeb31a0,0.722,True
e7128fedf4c2,0.722,True
88cadb7e89a1,0.721,True
b3c86cbac59a,0.721,True
bf0f76cfdd02,0.721,True
48a7f45f9a55,0.721,True
7818792912e5,0.721,True
5b8d65072317,0.721,True
b6f2f8f36ce4,0.721,True
18c6c13d8d1b,0.721,True
aa71c1cb91c9,0.721,True
77e9f5122650,0.721,True
1d5a5efdef00,0.721,True
44e1c222c383,0.721,True
51099921cec5,0.721,True
a006b4132e15,0.721,True
39dbeb86c5a9,0.721,True
eeea578a396a,0.721,True
549942950a07,0.721,True
250113dcbaaa,0.72,True
9fb281a72a5a,0.72,True
46c65970aea0,0.72,True
9b210c719342,0.72,True
c55ab473f46e,0.72,True
abe5261b9b57,0.72,True
5533daa49fcd,0.72,True
cde51cec5dc7,0.719,True
771ea4fb5ce2,0.719,True
c2c1c4f8b143,0.719,True
0cfa741ff564,0.719,True
277cfea00f89,0.719,True
d2982de2e35e,0.719,True
7f7b990f8d49,0.719,True
c371462a5e4e,0.718,True
f6b8d6fa6be3,0.718,True
b2e4f108b479,0.718,True
fcc744bff1e5,0.717,True
1bbf911dbf76,0.717,True
c3c1196550b3,0.717,True
15078639f78c,0.717,True
e0477e0faf1c,0.717,True
5cf85dc640bf,0.717,True
4f88ba31ce0f,0.716,True
d2d7e7d95a76,0.716,True
bea4bbd7fa4f,0.716,True
c05aa536ae13,0.716,True
f4e5eb58cae4,0.716,True
ffe68a86a3a0,0.716,True
cfe8212534ba,0.716,True
24b1cc8826fe,0.715,True
a206f9efe530,0.715,True
de9363e3c50c,0.715,True
7b0190dc27b1,0.715,True
f3becf438768,0.715,True
a8a10edc8383,0.715,True
ffb8a775edc1,0.715,True
6f02f36ae44a,0.714,True
a3fe5f5febab,0.714,True
a10531e9bc9f,0.714,True
a60efb47c081,0.714,True
3c95278b9fb7,0.714,True
6ba05a451582,0.714,True
beef25ef494f,0.714,True
238ea66e8603,0.714,True
f7036467a88f,0.714,True
237aca41c418,0.713,True
b1ff425445da,0.713,True
b9e9ddfe6326,0.713,True
4d49bd124780,0.712,True
4ec53a365696,0.712,True
c73696539989,0.712,True
e04257e2d645,0.712,True
0c9858274204,0.712,True
9ffb18dbd40f,0.712,True
6e1e21f9fb7f,0.712,True
f796cc1fc4f2,0.712,True
65ba55c9101e,0.712,True
798e3e152bc1,0.712,True
138cecdecd3a,0.712,True
e8f136f855f7,0.712,True
8efa22681400,0.712,True
7b782ff7fa5d,0.711,True
4fe58f0290b3,0.711,True
4d8a1923b19c,0.711,True
e0006b974579,0.711,True
74ec2b4754e9,0.711,True
0ecff66192c4,0.71,True
19f2c780789d,0.71,True
f57bf732b0d9,0.71,True
e62bab7ba629,0.709,True
b3fdcb5c1fb9,0.709,True
0df2a51504a5,0.709,True
2630472e7a7e,0.709,True
03e32a197b59,0.709,True
dfbb74ad2233,0.709,True
33d17f333e72,0.709,True
66a729048b2f,0.709,True
2c8dd28174cc,0.708,True
f642a44b035a,0.708,True
236544dc6746,0.708,True
77a724d1f7f2,0.708,True
e4e03064dbba,0.708,True
46f50539424b,0.708,True
66c812588f45,0.708,True
68c57e2781e8,0.708,True
fe3b144c3f4c,0.708,True
2f2e5a590848,0.707,True
3e5024257b0b,0.707,True
f2544d554723,0.707,True
b8e7f3119959,0.707,True
e19a92e83456,0.707,True
dfe1c93c0aa6,0.707,True
4f97815cdd37,0.706,True
0efbf1b2d249,0.705,True
1a1d06547d8f,0.705,True
3ce7343654fe,0.705,True
383ec8692f9a,0.705,True
44be01281380,0.704,True
b516a0c04772,0.704,True
5e30b2a540a7,0.704,True
52cad55545d6,0.704,True
e1ff0447abb7,0.704,True
67e9f26761b1,0.704,True
f9da3d617812,0.704,True
5a56b63dd55e,0.704,True
90b7f7b4ce84,0.704,True
01d5982cc7d3,0.704,True
ea806b742e2a,0.704,True
177a2737ea8e,0.703,True
dea2aab48e87,0.703,True
1987dea9c646,0.703,True
91801401c23d,0.703,True
562e0e704140,0.703,True
09d9bbf92c3c,0.703,True
acdccc17eee9,0.702,True
653fae9041b1,0.702,True
9bab59f98a08,0.702,True
e64a715444a6,0.702,True
4d09a55d65bc,0.702,True
39adfd944c51,0.701,True
3f4908a7ec25,0.701,True
35b7a2451253,0.701,True
d3bcacced06b,0.701,True
e8796af02d51,0.701,True
eb393c1fcda8,0.701,True
2a0aaf7691e9,0.7,True
d68175e44742,0.7,True
81bee99c1006,0.7,True
e2a66445d4c4,0.7,True
a767c0920e0f,0.7,True
f3a59abec6b4,0.7,True
32f3df2164b4,0.7,True
3c21088cc5fe,0.7,True
15dbd81f35da,0.7,True
132ef58a7dc0,0.7,True
faee0fab99b4,0.7,True
78b289665ac7,0.7,True
63c884a006fd,0.7,True
1ac37c783c4f,0.7,True
0049d896fb65,0.7,True
6b4a2f614288,0.7,True
2dccd5cb72ef,0.7,True
152145cb9c23,0.7,True
707bf277cce8,0.7,True
d60021d5ebdd,0.7,True
2486991bb281,0.7,True
3d24a8637ab9,0.7,True
cca784631c3b,0.7,True
db7b3681dc47,0.7,True
bcbe13a5d037,0.7,True
861b7334f88c,0.7,True
008c7c2ac43f,0.7,True
a65fd52f4e86,0.7,True
c89d18279fe3,0.7,True
6c7f1d34293c,0.7,True
ae5861f4dcca,0.7,True
a5000b978f2c,0.7,True
09e65ad1016d,0.7,True
aaaed45b7d3c,0.7,True
4a5078423028,0.7,True
35fe09848f61,0.7,True
cb2a7af5679c,0.7,True
42bf3ed98050,0.7,True
74bcedeb66e0,0.7,True
0312d3138d55,0.7,True
9a9035331b1c,0.7,True
feadd4346716,0.7,True
990037fd1551,0.7,True
16561d72209a,0.7,True
bef1f1e5bd79,0.7,True
ecfd4cdc4e99,0.7,True
fe82ba05dcf0,0.7,True
8073f6182dde,0.7,True
405290466d72,0.7,True
ef23fde25efe,0.7,True
07acfb1d149d,0.7,True
62692ad8fd25,0.7,True
4003e8470cab,0.7,True
19918c30589f,0.7,True
40ad6f914aeb,0.7,True
c04c959d1011,0.7,True
8a38cea9f274,0.7,True
35d3b99adbe3,0.7,True
40cb5b681ec2,0.7,True
c8a0a742f0c2,0.7,True
e48d5257e6a5,0.7,True
e8ddf975c305,0.7,True
23d3dffaf251,0.7,True
f0372413a164,0.7,True
7ae0ab136765,0.7,True
e35323af681d,0.7,True
b14a2a777559,0.7,True
cd14cc48f4ae,0.7,True
aef0ca1c1ae0,0.7,True
8881ff7a935b,0.7,True
f7c5c6cf9d46,0.7,True
a00114fb8aa3,0.7,True
158044093881,0.7,True
8909ba3afe20,0.7,True
415c6e1b6cff,0.7,True
83ed100b3223,0.7,True
bad417df6cbe,0.7,True
2b7dd978b00e,0.7,True
9c8056395f9d,0.7,True
1d9810b626f5,0.7,True
0615321012bf,0.7,True
cf77d9c5ff88,0.7,True
4bba5e8ebf20,0.7,True
031635c5a45c,0.7,True
221c9adef966,0.7,True
0ad327b65fb4,0.7,True
5a2050c48f3d,0.7,True
bd934db3d9ba,0.7,True
a5c0e3c6a7b3,0.7,True
3d37b539c86c,0.7,True
0cd4d6247b5b,0.7,True
85ecadc4c978,0.7,True
94a127bf50df,0.7,True
aa1639ae5460,0.7,True
720bf62333dc,0.7,True
9fe5ef7d6b25,0.7,True
a9b0233a718b,0.7,True
0b0bf5d64952,0.7,True
22766825105d,0.7,True
8b4f3451df12,0.7,True
d8f3bc875669,0.7,True
3ec08b2a3105,0.7,True
c4a5c9ac4924,0.7,True
6944de99f58d,0.7,True
fe9a49336885,0.7,True
e2f30e4f6f5a,0.7,True
2beeaf3eb291,0.7,True
60679288d568,0.7,True
ebef119df755,0.7,True
3833765a740c,0.7,True
b9edb7d6e705,0.7,True
304f89b50c79,0.7,True
796b630c8a63,0.7,True
ce6a85f1f257,0.7,True
0b41ab69eeb1,0.7,True
57c2ee3c85b4,0.7,True
03dcb2b2acd5,0.7,True
af90b273b4e8,0.7,True
919a6e3d3b7e,0.7,True
0fea7175de3e,0.7,True
ac45a78bf0bb,0.7,True
6d09788b7e52,0.7,True
3de069a394fa,0.7,True
e10ee27b0c56,0.7,True
4d3f6f5b41cf,0.7,True
c4b2e3a59528,0.7,True
51a01ba9a610,0.7,True
d985d19d1d11,0.7,True
869ecd083a4b,0.7,True
5b5f47666126,0.7,True
db13dee16875,0.7,True
3b94e0ab33fe,0.7,True
b189714aed8f,0.7,True
db18c775f546,0.7,True
44facce78306,0.7,True
bf76ce27e5ce,0.7,True
48b5665347c6,0.7,True
e14fa23cb2a0,0.7,True
5124aabfe454,0.7,True
387d830ef8d6,0.7,True
4661945c079f,0.7,True
3e80fedf99fc,0.7,True
0dbbc438815c,0.7,True
c5f03ca5cea1,0.7,True
1f0e516975c1,0.7,True
55a19ba78312,0.7,True
154a87e5c702,0.7,True
cbf14ed95341,0.7,True
cbe9eb22ab5e,0.7,True
8963ada9d3fc,0.7,True
8961ea2f429a,0.7,True
a74911f48f43,0.7,True
8526dd317bb5,0.7,True
053ce72b24d4,0.7,True
fb695fc8a1fc,0.7,True
1efde43403f2,0.699,True
e7075d82cb1a,0.699,True
aa6aa2240ba0,0.699,True
a02e9530dc7e,0.698,True
5b4a7635c5db,0.698,True
96b9d333db0f,0.698,True
866a19168cc6,0.698,True
58dcaceacc9a,0.698,True
5ec02d244413,0.698,True
b6e7bbf4089b,0.698,True
3ef7f3412d95,0.698,True
732227a552a0,0.698,True
db9eb8faa5ab,0.698,True
30e22d723b3c,0.698,True
c88e87f4a295,0.698,True
c9c1d3ee808d,0.698,True
0a375ae2b9e4,0.698,True
651aa9a17ccc,0.698,True
37729cd17580,0.698,True
d4b5da8ee731,0.698,True
3fb89486c9f5,0.698,True
86c4c368e72b,0.698,True
c83ae0e9c8c0,0.698,True
dcae38836183,0.698,True
6a263ce187dd,0.698,True
4b78fd517820,0.698,True
ad9672128a03,0.698,True
26cddb3f122c,0.698,True
13b0a6406ca3,0.698,True
3ba89b898658,0.698,True
666f578348fc,0.698,True
a518286fbcf8,0.698,True
1c8d1f9c4a33,0.697,True
1e2c00e92cb3,0.697,True
658188bd8e73,0.697,True
8c27e61fff82,0.697,True
64839b9f04c2,0.697,True
b250ab81f0cd,0.697,True
42bd47306a15,0.697,True
b24e5507641a,0.697,True
d669e8b26956,0.697,True
1644e5c4a4ac,0.696,True
786f3f8a43d2,0.696,True
f22a1d4f9899,0.696,True
3deb01d59877,0.696,True
6d29ecb66b47,0.696,True
4984af2a2649,0.696,True
6fab6fe87949,0.696,True
da9b758b0d5b,0.696,True
009a42977257,0.695,True
c9f2e7b8325c,0.695,True
5a72343bf132,0.695,True
5c4261ce6032,0.695,True
4788cf94cb39,0.695,True
2c7018ccea84,0.695,True
dc3829e0b6f1,0.694,True
795c7c3fe26e,0.694,True
977ed3bb72c4,0.694,True
e9aa88c469ed,0.694,True
3ee331334b2f,0.694,True
82f1a722783a,0.694,True
35872014ad26,0.694,True
ac8308707a1b,0.693,True
ced0ac0b90d0,0.693,True
064db4f9bbb7,0.693,True
f12fc385dc51,0.693,True
6a0d2a662876,0.693,True
bc5713878ab5,0.693,True
ee6ec161c4d2,0.693,True
7b38abb42d72,0.693,True
2184a50f5d87,0.693,True
4095440abaea,0.693,True
99104bc0be6e,0.693,True
54dc7cda163e,0.693,True
a79b9981a4a7,0.692,True
d817d0eb489d,0.692,True
218830b65763,0.692,True
64a8b3a65e41,0.692,True
b7e244f8cdf9,0.692,True
30eef4b5aae2,0.692,True
2b51316aea55,0.692,True
fd612f3e9791,0.692,True
365203b45844,0.692,True
302a78f89d12,0.692,True
633d1a9c4078,0.692,True
c360b178c91f,0.692,True
1cfd37998493,0.692,True
4d2b3f46a8ec,0.692,True
9c6bd3621a37,0.692,True
e84551a44308,0.692,True
340c4e33aba5,0.692,True
ad57b1353eb6,0.692,True
a1682fb248e7,0.692,True
32a8c4bc7b50,0.692,True
4c70f47ac861,0.692,True
7297940dd62b,0.692,True
d18bd5a4f333,0.692,True
8469f019864d,0.692,True
7c310425f848,0.692,True
cac78c60391e,0.692,True
d9a2169cdfbc,0.692,True
179131c40b38,0.692,True
d3e95a5ba7d6,0.692,True
17f5cb58dd34,0.692,True
c80a8f176682,0.692,True
c9a0a3058811,0.692,True
4db623b279b3,0.691,True
96e811bc9a14,0.691,True
d88c8057dd5b,0.691,True
845c434d1738,0.691,True
dbd63e5fd734,0.691,True
b3f16d0f7248,0.691,True
b6bb33f5a766,0.69,True
c5c68c48918f,0.69,True
815b76cbaac6,0.69,True
f897fab77583,0.69,True
16639b2b883c,0.69,True
5901f522b33e,0.69,True
33a8fb92c9d4,0.689,True
48d019af7301,0.689,True
7f3b4ece093b,0.689,True
fec23c82b09c,0.689,True
07ee480e478b,0.689,True
1229997e1c3e,0.689,True
b07f1ad2756c,0.689,True
0bf0ef5082e9,0.689,True
3d5bbea39e28,0.689,True
afd3f20164e9,0.689,True
cfccc2c93a3b,0.689,True
09f01209d3f6,0.689,True
c45e8c3e7157,0.688,True
2c8c3dd550cc,0.688,True
a9e7c86f4fe2,0.688,True
3be4f038f458,0.688,True
583046afaf75,0.688,True
fb14a5b98f95,0.687,True
3455860c56ae,0.687,True
21f58e6ddfaa,0.687,True
2fb006a2006b,0.687,True
b09809853329,0.687,True
644fef04f4b7,0.687,True
3d520695ba62,0.687,True
8ca97a01b36a,0.686,True
4f0285b877c2,0.686,True
8bf70c8c9541,0.686,True
1c4ed9ffd55a,0.686,True
a98b442ae376,0.685,True
5276f5f34885,0.685,True
1764ae18bd14,0.685,True
3eded2581cac,0.685,True
001da21092d1,0.685,True
9602d174f2a2,0.685,True
d33b16e4ea3a,0.685,True
90e908db488c,0.685,True
155cdb00356e,0.685,True
c62035c0c066,0.685,True
47b45612946d,0.685,True
befa06f3326d,0.685,True
6f6003872fbb,0.685,True
70b657625f8f,0.685,True
74df69757357,0.685,True
2a3ebc916a80,0.685,True
984a345f9213,0.685,True
37361fba5c32,0.685,True
96d82f4a0e41,0.685,True
0fcec3bdba2c,0.685,True
62267173e786,0.685,True
478be0cf16cb,0.685,True
448defd3d855,0.685,True
d3b526826df8,0.684,True
f5e46dee5ba0,0.684,True
914ae4ce2bf8,0.684,True
944d2394219e,0.684,True
06af8d7578e1,0.684,True
4d17c613ec95,0.684,True
836c5a8a8a46,0.684,True
73de09730ed4,0.684,True
8e92fd2e2b53,0.684,True
ff9ebe840592,0.684,True
0462f68ee134,0.684,True
936ee0cb6643,0.684,True
d9dc8f517f1c,0.684,True
a473aa586a8f,0.684,True
d6da63913b41,0.684,True
854107a88769,0.684,True
019407af2946,0.683,True
d8439939b5fc,0.683,True
567a159f64c9,0.683,True
1d7fb9c9029e,0.683,True
bf9fafa19a7f,0.683,True
753cfc5ceca8,0.683,True
525d21610d76,0.683,True
a60b6ea78177,0.683,True
5207969a9ffe,0.683,True
cc87de4e6a5e,0.683,True
d2353ec70161,0.683,True
14bfd7a1e291,0.683,True
587012d55b13,0.683,True
bb06b4f2325d,0.683,True
09a8f1d7ea17,0.682,True
be11826ff77b,0.682,True
795b3470a550,0.682,True
7b51676849b1,0.682,True
8976428f83d2,0.682,True
26431290c5fe,0.682,True
69a73a86157a,0.682,True
fe29d57a4d9e,0.682,True
47e9a3a9f88a,0.682,True
3b0e4b316971,0.682,True
e01dbd981327,0.682,True
ec8875bec26d,0.682,True
8e3853eccce3,0.682,True
925398926384,0.682,True
8bb2821d56ff,0.682,True
d8e9d975a1d4,0.682,True
dbe65effc7c6,0.681,True
8a908559c47e,0.681,True
52f2cc666cdc,0.681,True
77df5fd6348e,0.681,True
795456c83db3,0.681,True
d04c34a04f91,0.681,True
8102059fc9a1,0.681,True
2fcc3aa90ddf,0.681,True
ed6ecb6c5571,0.681,True
a033d2cb7afa,0.681,True
37003fac0ba0,0.681,True
ef549b4d21fd,0.681,True
13aecf972211,0.681,True
32a0eaf4bcc3,0.681,True
4c4b99319e64,0.68,True
c31deeaaa94a,0.68,True
e006322fe17e,0.68,True
6019b3a99aa2,0.68,True
2f8058288aab,0.68,True
096b21843a34,0.68,True
bdb8db0b40ae,0.68,True
2e75738beda6,0.68,True
d4d6af079b0b,0.68,True
c22ae5e1592d,0.68,True
19991144ce95,0.68,True
b458f3592cdd,0.68,True
261cf9073533,0.679,True
2f20bc4ce81c,0.679,True
b98c1c38f8e7,0.679,True
84560214ec16,0.679,True
9f24828f76af,0.679,True
73362d4f1e47,0.679,True
5667be0d6a18,0.678,True
298908a73ac6,0.678,True
878ef8945233,0.678,True
75d958d13dbc,0.678,True
0ebbc8ad937c,0.678,True
fd702242ae7a,0.678,True
e66bdbf149cb,0.678,True
aa10eb4cd1e2,0.678,True
bbd637a9ad3c,0.678,True
83a3b38ad15d,0.678,True
9cf38a469bdb,0.678,True
b41a789acd8e,0.678,True
392df4007f93,0.678,True
0484c3c106ed,0.678,True
4bae2d07ec8b,0.677,True
83b2783c8bfc,0.677,True
38b942abb5f0,0.677,True
5b6c9f9d418e,0.677,True
527b7a8fe2f8,0.677,True
57e2981144c2,0.677,True
fa727c07d744,0.677,True
bcf63d015b2a,0.677,True
19346d302f7b,0.677,True
5819dd6e0c9c,0.677,True
47f291ef4027,0.677,True
54305be1a550,0.677,True
ab42402df2a7,0.677,True
2742dc11542d,0.677,True
809d4ba50b53,0.677,True
03cd4688002b,0.677,True
3fd43a4ead2e,0.677,True
95c244ce337e,0.676,True
af4f69a2b7ee,0.676,True
6511b70910b6,0.676,True
3d5ac0d8104d,0.676,True
69bc65b40554,0.676,True
166605bc3d59,0.676,True
2852a464c714,0.676,True
40aa0fa882b4,0.676,True
cc91ac386d2a,0.676,True
8e246737139e,0.676,True
5f817b6cb4d3,0.676,True
19a41c21ace0,0.675,True
61e262eabb6c,0.675,True
5cc25cb1dd29,0.675,True
e054e01fa841,0.675,True
3305fce6b2e3,0.675,True
011901e56c65,0.675,True
a4f07a59b6c1,0.675,True
a2de0580083b,0.675,True
daf5736100e1,0.675,True
1d22dc6c9409,0.675,True
045e89a698a5,0.675,True
a6a7433c8147,0.675,True
2618a4020547,0.675,True
8a9e3ccf011d,0.675,True
a7ed18d5fd70,0.675,True
9fdaf0283535,0.675,True
159b5c96d95a,0.675,True
320ef77aace3,0.675,True
45da0af1f7e2,0.675,True
3cda5d07bc21,0.675,True
a25bbb3741c7,0.675,True
0d389a22807e,0.675,True
43f992d66c20,0.675,True
a678c0091984,0.674,True
da4acf7810b2,0.674,True
cd91b60459b6,0.674,True
cd46e5d27d9e,0.674,True
3e2e282da5d8,0.674,True
3854e7f695aa,0.674,True
c555163ed853,0.674,True
df4a4f26dcd7,0.674,True
fc56cacc5ab5,0.673,True
1adf5685d693,0.673,True
c4410875cc2c,0.673,True
bf1a609ad952,0.673,True
b370d94688a0,0.673,True
5f763e6f79ff,0.673,True
500733f91ec0,0.673,True
e2e4dd649373,0.673,True
f9df815a8551,0.673,True
fdf8f29076b3,0.673,True
4d4727590d8b,0.673,True
732ac684f104,0.673,True
6821dd961d5b,0.673,True
0141f9aa555e,0.673,True
af4dd5287cb3,0.673,True
a50ea01e65de,0.673,True
ddfda42393e6,0.673,True
b173cea1b4b0,0.673,True
fada7cd99adc,0.673,True
f2702b887c95,0.673,True
21c52f91a720,0.673,True
57acc3447eaa,0.673,True
3d646fd258c7,0.673,True
ac0f34619382,0.673,True
71352d53accd,0.673,True
ebdea6272307,0.673,True
be58c006767c,0.673,True
ca5c74c2da4d,0.673,True
918e062c630c,0.673,True
e8dcd9c74778,0.672,True
765940c7b43f,0.672,True
ef079882220f,0.672,True
0ae6c724b42b,0.672,True
e3547210ce6c,0.672,True
660294fa2d58,0.672,True
559ae719e5a2,0.672,True
bdfb70d2a85c,0.672,True
6395142ec13a,0.672,True
f6761099c8d0,0.672,True
dcc3307d6222,0.672,True
4fad32121e2a,0.672,True
7f9a3e661ac1,0.672,True
0b26ca2697aa,0.672,True
b15712455b96,0.671,True
56ea7ece04f2,0.671,True
7b14c6665364,0.671,True
4375ba3780ca,0.671,True
664befd1f131,0.671,True
849d1687bea5,0.671,True
bca29d9908a8,0.671,True
610344e376af,0.671,True
9972ce89a80d,0.671,True
356d5cfbebd9,0.671,True
bca7f6454680,0.671,True
7108eddfdde9,0.671,True
491e048fa789,0.671,True
c0553c01bf4f,0.671,True
e21e24cfec4c,0.671,True
c5044a97b70d,0.671,True
44b661d12648,0.671,True
b18d7bd1452a,0.671,True
c0a9f2c73f04,0.671,True
2d9933c6a726,0.671,True
90e668c3c7a9,0.671,True
9836f91881bb,0.671,True
4780cec1a80b,0.671,True
36df84863978,0.671,True
a30cb2de523b,0.671,True
b8989fd8dfdb,0.671,True
0d6048e82463,0.671,True
2135417dbb45,0.671,True
57bbb019d5bd,0.671,True
62c20501f76b,0.671,True
4d42159e05ba,0.671,True
7654853b190f,0.671,True
6dced6dfb2a5,0.671,True
48553fbc78c1,0.671,True
c403a9e620e1,0.671,True
c06ceec85a5a,0.671,True
fc76b05c8c20,0.671,True
f126fc8ec243,0.671,True
a6c17a400d41,0.671,True
eec42e45f2e1,0.671,True
f7bbfaa21d27,0.671,True
258d73e5e7c9,0.671,True
ca24f227b961,0.671,True
83b4e78869f5,0.671,True
a5e0b7580a34,0.671,True
0440195aaf9b,0.671,True
c7e7533e3bf9,0.671,True
d7c34681e864,0.671,True
463cbe23eede,0.671,True
fee75ea67d73,0.671,True
fef4918ca12f,0.671,True
7f3113ce7751,0.671,True
50d4a2dc4e54,0.671,True
a02f70fa14f6,0.671,True
4e203fc60f21,0.671,True
08e02809f552,0.671,True
b8d2e80a6d3e,0.671,True
bfca1d7e6dd2,0.67,True
2ff2e464eb2d,0.67,True
9613b33a2dba,0.67,True
18fb90cea1b9,0.67,True
d7c996f4dcfd,0.67,True
ac23d98029e5,0.67,True
a3f973d85078,0.67,True
a35d4b0c3800,0.67,True
f8f9c0b51ae9,0.67,True
f33c8c028fb8,0.67,True
284f451156f4,0.67,True
b0db07fba227,0.67,True
e37d9f4402a6,0.67,True
b86e2f320ab5,0.669,True
7212cc47bd7b,0.669,True
e82860358b0a,0.669,True
bc01538b814f,0.669,True
fc108d00b721,0.669,True
ea6c3312bb63,0.669,True
cab629570f5e,0.669,True
249f7bb28da8,0.669,True
d1341f5323de,0.669,True
9b36ff3037a2,0.669,True
b7b53eab2a0d,0.669,True
95e518877c78,0.669,True
9425fb7457d0,0.669,True
ec130b535bbf,0.669,True
edd498a0aec3,0.669,True
332b8b6a378d,0.669,True
81c19e52abbf,0.669,True
39a3c309fc05,0.669,True
003c27c61d28,0.669,True
b3ac68c55a7d,0.669,True
5a5bfeece28f,0.669,True
2b45c90d151a,0.669,True
580134f00abf,0.669,True
31883ab8edab,0.668,True
97e3bb5856a3,0.668,True
bb2f977ac7b6,0.668,True
6340546f2805,0.668,True
9fb87dc99d39,0.668,True
db0e396efc93,0.668,True
8e45f9ea13ec,0.668,True
fbcfc16b943d,0.668,True
0b90d5604684,0.668,True
4f37cc98f244,0.668,True
6cacc3878564,0.667,True
d9f8843edd5b,0.667,True
957253629ea1,0.667,True
75e23265ffda,0.667,True
9e4ea8e043a9,0.667,True
b218a5fe16fa,0.667,True
6f4ca534263c,0.667,True
6f2ef8d42700,0.667,True
569885f494c6,0.667,True
f781285f4c30,0.667,True
3fe934b13493,0.667,True
3580e8f7ff95,0.667,True
ed52d0bb786f,0.666,True
305f28060e67,0.666,True
995b859a2a79,0.666,True
e4226e9a5c33,0.666,True
757d65669a4e,0.666,True
4b1dbe5d2275,0.666,True
c96a53cd177a,0.666,True
7eab8b72b866,0.666,True
e2896d77ca16,0.665,True
7ab07533b1a3,0.665,True
bf6241d6ec76,0.665,True
fd0d3ca85e6b,0.665,True
5948da81b207,0.665,True
73ee8383433d,0.665,True
2314ff2b29f5,0.665,True
b801a763f7d1,0.665,True
c846448c7c75,0.665,True
66b031b65693,0.665,True
07ea860e9f0e,0.665,True
2fac4df23e26,0.665,True
c93b961aac1d,0.665,True
3caccca62f99,0.665,True
26353121f19f,0.664,True
145acc7422a1,0.664,True
0e73e9dd7df3,0.664,True
800326e08835,0.664,True
2dc7a797d908,0.664,True
2e394da0559e,0.664,True
23c3fc4c37cd,0.664,True
922a9df4ec7c,0.664,True
5f6c459c24cf,0.664,True
67788ffe6c9f,0.664,True
f4e562e32999,0.664,True
e253c17ffff2,0.664,True
1c75c10bead3,0.664,True
0c4cd80eabc0,0.664,True
9c46a6ac3067,0.664,True
ae30839d2549,0.663,True
12d267b9a077,0.663,True
78a8ab0df6c8,0.663,True
ffdc52f9bc75,0.663,True
426adf2422c1,0.663,True
09ce8fbd78fd,0.663,True
fcd4ece669a9,0.663,True
9dce837f4a1e,0.663,True
009683ce1321,0.663,True
97c6a00a66b7,0.663,True
81d6fb3ef4c1,0.663,True
12d42aa43b92,0.663,True
97762f2d0f82,0.663,True
a50f2d027487,0.663,True
89a85b723be6,0.663,True
4702a4a98c2d,0.662,True
77f0c287d849,0.662,True
56a6401a8ff8,0.662,True
189a554d4514,0.662,True
a745cae31111,0.662,True
9b3f9f0f6d21,0.662,True
f844b8934ccb,0.662,True
4a6cb4dd4ebe,0.662,True
54f62e27ef70,0.662,True
eb2c1ab803d9,0.662,True
69d31acf0c5f,0.662,True
302fb60d5419,0.662,True
fef9f38145b7,0.662,True
cf04e5814aa9,0.662,True
63a0ddc65a05,0.662,True
d7be31e1bc61,0.662,True
58e28e6284e2,0.662,True
6341a51020c5,0.662,True
3a3b59af18c7,0.662,True
21c15e6b5a43,0.662,True
3db196c8f71f,0.662,True
4726ee896252,0.662,True
8ce0059eb407,0.662,True
99a49fd581d3,0.662,True
24deb5305f7c,0.662,True
6df388ab9f5f,0.662,True
d4dc7168f28c,0.662,True
afd030d526fe,0.662,True
24784c387a53,0.662,True
ecdaa1283afd,0.662,True
59edd810e0a6,0.662,True
7eb42d8e7af1,0.662,True
20e4df0f1e66,0.662,True
e891635427b0,0.662,True
7ea47c0f2a0b,0.662,True
9e3f4b99bae6,0.662,True
763475260e83,0.662,True
762d75aeb8eb,0.662,True
719c81990c43,0.662,True
96c9c059af0a,0.662,True
d3796a6eb9b8,0.662,True
86ea4de3cd2e,0.662,True
234b0d713dc4,0.662,True
324bc9b35103,0.662,True
d7762c796cd3,0.662,True
30de927de443,0.662,True
93ca718c7b00,0.662,True
733d15970c8c,0.662,True
b0bbc79d2a37,0.662,True
8b3a719b12bb,0.662,True
063296a2aa05,0.662,True
ca645218e8f7,0.662,True
2e781bd3c702,0.662,True
c1d1d105d500,0.662,True
759b521a4032,0.662,True
927fc5aa9786,0.662,True
74f617d3d459,0.662,True
1edc172edfb7,0.662,True
47a353dd6694,0.662,True
a4b22ebdf53b,0.662,True
df65aa12b61b,0.662,True
e6f3fc54e959,0.662,True
4d77bb3ae2eb,0.662,True
a922c3a12466,0.662,True
88d56ada678b,0.662,True
f86cabec2077,0.662,True
4f5e01c3cbfe,0.662,True
a4aaf68cf5e4,0.662,True
9d705a36d84a,0.662,True
c8f3ab662841,0.662,True
5cc8846ec9a9,0.662,True
44b81f59e27b,0.662,True
d0e166e6c1f4,0.662,True
710fc521dd3f,0.662,True
433f188026e0,0.662,True
69001b973aa5,0.662,True
fe13b8bceb01,0.662,True
e74fc37c05d1,0.662,True
497e27b6b6fc,0.662,True
81145f1eaece,0.662,True
b90cd1b4150b,0.662,True
c5d8af82493e,0.662,True
4887174a6c5c,0.661,True
5b41bb67b66f,0.661,True
caeee946ba1b,0.661,True
fb14a6dd5cb4,0.661,True
9314cb86bb2e,0.661,True
a1c24a9d955a,0.661,True
fcf028b7e441,0.661,True
22677a8e89cf,0.661,True
fefc5f08bda9,0.661,True
0949e28ca1ed,0.661,True
0fe7cc141a69,0.66,True
a8c2389a8185,0.66,True
2a950c1a92df,0.66,True
f36d9476ca28,0.66,True
6b00d7740ffe,0.66,True
97e66fe4ae6e,0.66,True
9f1baa2740a8,0.66,True
b81c62dfce15,0.66,True
b2564319e718,0.66,True
71cbcd0fed73,0.66,True
557ac8335fbe,0.66,True
42c818b26eeb,0.659,True
5d33df90c899,0.659,True
d6845ad0fdff,0.659,True
0bbaf6d370af,0.659,True
afc58dfc4612,0.659,True
86c40b10080f,0.659,True
3405b5eda2db,0.659,True
b54a6fa005d3,0.659,True
103834c5e752,0.659,True
2a82f9ed93d1,0.658,True
9c9df6dfd736,0.658,True
ce5ac435be7a,0.658,True
4123b1c77b40,0.658,True
db0875d453df,0.658,True
7087c91dfd41,0.658,True
6df09dacb1cc,0.658,True
23247d386bbe,0.657,True
dccaec497d3d,0.657,True
abd0837742c3,0.657,True
9ffb298d1b87,0.657,True
92c865dba3d4,0.657,True
344f4420a37f,0.657,True
ae8e8dc0b50b,0.657,True
a0af054ec0fb,0.657,True
ef4a785767eb,0.657,True
fe757e2beef7,0.657,True
d34ec6255201,0.656,True
19369a50b4fb,0.656,True
9ec090f4a19d,0.656,True
458c5e4e3ac2,0.656,True
70476f72b2e4,0.656,True
85d438ee7001,0.656,True
06e21747e99f,0.656,True
fd2559a36bdd,0.656,True
03e707022679,0.656,True
e6a423fe8fb1,0.655,True
67aadc6d4989,0.655,True
358950a9f115,0.655,True
a76428a105ad,0.655,True
64dacbf8d471,0.655,True
af75e2b00d8d,0.655,True
8abe744eb254,0.655,True
21399e25e952,0.655,True
5e21f3773f1e,0.655,True
2811711a4bc5,0.655,True
dcf7baa23530,0.654,True
cd11e92562ae,0.654,True
4c971fd18b01,0.654,True
597348e00cf7,0.654,True
19e8f569d0fc,0.654,True
5f221c2a51a7,0.654,True
c9dbee592e1c,0.654,True
6ad89daf201c,0.654,True
23ea3ba9c0d0,0.654,True
1630de2f7d63,0.654,True
ddbd951f3b6b,0.654,True
4956f0223012,0.654,True
e164ea14e56d,0.654,True
6e51ac9616dc,0.654,True
9388474ec72c,0.653,True
c614a65ad816,0.653,True
d74aaab28f9a,0.653,True
04fd934e3363,0.653,True
18b0155c6ef7,0.653,True
f47bedab0bb4,0.653,True
680a6beef9d3,0.653,True
73082a161229,0.653,True
90943a85fea8,0.653,True
7012424cd939,0.653,True
23f802bfada6,0.653,True
b522336dc30f,0.653,True
74be10bb3ce5,0.653,True
6e881c7be337,0.653,True
f8ff0bf69b4c,0.653,True
fd4d972a3230,0.653,True
780cb753474d,0.653,True
068ae86b94a7,0.653,True
be0e02854238,0.653,True
8ca21b891d93,0.653,True
861b61195639,0.653,True
39cdd333dcf3,0.653,True
dde6d5abc00e,0.653,True
d3e13c50dd70,0.653,True
0e6c85e985d7,0.653,True
2cfb864c73b3,0.653,True
197517452569,0.653,True
2c7fadf26c83,0.653,True
da5f53237f0d,0.653,True
ed8b2744bfa6,0.652,True
81befe1d6208,0.652,True
f9aac3780fe2,0.652,True
e05160c95435,0.652,True
d14d09f08179,0.652,True
af33b54b20c9,0.652,True
bd61f68e8e70,0.652,True
d00453e77433,0.652,True
fb0171abfc3a,0.652,True
d404cf5b3da2,0.652,True
4ae3c4638f9e,0.652,True
1214b7a13cda,0.652,True
96f5a6c5a36d,0.652,True
a34eb4ef78b1,0.652,True
072cde06aaf8,0.652,True
36ac583fa430,0.652,True
8749a5cedc91,0.652,True
2b80197cd8a4,0.652,True
b5ab9b79a4e9,0.652,True
498d34a494b7,0.652,True
2de2ca1690c9,0.652,True
529bf2a2226a,0.652,True
edf96d21769f,0.652,True
4edd8bf40abb,0.652,True
67ab836d44de,0.652,True
7783358a37b7,0.652,True
440a1b115c39,0.652,True
2823d7b51330,0.652,True
a92b2cd29ad1,0.652,True
0b950bdfb13d,0.652,True
afc46532c46b,0.652,True
0b464689c98a,0.652,True
f2df4d64c2c0,0.652,True
d5e1c9b743de,0.651,True
8a0932511e6e,0.651,True
6109d2975796,0.651,True
673fa5be2063,0.651,True
477693679bc1,0.651,True
312cfa51dca7,0.651,True
35c538a7dc27,0.651,True
a9c81215d8f1,0.651,True
7944fa72e0aa,0.651,True
020b5a33cbc6,0.651,True
97c7958c5a55,0.651,True
5eeeae41e678,0.651,True
103d733b8147,0.651,True
c892183527c7,0.651,True
f2c2a03ce748,0.651,True
2cf4aa3b53bc,0.651,True
4adb5fd0f5be,0.651,True
8b9d28a66583,0.651,True
8e2fe6dbbfb9,0.65,True
61cb0fc4e47e,0.65,True
e328cf6f3655,0.65,True
651e56c13d06,0.65,True
468599eb992a,0.65,True
6fd07c9d968a,0.65,True
1b80c5239470,0.65,True
2cf1eaecf527,0.65,True
adc4d320ee74,0.65,True
cc0f12817ec7,0.65,True
51fd568caf9b,0.65,True
8bcee95d9d6c,0.65,True
8bd548b7ccce,0.65,True
ef0972abf277,0.65,True
fe547e9e3d73,0.65,True
95bdff1c7f49,0.65,True
0ed5a5aae814,0.65,True
06e6ff175c8d,0.65,True
8071e1af6d71,0.65,True
7c1d46547c45,0.65,True
cb21d2e058e0,0.65,True
596d777a77c8,0.649,True
1797b87d7bca,0.649,True
c186af30a000,0.649,True
01bf3d4cbac9,0.649,True
63a4c8b83a5e,0.649,True
6288935bf4e4,0.649,True
7b2717e850bc,0.649,True
55c1dc7e5652,0.649,True
64314fc01e77,0.649,True
c933adb3dac9,0.649,True
6d49558f1cbe,0.648,True
25bd6fbfebcf,0.648,True
dcd41e91685f,0.648,True
8958d9f26193,0.648,True
c86ec58d06d4,0.648,True
91bab6ea4ec3,0.648,True
a1620c18ed99,0.648,True
2de677f2d9d8,0.648,True
6cc0b7232904,0.648,True
bd45d44f8083,0.648,True
3d0a1a35fd22,0.647,True
43476e4c643e,0.647,True
3c43061a0301,0.647,True
1dd15bf718ff,0.647,True
1102ab11c2ea,0.647,True
fe5486b6018f,0.647,True
e20096777bd2,0.647,True
937f1ab3454b,0.647,True
98f6c3f9daf9,0.647,True
f2ebcf752842,0.647,True
c920338d3b74,0.647,True
89bd78547082,0.646,True
0a5ebfd32a30,0.646,True
4290d199f012,0.646,True
4ecb7d00dfec,0.646,True
4a7975863c68,0.646,True
b88e21ba45f8,0.646,True
781a9cbfc5a2,0.646,True
b8a17567e470,0.646,True
98dc2ecd59bb,0.646,True
0cca98fee8d0,0.646,True
5822e7f29041,0.646,True
c481c0994a60,0.646,True
71d08cae9a56,0.645,True
2dacf3144f53,0.645,True
9b305bb16645,0.645,True
9e289a096dbf,0.645,True
7699e338e834,0.645,True
66e8b345fbe2,0.645,True
1ef5f04e10c8,0.645,True
4235a56bbd6b,0.645,True
11c064c9c02b,0.645,True
0b6be0f75891,0.644,True
a2b4aacf7168,0.644,True
92aa4699a90b,0.644,True
170055ccaddd,0.644,True
aceefebf1a99,0.644,True
33b57090136a,0.644,True
2e51d2938db4,0.644,True
eaf320cc4236,0.644,True
dcb434dfe1de,0.644,True
f1d2cb1842c8,0.644,True
3ddae95f5858,0.644,True
14635a72849c,0.644,True
bb36d3cd0be2,0.644,True
bba18789aecc,0.644,True
af79271236d6,0.644,True
da07d85fd5b7,0.643,True
383fd17eb52e,0.643,True
acfadf690bb3,0.643,True
58980ee452e4,0.643,True
aa2b4672bd51,0.643,True
a628c7997cab,0.643,True
e37a172acd2a,0.643,True
9caf5cc89ed0,0.643,True
f855306bbda4,0.643,True
451353e38e9f,0.643,True
564bb8dce97d,0.643,True
cd3806ca1fbe,0.642,True
386dd4e381ca,0.642,True
38fa4e12dc73,0.642,True
70d3c0d02a74,0.642,True
a85cc0225799,0.642,True
03ddb221b74f,0.642,True
5018c8217a6c,0.642,True
75b64d26c306,0.641,True
4448e39167ba,0.641,True
762ab98dff69,0.641,True
aa9837c2e96c,0.641,True
60388a11b356,0.641,True
beb0761ba2b5,0.641,True
51621d3cad5c,0.641,True
771d769d7b81,0.641,True
282f163d4fce,0.641,True
1fca69ba354f,0.641,True
357e256ce660,0.641,True
6b403702367e,0.641,True
ff994fba9360,0.641,True
8f7d1eadb3d1,0.641,True
13a2d6fe3900,0.641,True
ebb901ee11a0,0.641,True
467489d74c32,0.641,True
943f791cc743,0.641,True
255f80988286,0.641,True
2558359602e7,0.641,True
e727e25a9966,0.641,True
9ff9ba43f92e,0.641,True
39ffb240f26d,0.641,True
eeb682256885,0.641,True
25083f230dd1,0.64,True
518a2e836bfd,0.64,True
0ab5ec231227,0.64,True
a7103746f4b6,0.64,True
f945040cb379,0.64,True
5ea44ca25240,0.64,True
9df7351bfbe3,0.64,True
81892a3e8530,0.64,True
a5a620a64427,0.64,True
46ecd7f72952,0.64,True
90350d8e560a,0.64,True
4f306939be0e,0.64,True
8cba9c70a0df,0.64,True
78cdd1c42ae0,0.64,True
c4e6e6e40b2d,0.64,True
162183e92f32,0.64,True
fd83dfd3d917,0.64,True
1b186f67250d,0.639,True
792a04140669,0.639,True
b5404626948a,0.639,True
13403fda8c14,0.639,True
115e4c8edc75,0.639,True
96e19f6a31d8,0.639,True
5cdbdb0fe2de,0.639,True
e484b1914b5c,0.639,True
661caf3c937a,0.639,True
23f792868a67,0.639,True
b2c9ab4e69b3,0.639,True
607b61799807,0.639,True
9decbb8c08c5,0.638,True
1b7b7f781aa6,0.638,True
ab88b507c30a,0.638,True
fe19dffa54b3,0.638,True
79a5aebfccf4,0.638,True
df030745bb73,0.638,True
214e782dcfd1,0.638,True
14bb77bf813b,0.638,True
a6e4f9d78793,0.638,True
e9ad7f29b2eb,0.637,True
be26f0b7e66a,0.637,True
48a09910c418,0.637,True
762ec5ff30fc,0.637,True
8b2ea4cda009,0.637,True
12d578b99cb4,0.637,True
3c116ab5d356,0.637,True
a2e102db8b76,0.637,True
7ee5b2d979e8,0.637,True
c3eb05602a4b,0.637,True
21871f64c586,0.637,True
8e5e88612784,0.637,True
6cc714047f72,0.637,True
96646ad77461,0.637,True
f761f058f8d8,0.636,True
e0135997537f,0.636,True
34a0eba558e5,0.636,True
7504e4db081a,0.636,True
40ae3a83f817,0.636,True
6b3137ace304,0.636,True
5458b9c23ad4,0.636,True
e458ff750d09,0.636,True
d7fd44713576,0.636,True
cf1e54025aa8,0.636,True
b58e46a3bf99,0.635,True
ac065f1fb512,0.635,True
7e48d006d92f,0.635,True
7b2e7b5585c5,0.635,True
f42807927312,0.635,True
341d55e055e2,0.635,True
fe26a513aeb7,0.634,True
d2c6a37572d1,0.634,True
a9f647e9203c,0.634,True
31e23a8fc485,0.634,True
57cf1e3cb0be,0.634,True
7c76cb3a0f14,0.634,True
81b3eec7bca5,0.634,True
31c7648e025b,0.634,True
769df1dacccb,0.634,True
987c30c1e389,0.634,True
334608944ff8,0.634,True
59368ee3a709,0.634,True
7c2bf9679e56,0.634,True
afa282cb447e,0.634,True
1b4650e171fe,0.633,True
64991076739d,0.633,True
85edeb55a7d6,0.633,True
89315accb52d,0.633,True
9db01deba23c,0.633,True
a1459b3f1723,0.633,True
b546ea2cc4b4,0.633,True
09a9e6cd5a9a,0.633,True
bfc523c95544,0.633,True
ceb6e1976b9e,0.633,True
61a6f65356ee,0.633,True
052caa1da5b1,0.633,True
f9937e67605c,0.633,True
a6732c103821,0.633,True
c3dc5208ad49,0.633,True
e307470ba09c,0.633,True
b86b54ff3231,0.633,True
024b7304cef9,0.633,True
d6efd2d8e2d4,0.632,True
cc9a07db3be2,0.632,True
299b1f3aac82,0.632,True
66ca56e66318,0.632,True
6086ee1b5bf9,0.632,True
e973ed7c224a,0.632,True
c7b4459abc79,0.632,True
395ccc384194,0.632,True
9b504e84c3ac,0.632,True
119d36283198,0.632,True
c9a9d7a6b745,0.631,True
7f6383add2b2,0.631,True
a4ba669b6134,0.631,True
88edb9bd7ca1,0.631,True
c0542686f9da,0.631,True
4c911f8c16c0,0.63,True
631be62c1486,0.63,True
45ae5c6d8fa9,0.63,True
3c1c0e214af0,0.63,True
ffdbf69ff825,0.63,True
7ee73dcfd17f,0.63,True
1fffc526f5de,0.63,True
6f353185bcb7,0.63,True
5d0ed2a89240,0.63,True
af12a99ac648,0.63,True
302f19806d41,0.63,True
58114a051bfe,0.63,True
25a161660488,0.63,True
f0e7d87949da,0.629,True
c125948e47ad,0.629,True
e15810c22ae2,0.629,True
db8a88e9b275,0.629,True
45f179a85505,0.629,True
3d778de341ef,0.629,True
8168c776c3a0,0.629,True
4230aaf419aa,0.629,True
5db641c90d1d,0.629,True
85606cb76002,0.629,True
75fc557d05c3,0.628,True
af28c63f4fde,0.628,True
b46acbd64948,0.628,True
41cd451abee2,0.628,True
b6ef94ba7ab5,0.628,True
8cf1972b052a,0.628,True
14772e7c7774,0.628,True
0346bc2777d1,0.628,True
afd89eb3f6d9,0.628,True
e57fd66b85ce,0.628,True
0ca5ceb16122,0.628,True
cf760b24552b,0.628,True
69adef93aee1,0.628,True
1c35b0aecc50,0.627,True
8f2968055bc7,0.627,True
b9ddcaaed4cd,0.627,True
36611fc1ac6e,0.627,True
95f5f192972c,0.627,True
d7a6e1224d03,0.627,True
093aa17865f3,0.627,True
0a1033d88a3a,0.627,True
72871f9dae5e,0.626,True
66a2a2c60ef3,0.626,True
163f08d5f6de,0.626,True
677023e466d2,0.626,True
c38bfc29fa58,0.626,True
2ab847e845b4,0.626,True
e7d626fa5f69,0.626,True
747e97ed05d6,0.626,True
8382cc85ea1e,0.626,True
3d8440d24811,0.626,True
85664833fa85,0.626,True
620cfbffca31,0.626,True
470819137620,0.626,True
4c8ce6d78806,0.626,True
498025294ee3,0.625,True
386e3cdca85b,0.625,True
4d5b06306bcd,0.625,True
2ac9a1292af2,0.625,True
9dcef7ce4e9d,0.625,True
1f7ebe2ff1ef,0.625,True
68c459de9599,0.625,True
2b8e6c9f3634,0.625,True
f2c23d73a411,0.624,True
982134540ba7,0.624,True
983d31ba23f9,0.624,True
9f30afdaeeda,0.624,True
25ee6555cd72,0.624,True
a0dc48a9fd2e,0.624,True
a96762307f1d,0.624,True
b5f659b60d1a,0.624,True
aef981722ae5,0.624,True
418d14c03d0a,0.624,True
da8d746d7c3c,0.624,True
f65ced574b29,0.624,True
181d72d2a9bb,0.624,True
c28918a5e17a,0.624,True
ea01de01ea4a,0.623,True
5f1ffcd72e9f,0.623,True
d38ab8b5beaf,0.623,True
b9682c88a4a8,0.623,True
721d03920264,0.623,True
6b6be7361cc0,0.623,True
0e581d349621,0.623,True
5d548ed63195,0.623,True
e4c40bc2ca48,0.623,True
24fee7edc47f,0.623,True
d5b323924cfd,0.623,True
43b5f9df0c37,0.622,True
a8229c79f01e,0.622,True
b198c0bad126,0.622,True
82ba1f739266,0.622,True
5d1e2bba43f4,0.622,True
8cf6f1305fde,0.622,True
c5a4df6f1f67,0.622,True
03dff482c727,0.622,True
e6c31c5bdc9b,0.622,True
d3730ba8a85d,0.622,True
fbf5210b2c54,0.622,True
d20f75639745,0.622,True
6fdb21ff477d,0.622,True
0dfc55cc5b1f,0.622,True
39a5a280af06,0.622,True
0d842e1b1d0a,0.622,True
6bbbcb66db11,0.622,True
3936d551bc17,0.622,True
a39e25827d44,0.622,True
f5bc5b73a8fa,0.622,True
9c4a429bc92f,0.622,True
cf8ace71f86a,0.622,True
bbaae5739f51,0.622,True
6a8c16041394,0.622,True
f8cf425dfdf4,0.622,True
5c210228b4aa,0.622,True
6e3630b834f1,0.622,True
d1eb042106a7,0.622,True
66e38752d31a,0.622,True
7f69ec47e0ab,0.622,True
4ffeb4cf350d,0.622,True
4b1d78b11ad8,0.622,True
08d99bb2a46c,0.622,True
301c305db98e,0.622,True
ea13c6f4bb82,0.622,True
efeac7da8f2e,0.621,True
3a0ea8ae5a72,0.621,True
598c93f510cb,0.621,True
708701fad61c,0.621,True
0088aa76d8c6,0.621,True
507964c81c6e,0.621,True
f3504def9721,0.621,True
8ab304805596,0.621,True
fa7971c6e7a2,0.621,True
9f377bef0451,0.621,True
ff9846bdd1e8,0.621,True
ed869e72372c,0.621,True
5dc2055f3fce,0.621,True
c1058df3fb5e,0.621,True
d2f94023381d,0.621,True
a3c2fe012633,0.621,True
381540377bf7,0.62,False
b90989db7aed,0.62,False
2539238b37c9,0.62,False
cad840f3c10a,0.62,True
fcd5bfd18329,0.62,True
efa157c39ebe,0.62,True
feca376511eb,0.619,False
005705ce37f9,0.619,False
8241d22178a9,0.619,False
3524e5d29eeb,0.619,False
4d946027a696,0.619,False
fa8e401de763,0.619,False
99569359af87,0.619,False
4611f1291db5,0.619,False
727545889321,0.619,False
0477b86fb4a4,0.619,False
7b257e7107b2,0.619,False
f915791fec0c,0.619,False
1e659e215873,0.619,False
3b6b3ca2c95f,0.619,False
7fbf8ae17847,0.619,False
74953f2436a5,0.619,False
8645528b9062,0.619,False
0c7420645bf6,0.619,False
dc955fea160b,0.619,False
b0ade0baeef8,0.619,False
b2a23bbdbc4e,0.618,False
165e642ace52,0.618,False
8ec223846b1a,0.618,False
eab48b95e428,0.618,False
8407d4a3a27f,0.618,False
bd42503fd9ad,0.618,False
6b11ee2b2fa2,0.618,False
dc241410ab48,0.618,False
0b3dc457f005,0.618,False
06c4af19ba32,0.618,False
e571d0736605,0.618,False
ded502518319,0.618,False
c3c77f0a13b5,0.618,False
f3547f9754b9,0.618,False
15a3020f5f80,0.618,False
e444cbf48491,0.617,False
381c6fe8fa4c,0.617,False
deac53385f76,0.617,False
6a16dd979100,0.617,False
1c0db2dd49ce,0.617,False
0cc969fff8b1,0.617,False
06591cee0716,0.617,False
a334979fcd42,0.617,False
437194e77427,0.617,False
240eabb5e513,0.617,False
8074e1ee92d0,0.617,False
45db276c37f3,0.617,False
a71d6b386dc9,0.617,False
7ce858f5a0c6,0.617,False
29a7ba6ca35b,0.616,False
bc4d755e85f5,0.616,False
386af6db048e,0.616,False
afe09c91a9f4,0.616,False
daded840ec10,0.615,False
5dd0881e9d61,0.615,False
7a2d8e6a2610,0.615,False
b93eac078680,0.615,False
eac757b66aae,0.615,False
049b6222428d,0.615,False
e4b6bcc14722,0.615,False
440baf4a3a56,0.615,False
33b9f8ed2f7d,0.615,False
c1765b18c330,0.615,False
aef16c1cbc6b,0.615,False
a0aefe9acb3a,0.615,False
3e3d68303556,0.615,False
4277286f9561,0.615,False
81318a552ae8,0.615,False
5e144ad9db59,0.615,False
a21bf361579e,0.615,False
9e2250471b1d,0.615,False
627a19ca43b7,0.615,False
c30431d2fc82,0.615,False
43290c37223b,0.615,False
80aa78080a4a,0.615,False
cbb2e305f9b4,0.615,False
d7d44175a5f4,0.615,False
bf6579347971,0.615,False
5883e314c69f,0.615,False
b8bc8410b29f,0.615,False
f75e654baf82,0.615,False
17a9ced3100d,0.615,False
1dd8fa6e0bc2,0.615,False
8d8f77f2ba06,0.615,False
cca4199abc8e,0.615,False
baba4a87a911,0.615,False
17552faee584,0.615,False
b56bc6906543,0.615,False
9a24b057c97d,0.615,False
bf07db5178a8,0.615,False
9326083c40ea,0.615,False
9cde34827b66,0.615,False
844abbde6a1b,0.615,False
027643fc2b9b,0.615,False
0c02ed9812ee,0.614,False
fc02797f1586,0.614,False
03a59ed5defb,0.614,False
0cda14088d8f,0.614,False
629dabf246d9,0.614,False
9125e027aab4,0.614,False
37876577097f,0.614,False
1f0585334b1c,0.614,False
3c03ce4245e2,0.614,False
e7088976fe3f,0.613,False
5a2ce9d51fe1,0.613,False
6c2ee74f12e6,0.613,False
4869faa065ef,0.613,False
f72f75bf34ac,0.613,False
515744d685f5,0.613,False
fa9b1b1735c3,0.613,False
fcfe8e88c01e,0.613,False
fcb0a51b6a88,0.613,False
91a34fcd456d,0.612,False
176b89ca1b92,0.612,False
bc8b1dfc9228,0.612,False
8cf68c40d978,0.612,False
69caa22f9e1a,0.612,False
54781be6dbc0,0.612,False
889c265c9515,0.612,False
617865e66f70,0.612,False
af1fb748900b,0.612,False
49592b3e7dd8,0.612,False
fab3e05b63b7,0.612,False
4985e6d04811,0.612,False
d0463f58397f,0.612,False
ab32684b7702,0.612,False
5769f2ae7c33,0.611,False
baacf653eaa0,0.611,False
cb3287e6cbd1,0.611,False
e52f42e75e1b,0.611,False
aee8255da773,0.611,False
a917c5431d91,0.611,False
93272d2939c3,0.611,False
ba6e4bf4526b,0.611,False
d5806515b66b,0.611,False
5fb52c784801,0.611,False
e25d41f73968,0.611,False
44d6ac436100,0.611,False
c1e929edc43a,0.611,False
af3dcdb40c84,0.611,False
821a89a80f8e,0.611,False
c975fa7648a8,0.611,False
9b8de83f7bfd,0.611,False
b1165b5b02eb,0.611,False
4c81305f47d8,0.611,False
da75e249a387,0.61,False
7fb1e9d5b6be,0.61,False
5981a16f001d,0.61,False
7d90454e6e0a,0.61,False
266d5b1e5c16,0.61,False
2ca1876962e7,0.61,False
29319bf38a68,0.61,False
1fb3834639d2,0.61,False
568bd089b73b,0.609,False
e10403746197,0.609,False
6d2c646036a4,0.609,False
d140f0c0048e,0.609,False
088c196181ba,0.609,False
6d9f8f3f965d,0.609,False
2ba773dd36e7,0.608,False
03420141bcb3,0.608,False
0c3438b44882,0.608,False
d35db1cc641e,0.608,False
3f05ba3f2082,0.608,False
dd7c5786fa0e,0.608,False
8348a71a2f1a,0.608,False
9a253cf103ae,0.608,False
bbd4c629d4d5,0.608,False
5629cf80db5c,0.608,False
3931720daf39,0.608,False
0c9b6bd6e20b,0.608,False
a91546c0c8f3,0.608,False
bd25615e12c7,0.608,False
602c7ff65365,0.608,False
511cb268e529,0.608,False
2db3e7ecec33,0.607,False
bd085dc913c2,0.607,False
db08374549b8,0.607,False
f4f0ffbe3c4b,0.607,False
2649c38af4b9,0.607,False
447aa75812a8,0.607,False
3b1060fd4419,0.607,False
fedc3c8e4533,0.607,False
2ea39eeba8a7,0.607,False
e6d565610b74,0.607,False
e73d81e535b9,0.607,False
82da18e01a40,0.607,False
3e06346d6446,0.607,False
1fb027294a31,0.607,False
56a04ae870a2,0.607,False
592f82c05679,0.607,False
85f3d7ccaece,0.607,False
761e868626ed,0.607,False
ce9f79cff45a,0.606,False
a265587079c5,0.606,False
9bc5e7ffee80,0.606,False
8d461ff0fba7,0.606,False
76cb7f2302a8,0.606,False
51c253eca670,0.606,False
af399269c072,0.606,False
2efdca4589bf,0.606,False
8514eecd1cc4,0.606,False
91dce571bf8e,0.605,False
382ed8583a1f,0.605,False
ba8fc700d42b,0.605,False
71e82494d09d,0.605,False
e767434b60bb,0.605,False
b0df6db00454,0.605,False
49d6f7862fa3,0.605,False
78eff92a2e2b,0.605,False
d61d97c6b2e0,0.605,False
78c761a349c7,0.605,False
a80ebc69d7fc,0.604,False
9f73ec319746,0.604,False
cac96668765f,0.604,False
39dfea486ffc,0.604,False
538eac844a62,0.604,False
5a518255f3c3,0.604,False
8314bcd7d68d,0.604,False
2910383e1a79,0.604,False
d7e34749b4c1,0.604,False
5ebbc51cc7ab,0.604,False
5bbf5dfc9772,0.603,False
dd6abfad065b,0.603,False
c0422914e704,0.603,False
7ec3158b9dc5,0.603,False
ed33dbd7e914,0.603,False
d957253cfd0f,0.603,False
ae322dae7c89,0.603,False
8da320eb8e08,0.603,False
581439e10bd1,0.603,False
21ad12bd435a,0.603,False
d707adf8eee9,0.603,False
a15c84e9077d,0.602,False
fb550d690383,0.602,False
3ced8d2c8f79,0.602,False
eef757e25c71,0.602,False
3c4b47fdc004,0.602,False
15c426ce1063,0.602,False
a1b47c9ec47e,0.602,False
8568643cc6ed,0.602,False
5304b0ecf429,0.602,False
4685a51a2099,0.602,False
20111b2e6e0c,0.602,False
2943d4299dc9,0.602,False
36dba940569a,0.602,False
4fe37ed7e834,0.602,False
7beda905d561,0.602,False
c3e951022056,0.602,False
ea2673b4d2a3,0.602,False
4003be864215,0.602,False
dd2e7c40fd10,0.602,False
39ff82e00be5,0.602,False
b8dde2c98eb6,0.602,False
007e56267503,0.602,False
b7fd59962832,0.601,False
3bdc2f684395,0.601,False
9b976fd5337c,0.601,False
dd3875f3fb54,0.601,False
9fc279b5bb75,0.601,False
7a242285bd1d,0.601,False
ccd7c95a0f9e,0.601,False
4b143d93f0a2,0.601,False
cea8d113887e,0.601,False
509c07381310,0.601,False
d24c06468400,0.601,False
6e5d542fe6a6,0.601,False
9aecce66823c,0.601,False
62e9e31e0a22,0.601,False
95452cdb01ea,0.601,False
6ccec2c78039,0.601,False
09b6def8f6e2,0.601,False
da540d07fee8,0.601,False
3206824d4d57,0.6,False
68c45f0402f8,0.6,False
2190ccb2ab1c,0.6,False
a6f62745c2c6,0.6,False
e4f759a94b31,0.6,False
0ad4ba528d4b,0.6,False
689438cd889e,0.6,False
2d2dd4f337e1,0.6,False
b9a81adce7a6,0.6,False
2fa13e3da7a1,0.6,False
f3f4bc06e495,0.6,False
11dd40f3b534,0.6,False
462364bdf366,0.6,False
23964a901ac2,0.599,False
94da1794e56e,0.599,False
9b055d015555,0.599,False
efcdace0ccb6,0.599,False
9ad1994f441a,0.599,False
c1555fbd049f,0.599,False
9ad6f28bf9ad,0.599,False
edaca597d29e,0.599,False
5ea3e3cd729d,0.599,False
3b86427bcd6f,0.599,False
2c690f3ae523,0.599,False
e628c817d2da,0.599,False
ae9031efbe12,0.599,False
89afd0b54cf1,0.599,False
7cb8de38f662,0.599,False
d2e4d87bf25c,0.598,False
b2c98c6225e1,0.598,False
ebfb004cce73,0.598,False
8c11adf9c3b0,0.598,False
138341eb0bc1,0.598,False
a5d93642bc6f,0.598,False
435a1de59c28,0.598,False
62bdbdb1843e,0.598,False
6ad521f0696e,0.598,False
8bc6960177e3,0.598,False
460248ffecd0,0.598,False
b46834bb0721,0.598,False
9f570c0601cd,0.598,False
aa483186428a,0.598,False
dbb6f8b48426,0.598,False
448a863b369e,0.598,False
d97b6cd788d5,0.598,False
54a67fe79a5a,0.598,False
aac1ab290bbd,0.598,False
493c2834e285,0.598,False
cf6b07dc060d,0.598,False
6a658f36192b,0.598,False
7f896043d54b,0.598,False
4706f4855be1,0.598,False
fd7ce41c864f,0.598,False
4e3f14e8761a,0.598,False
ee57088f9bfb,0.597,False
d6883ed32f87,0.597,False
4b1fc985c076,0.597,False
e169a642d982,0.597,False
2a823035ed83,0.597,False
4c879a8d3883,0.597,False
e9e9c9872676,0.597,False
546905a957b6,0.597,False
848ec405cbd9,0.597,False
7c218d3b0487,0.597,False
66a9df9fcdad,0.597,False
2599c2d1cd60,0.597,False
d702bfda0796,0.596,False
2f7a1e7f3c06,0.596,False
e8c28ae8844e,0.596,False
0448f25b7e9a,0.596,False
dacdc3679e1f,0.596,False
72e6776003bd,0.596,False
591d353eb84e,0.596,False
12873208cfea,0.596,False
43f29212ae7a,0.596,False
93d8b9f42507,0.596,False
2222c76b5076,0.596,False
20e81e012bec,0.596,False
392cdc701609,0.596,False
76dec8099870,0.596,False
9a10906786eb,0.596,False
3a8bb3b597e9,0.596,False
edec3de69105,0.596,False
910563d0b2b3,0.596,False
6fbacb6fea92,0.596,False
9f430876e517,0.596,False
459196461a25,0.596,False
dd326103a7a7,0.596,False
da60c07a6fb6,0.596,False
aa3565b295f0,0.596,False
d04b626cfb3b,0.596,False
47faf90c8061,0.596,False
efa9d1c3815e,0.596,False
baa22f6a282d,0.596,False
dd9baa0e06c2,0.596,False
1e4830e547d3,0.596,False
2154869ef778,0.596,False
9fb6354d4e21,0.596,False
b88203c03b85,0.596,False
8fdc35b5689c,0.596,False
6728660dce72,0.596,False
765dff371dc8,0.596,False
94b1fb77d3a3,0.596,False
cb1578a3df7a,0.596,False
0e527f1d162a,0.596,False
5e6fad465a5e,0.596,False
fcf03bbddbc3,0.596,False
5e670da89b18,0.596,False
a3b4db9a173b,0.596,False
6db04fccc024,0.596,False
38d00aa8614e,0.596,False
17fda8c8532e,0.596,False
13c029726ba2,0.596,False
cfbd556e882f,0.596,False
088ae8d94f92,0.596,False
7bb91b274fd1,0.596,False
943f9dc2e992,0.596,False
1ccdb4f99123,0.596,False
69d68cba4215,0.596,False
e5b3480476e9,0.596,False
9993a858a499,0.596,False
e99a026a1870,0.596,False
aaef1f5b94e7,0.596,False
07ff519adfdc,0.596,False
0dd1a221342b,0.596,False
576355c06f94,0.596,False
4e7ae77cd316,0.596,False
f907847df57a,0.596,False
fee93c4719b3,0.596,False
b6751d111db2,0.596,False
d72ec1b8af23,0.596,False
481818ccb4bd,0.596,False
bbbb89f15af2,0.595,False
8439df57430a,0.595,False
0bb988a26216,0.595,False
f5fc339705e1,0.595,False
b06f0e920340,0.595,False
898be4b075ea,0.595,False
dfc2698f330a,0.595,False
dcd268123daf,0.595,False
b09c52f46b2e,0.595,False
76d84d5f5812,0.595,False
56ca9d6f8dc4,0.595,False
80b9f59a133a,0.595,False
9d59ed934cb8,0.595,False
6c4c91ff1695,0.595,False
5d6a21d4a5eb,0.595,False
556eb7f2d153,0.595,False
5e2ccf71a7e9,0.595,False
ad66c2bdb32c,0.595,False
1928d1b228f4,0.595,False
3a936ed43710,0.594,False
6ec881d9d966,0.594,False
5379ae2a921d,0.594,False
8dfaa89985e2,0.594,False
4760f9dc5d07,0.594,False
ed40ca3ad3e3,0.594,False
e3191b2ee5af,0.594,False
52917380b8d2,0.594,False
187eb5f3f201,0.594,False
e2d5866b7eaa,0.593,False
ab3d9809fdea,0.593,False
729dfe162d62,0.593,False
ed3854a2df37,0.593,False
2ad1bb62c8db,0.593,False
e67ea08922d8,0.593,False
22a201535ad4,0.593,False
5afac26a9b41,0.593,False
63b193073df6,0.593,False
55c574cfdb1a,0.593,False
d7420b7c394c,0.593,False
81249230f392,0.593,False
ec74f84d3c5f,0.593,False
feef0ff13d69,0.593,False
c49b2fab6396,0.593,False
cfce7fde2f74,0.593,False
3e639a04ee16,0.593,False
4a5b0becbd6c,0.593,False
1a65e1482e02,0.593,False
0379151c1f2f,0.593,False
ec5ca68655c4,0.593,False
5a113b469ed4,0.593,False
06a58b18a45b,0.593,False
74e3a20c123b,0.593,False
862eae14ca33,0.592,False
1cae55ece24d,0.592,False
e0f7fe146937,0.592,False
7333515dd376,0.592,False
a3b9eef06402,0.592,False
3dbfcbc52438,0.592,False
64a4c5b98e51,0.592,False
fdc4785e1b58,0.592,False
d6538badb68e,0.592,False
e44a03e84f92,0.592,False
d4f8c23a028e,0.592,False
6e1d3b61077a,0.592,False
20c92bced147,0.592,False
26c55127a1e1,0.592,False
c0c87a34e9ce,0.592,False
21633ae7790b,0.592,False
4ebfe8da850d,0.592,False
ae0e2192c7f9,0.592,False
72457d657a5f,0.592,False
9b3bc48c5ca0,0.592,False
60ad491e1bf1,0.592,False
c894a7be900e,0.592,False
7e7415fd145b,0.592,False
18f5820b846d,0.592,False
2620d8841f07,0.592,False
e15a08eb8295,0.592,False
8f693e1e62a1,0.592,False
6f0482bbbe8d,0.592,False
65372920726f,0.592,False
15edbf44ac2b,0.592,False
47be72453f6d,0.592,False
c6ae460f1cf5,0.592,False
50852e581936,0.592,False
1f8f694a742e,0.592,False
2741074c6709,0.592,False
d615e6539990,0.592,False
11c6f165feb6,0.592,False
a2c5e9bdf042,0.592,False
696c21c6f9a9,0.592,False
bddba8c83824,0.592,False
4079c214d35e,0.592,False
625846c41047,0.592,False
4674c2f9adc6,0.592,False
76c29f2710e5,0.592,False
d21c2a7c514a,0.592,False
444acf7ccbf2,0.592,False
fa7153e98108,0.592,False
11489f806069,0.592,False
cc333e4c8bbe,0.592,False
1e5b2c703ac1,0.592,False
a209d8c15eeb,0.592,False
ddcc0423175b,0.592,False
7363794c93a4,0.592,False
2c658699f4a4,0.592,False
86b1bac8a271,0.592,False
21884e7cede9,0.592,False
eb1731b580bd,0.592,False
4987474124c9,0.592,False
e243e62cca1d,0.592,False
1a90613881b0,0.592,False
49684b26436f,0.592,False
2a87598d0b5e,0.592,False
bffaafae94a4,0.591,False
563a01f445e9,0.591,False
497c7d6a5e79,0.591,False
e3eeda83e55f,0.591,False
1bd5daaf3d68,0.591,False
1c243a7f4e6a,0.591,False
951f5fd1bc38,0.591,False
26704b4f4806,0.591,False
0366553c83e6,0.591,False
e8d88a014d62,0.591,False
4f266c1abebb,0.591,False
d16ae2f745ad,0.591,False
9ebd663b9701,0.591,False
8c578187ad5f,0.591,False
614d8b07941e,0.591,False
a6c10c78f8ee,0.591,False
f755ff9dd8f8,0.591,False
b59f5a22b5ab,0.591,False
45bb4d2f34b2,0.591,False
4842bd3d69e6,0.591,False
06f7cb904068,0.591,False
a24eacbddc8d,0.591,False
ac3fd8e5b04b,0.591,False
efaa0c286f5a,0.591,False
5c33009572fa,0.591,False
580eb24037e2,0.591,False
c64ae7be140f,0.59,False
c6452dbf1e98,0.59,False
3ff2ca4be7a6,0.59,False
d26cd50268f9,0.59,False
a853b0e738eb,0.59,False
bf22618340ac,0.59,False
fcb921ccd8bc,0.59,False
488a34d3086b,0.59,False
8dec972ffafa,0.59,False
3b8b42def906,0.59,False
6eaa68ddb14b,0.59,False
52f0e9c3fc7c,0.59,False
e888faf91bd5,0.59,False
6a7a999cc7d4,0.59,False
83c482b4b930,0.59,False
7ee126ec00d5,0.59,False
20084e2e97ab,0.59,False
963d1ab1205a,0.59,False
e98f456bc0e8,0.59,False
593011b2708d,0.59,False
a216008d7e60,0.59,False
a2113fff84bd,0.59,False
17f77c284938,0.59,False
d8c358c24fa9,0.59,False
adbd52690ff4,0.59,False
092631890c18,0.59,False
7c48aa141161,0.59,False
584ac27d6dff,0.59,False
97a0f7bcc46d,0.59,False
0e7a8f09ed53,0.59,False
0c1fe870d1d1,0.59,False
5bbe04177452,0.59,False
dbb7ed0f4d0e,0.59,False
bb3f2891e0dc,0.59,False
30d7e76210c0,0.59,False
8b0ea2ec1054,0.59,False
82662df6dd6d,0.59,False
9746aed22e5a,0.59,False
a38122a05473,0.59,False
7cd10450bc21,0.59,False
98d0bfdbc069,0.59,False
31917dcfed2e,0.59,False
c44d7c63aacc,0.59,False
53e551513a2d,0.59,False
eb7eb56d76df,0.59,False
aa04569fd0ef,0.59,False
3dbe1be23dc9,0.59,False
a9e2bd1c15ed,0.59,False
2097e4662af2,0.59,False
59074e9f6605,0.59,False
80378460509d,0.59,False
e1dbad609046,0.59,False
b702039006f2,0.59,False
326fc4b394df,0.59,False
8b4b1f521955,0.59,False
7ab218ba977a,0.59,False
c19516916a89,0.59,False
52d3fd222cf5,0.59,False
4ef2cdcadc84,0.59,False
546d52a6a4e6,0.59,False
fd02f958cbee,0.59,False
391160ba9a25,0.59,False
aa14655bd3d1,0.59,False
2709f0f1accc,0.59,False
36096ee03a8b,0.59,False
3d36400b5dd7,0.59,False
82b375d53b73,0.59,False
f01d356759ee,0.59,False
911c86280cd3,0.59,False
d56600aa1935,0.59,False
844e952d92e3,0.59,False
a48307f49294,0.59,False
1b40c72edd75,0.59,False
edcd83c05485,0.59,False
549d3c9b2447,0.59,False
d19fde61f7ea,0.59,False
6c7aecef62b5,0.59,False
8fdd10a9687d,0.59,False
8823eae35c24,0.59,False
92fdec6db860,0.59,False
0955503709e8,0.59,False
cce8c4c6792e,0.59,False
c3ae74df2477,0.59,False
cda454abd9a9,0.59,False
f866a43e138a,0.59,False
31e0d5cc7457,0.59,False
90b80174f178,0.59,False
f9c4a529917e,0.59,False
3e04e1fd4ee5,0.59,False
6a69bea6e80d,0.59,False
2447e877ee4f,0.59,False
cfd3e9dc3089,0.59,False
7fedca34ebf6,0.59,False
fe3b9eda65a9,0.59,False
80412cdc4f92,0.59,False
e4544e2c86c2,0.59,False
7788432ae2c3,0.59,False
4dc7c071d1df,0.59,False
26478c4cb65f,0.59,False
c910f0e4bcaf,0.59,False
0a28e2c7b50a,0.59,False
eeb07d85b904,0.59,False
ad197782cbcb,0.59,False
22a4f3c2f038,0.59,False
522977de9827,0.59,False
5494e6c6a711,0.59,False
4e5f27931133,0.59,False
de7c661db0e3,0.59,False
75861a0546f0,0.59,False
e36cc334f123,0.59,False
a68574f805ba,0.59,False
e31e9eb4fdf1,0.59,False
8bffbde380a2,0.59,False
4045364038c0,0.59,False
3b19e4c179ae,0.59,False
8f8ed44ff6d7,0.59,False
4e5e4cceff02,0.59,False
9784ba3b333e,0.59,False
cd09169227a8,0.59,False
53b08a675f57,0.59,False
936625d49b97,0.59,False
3540b4a76a84,0.59,False
943966f752f0,0.59,False
41dc2f84f612,0.59,False
1f5c60110aae,0.59,False
1f16491417bf,0.59,False
d9d909309419,0.59,False
f25b4003f374,0.59,False
b98c2ccded2a,0.59,False
9c2b2c74723d,0.59,False
220ae0cf3077,0.59,False
fee4b0a2084e,0.59,False
ebd7733f22ef,0.59,False
b7ff94be5146,0.59,False
493379e9829d,0.59,False
14cdbe4c65cc,0.59,False
c527f1da1d09,0.59,False
c55d08548b18,0.59,False
90aa28b56dc0,0.589,False
a292dd6b1674,0.589,False
5b47715423e6,0.589,False
71112037be3e,0.589,False
8f393ad42948,0.589,False
2ed240882aa5,0.589,False
0e446f86ae7f,0.589,False
f86389e044c5,0.589,False
a02f67c526d9,0.589,False
db59980c70ee,0.589,False
c663cb2a3563,0.589,False
c0b5fdcf9ed0,0.589,False
eaf354a84456,0.589,False
c73641d566d0,0.588,False
5fc00a7afa08,0.588,False
323af80f81fd,0.588,False
05a3b2fbc1b6,0.588,False
b1a71701d9c8,0.588,False
6e0e305f23cb,0.588,False
34699c076e1c,0.588,False
806ef585d0c7,0.588,False
8eb37f9cca89,0.588,False
349f7e8213f4,0.588,False
d73f1ca99061,0.588,False
acbe0bf657bb,0.588,False
ad4da0ea9907,0.588,False
f80dceb01091,0.588,False
e35bd404401f,0.588,False
2c108934b33d,0.588,False
83372cf1b326,0.588,False
2bff30b3c199,0.588,False
554fb8f296a2,0.588,False
487c4d484f3a,0.588,False
f3cb37fb0b36,0.588,False
53d1dbde5f93,0.588,False
b4b2c432f13e,0.588,False
5c0166c0a6e5,0.588,False
948992936098,0.588,False
1ba4ae7dcb0a,0.588,False
bb2c0ec63e3c,0.588,False
ca200e05799f,0.588,False
fcb9696241de,0.588,False
4375e5c87b2f,0.588,False
fa3b9f924e91,0.588,False
0f65f88cb6ef,0.588,False
fb307c3e8312,0.588,False
fcb10943fb3e,0.588,False
43028df1ca0b,0.588,False
e230000b7a8e,0.587,False
03cbe77d57da,0.587,False
ef1dc73ecf77,0.587,False
c5f5e76715b4,0.587,False
2e98c4eda770,0.587,False
f5ffe21bbf93,0.587,False
e1deccb0238a,0.587,False
45cd5cbddb05,0.587,False
9b355b267af2,0.587,False
8dff27893f94,0.587,False
0a53bd602466,0.587,False
cf6baeb96bb3,0.587,False
6a001942fd1f,0.587,False
bde1417844be,0.587,False
1c0f5d7f2471,0.587,False
d86ebecd4c45,0.586,False
bbd72b2ecc07,0.586,False
cc1ace775820,0.586,False
2e99098367a4,0.586,False
f596521e08ca,0.586,False
3a27ac075484,0.586,False
85c2043ab15d,0.586,False
f5ef8ff096e5,0.586,False
d0e687fae789,0.586,False
21c46a41209e,0.586,False
43ef4c160fe6,0.586,False
3aef1fcac9c2,0.586,False
a24422d18bd1,0.586,False
6782303e0935,0.586,False
a96c394f7346,0.586,False
c54d0c090547,0.586,False
8fd5a8a4588c,0.586,False
6de36675e629,0.586,False
16d673e40377,0.586,False
99e65c566fab,0.586,False
241db726b811,0.585,False
45a261cd36fe,0.585,False
21ff4e0013e2,0.585,False
037358a7458b,0.585,False
da0f6b99b30e,0.585,False
41f49e4f07fb,0.585,False
add35b3a5c66,0.585,False
89457d280b51,0.585,False
d4a1e7d759e4,0.585,False
081632daf0ee,0.585,False
71233732c482,0.585,False
6f6130457d5a,0.585,False
ea0c3cb3914d,0.585,False
141427e4f3a1,0.585,False
916aca63161d,0.585,False
95e659c42486,0.585,False
65bac9042690,0.585,False
88598790dc66,0.585,False
34ae926c976d,0.585,False
376655a937f1,0.585,False
37b5fcefba2e,0.585,False
1cce320ac7c2,0.585,False
a32d80643537,0.585,False
bf02719bead8,0.585,False
0b196595e022,0.585,False
a9bf141e6566,0.585,False
f1732050f20a,0.585,False
e6dd4f400550,0.585,False
d39eeae887a6,0.585,False
0d244290f50d,0.585,False
84322a4899a8,0.585,False
1b3fdfeeb23c,0.585,False
84134ab883dd,0.585,False
a05cb29bf38b,0.585,False
955c4c61e0c0,0.585,False
48476fbd7b45,0.585,False
c586b5baab71,0.585,False
8dd747c5cb41,0.584,False
1de03fa23a5c,0.584,False
7c3aed1f933b,0.584,False
38ec0283ad86,0.584,False
5b30b350a420,0.584,False
e5ecad70dd88,0.584,False
44e25271fa2c,0.584,False
eff0bc21b98d,0.584,False
cb0e1c2f75d4,0.584,False
8464c00bef18,0.584,False
041654f729e9,0.584,False
5285e485eab7,0.584,False
8ecf355b7eb2,0.584,False
d196af9b1619,0.584,False
73ab3909c4b2,0.584,False
939db8d0875a,0.584,False
e53428a99396,0.584,False
d0a7a32d4c25,0.584,False
65973915b5f0,0.584,False
ac6c96715804,0.584,False
13970e0dd5bb,0.584,False
d147118237c2,0.584,False
147497555343,0.584,False
affc724ade25,0.584,False
7083bd1434bb,0.584,False
55960f51bc3e,0.584,False
325f29677323,0.584,False
a1bc269928db,0.584,False
3221fde268a9,0.584,False
99bda5eddd65,0.584,False
c1790cad648d,0.584,False
e9957e501262,0.584,False
7e83cd2512c2,0.584,False
0284cff565b0,0.584,False
2d0a2c496d42,0.583,False
4f2a1d01e681,0.583,False
b229bcd0d88e,0.583,False
8169c577f750,0.583,False
ad43fa1ab598,0.583,False
80ddfcd14070,0.583,False
9d62ea89cd9e,0.583,False
caf8c1bfa9b0,0.583,False
4d9037ed1424,0.583,False
c2297c02cd15,0.583,False
37476d7a8085,0.583,False
cab40fbafa93,0.583,False
574b286e9c83,0.583,False
ddccbe1cab39,0.583,False
a773fca19154,0.582,False
a02ce7f98b2b,0.582,False
4ce216bd7109,0.582,False
770460d9a161,0.582,False
eb0a2d7ccc17,0.582,False
8cc661d6165d,0.582,False
49ed68233bec,0.582,False
b683bfb7c8a3,0.582,False
86127eb100a7,0.582,False
315274eafa2d,0.582,False
a14d3050fa6b,0.582,False
801cee37cb07,0.582,False
f42df92692f4,0.582,False
08b0977c4842,0.582,False
c072cb77d11f,0.582,False
543803ff9d19,0.582,False
888e22b91d17,0.582,False
52c63d616701,0.582,False
1b1675a50670,0.582,False
12372bc1b41d,0.582,False
562e736fa4ea,0.582,False
361cec5d3d9f,0.582,False
c29027c32285,0.582,False
0166c4644c5b,0.582,False
9cbd429bc95a,0.582,False
74c1d0c34ee7,0.582,False
83ac5dbc18c9,0.582,False
3652ccedca9e,0.582,False
5e0125485a29,0.582,False
de7665cf7c15,0.582,False
29c24e990c9d,0.582,False
1eb82ff7ffcf,0.582,False
3cd958fead96,0.582,False
353a93489213,0.582,False
6f39b0192296,0.582,False
25b3fb1e3cc4,0.582,False
9aede2f746cd,0.582,False
172345a68bb9,0.582,False
4ba4ecab7e02,0.582,False
5dc920a8f5ac,0.582,False
419139ed2e50,0.582,False
2572d9038f14,0.582,False
c095b4bda50f,0.582,False
4f836436a7c3,0.582,False
8925d23d2849,0.582,False
bda725382211,0.582,False
4b5dec9460e0,0.582,False
eaf4a63610e5,0.582,False
2f292ab00bed,0.582,False
65cf9389ed19,0.582,False
29c74bad1766,0.581,False
d1c319c4aab4,0.581,False
ad45afcfb983,0.581,False
83df9c2bd7e6,0.581,False
7fa8d5bd63d2,0.581,False
eb50c99a2395,0.581,False
b78c79097cb7,0.581,False
a86d570460ea,0.581,False
1a6525e8ccbb,0.581,False
a7ae24a178f8,0.581,False
ec451b950dae,0.581,False
275b4fa8f0f7,0.581,False
12602ec8b723,0.581,False
7c967a4a4630,0.58,False
cadd125889d2,0.58,False
ae0753db9047,0.58,False
550912f3e87a,0.58,False
e8c2024275d9,0.58,False
1b07af55b050,0.58,False
4f299e47d1b8,0.58,False
8c8a321141a5,0.58,False
e4de8b6e1e3e,0.58,False
6fbbf485e690,0.58,False
e3d506a4434a,0.58,False
d6b1602f68ea,0.58,False
4bc8f7647e91,0.58,False
c424cb42e89d,0.58,False
056dce4cf56f,0.58,False
a2a365c61f36,0.58,False
5dafac0ac1fc,0.58,False
356ba8123d22,0.58,False
20a1c8b960bc,0.579,False
6cc8e2e2ed00,0.579,False
07c263d2977f,0.579,False
61c07af56475,0.579,False
5d2f3f74380b,0.579,False
c859e6fbb4c8,0.579,False
2bfc507f7947,0.579,False
5639088bfab8,0.579,False
ffc91e4cdc9e,0.578,False
78ab1f8d3495,0.578,False
64a88d554d31,0.578,False
1c85cf6ea6db,0.578,False
b4b76d176ebb,0.578,False
365737de0cf6,0.578,False
f770e485f044,0.578,False
958a00120c6a,0.578,False
baad561dc392,0.578,False
fb75e67e5fbb,0.578,False
8d1f7a47f7e4,0.578,False
6d8b8a6e7df5,0.578,False
d058f44e13f9,0.578,False
3f43241f8da4,0.578,False
b9f4d1db2f59,0.577,False
2bac6d26a8f2,0.577,False
d2a02610204e,0.577,False
c274ba5e77bd,0.577,False
8a67690a28ba,0.577,False
1c0671349248,0.577,False
019f5e8ade62,0.577,False
e58a74614356,0.577,False
fc6215fd97a0,0.577,False
ef8041401bef,0.577,False
5b98f1c761eb,0.577,False
8852ae574173,0.577,False
c307c7ff55be,0.577,False
48492cb9d9d2,0.577,False
86eaa8b5e834,0.577,False
cdcfe2609b89,0.577,False
b005ed51093e,0.577,False
ec7ea2e89dee,0.577,False
d0366843e2f3,0.577,False
70de9cbb27c8,0.577,False
aef7ae2a6891,0.577,False
234b0b226191,0.577,False
f1cd027a7186,0.577,False
10ba8b29d189,0.577,False
ff799fb7571f,0.576,False
386fca1f60b2,0.576,False
3784d451d026,0.576,False
aefd6800a503,0.576,False
5c56022e9e19,0.576,False
82df230401e5,0.576,False
5367eb961bba,0.576,False
0cbe2025290f,0.576,False
ee3ff29307bb,0.576,False
5e930d0bce9b,0.576,False
a9cc421d2d43,0.576,False
3cbe32f2c69c,0.576,False
0d7068865cd8,0.576,False
1d8df8487956,0.576,False
fda05a997e3e,0.576,False
466760382c30,0.576,False
eccd5dad53db,0.576,False
576c61104b69,0.576,False
2fc2f46872c0,0.576,False
766f42fa0547,0.576,False
a3e544841b93,0.576,False
844bc8967bfd,0.576,False
a8c3224efeff,0.576,False
0edb4b2f2d2c,0.576,False
8250a4016613,0.576,False
6155b5769efd,0.576,False
207172bcf652,0.576,False
e108d84b790b,0.576,False
5f5ecf5e11a9,0.576,False
eb31d2bf4833,0.576,False
9433c6aca68e,0.576,False
95f73b3b1b38,0.576,False
0f3607f26fe7,0.576,False
642813eb9100,0.576,False
8d5556fc72f2,0.576,False
4c0541d2a1ab,0.576,False
817f5b2f8236,0.576,False
cb6427c1ee7a,0.576,False
867e7822d099,0.576,False
46407f0a0f8d,0.576,False
6a0f4b4dc2c1,0.576,False
bb0f3ea6327d,0.576,False
e79441335580,0.576,False
a9663fab548d,0.576,False
48f0e5b5fbcb,0.576,False
d74740cdbbae,0.576,False
40055ecb9205,0.576,False
da1ce13cf859,0.576,False
67f93393aa5d,0.576,False
af54fb6af4d9,0.576,False
3b67bd964105,0.576,False
2255301f005f,0.576,False
288b6878501d,0.576,False
4b00953eff61,0.576,False
c9f7b8fba7dd,0.576,False
bbeff3f1fc0a,0.576,False
4948e7de1974,0.576,False
067f4c17ef29,0.576,False
e6df3e72ed79,0.576,False
e627da19e4a3,0.576,False
06013e69e520,0.576,False
2ada4f49bd33,0.576,False
1436721ab730,0.576,False
b114c00e8898,0.576,False
822a229b10a8,0.576,False
08d5b0fe1cbc,0.576,False
fb88f291f042,0.576,False
40e50a916327,0.576,False
2d1d27a2844a,0.576,False
0ac4d5dd205d,0.576,False
2816ed004cc5,0.576,False
cd783cc56b8c,0.576,False
54b34873a500,0.576,False
2697fa5f4bc2,0.575,False
5d9245caed82,0.575,False
49f526cb0095,0.575,False
13770bcab1bd,0.575,False
9a8e3f423ec5,0.575,False
64a578887eb4,0.575,False
fea6c4f5a5d6,0.575,False
258f73d16aef,0.575,False
5657322ccbde,0.575,False
f084516c8b92,0.574,False
c15ddefe2ac9,0.574,False
96dd77c36e5d,0.574,False
9ccbceca3c4a,0.574,False
05281df044aa,0.574,False
4cc9db306d19,0.574,False
e8a7671381d1,0.574,False
90fd076c5097,0.574,False
9d56486cc0e4,0.574,False
8477fc55640b,0.574,False
04a0e3bdf9c7,0.574,False
c7b5cceec2c7,0.574,False
af0adbe5198a,0.574,False
57795e954698,0.574,False
b8bb91f5c4b5,0.574,False
b12b268c7514,0.574,False
c79fbf2060b5,0.574,False
d7a75600309d,0.574,False
cf21107e926d,0.574,False
f5b40c73dbdc,0.574,False
0027b50e63e5,0.574,False
a2919d68f643,0.574,False
012d92b69c36,0.574,False
bec65a73a26b,0.574,False
a1eba4d84392,0.574,False
ed3d4ba29071,0.574,False
5d00908e56ef,0.574,False
7cfe64c834ed,0.574,False
dba921908a10,0.574,False
9eac13574395,0.574,False
0d927563eb24,0.574,False
361979882814,0.574,False
4e59d263be0a,0.574,False
cdc962de91c1,0.574,False
bcb9c84b9a16,0.574,False
618705873880,0.574,False
8cfd1017c216,0.573,False
4f0e2dbab02f,0.573,False
5789d97b250b,0.573,False
8c607dbf2664,0.573,False
7718b0cfc213,0.573,False
f41e765ee88e,0.573,False
b097caf9c165,0.573,False
63f81ca46919,0.573,False
b9d6ded446e2,0.573,False
a5339dc573d6,0.573,False
6d3b6ec9985a,0.573,False
d9f5cb705b3b,0.572,False
2ad70335bdf4,0.572,False
ee8fa41d2146,0.572,False
128f00e2e884,0.572,False
699873c73f52,0.572,False
cabe70e1827e,0.572,False
989066d95956,0.572,False
eef850d9406b,0.572,False
ccc55f84d535,0.572,False
5b538b66e47b,0.572,False
01b51458bc21,0.572,False
2b6ff911f201,0.572,False
339fe7a2aba3,0.572,False
600eb34d8b88,0.572,False
204fc3f1fb72,0.572,False
4c3a9f961f67,0.571,False
1581d0b98bbb,0.571,False
b34724ce2cae,0.571,False
383ca4fa6a86,0.571,False
66ca4421ee14,0.571,False
6ddaaf1664b8,0.571,False
c19057d4b784,0.571,False
b24e562a1bda,0.571,False
0f7555c852b4,0.571,False
61f21457e7c2,0.571,False
277943cc3a57,0.571,False
296dd3ad72ba,0.571,False
227943e97ee4,0.571,False
01986de2b7b6,0.571,False
565baab83955,0.571,False
69a1ac3b1a00,0.571,False
03bd5a680f16,0.571,False
d63d1a7263d1,0.571,False
dbfd341cccb2,0.571,False
93161d3849e9,0.571,False
08e9c393d387,0.571,False
8242e084f5d9,0.571,False
ad3cd9a637b4,0.571,False
93368f056ff1,0.571,False
8d5d08c54f0a,0.571,False
908645dfd3f8,0.571,False
b303ecbaafdf,0.571,False
4cf638c172c0,0.571,False
0fb20a188c55,0.571,False
d349deec3f7a,0.571,False
38b79a7feaf8,0.57,False
115f4db1c136,0.57,False
10c86efd28b4,0.57,False
06ac15ae3107,0.57,False
e0eb0e46637e,0.57,False
50c540ce4dee,0.57,False
5d94cbfdb261,0.57,False
3ab37249faec,0.57,False
4cb5cc645e53,0.57,False
71f38cc3358b,0.57,False
7648fd6cc75b,0.57,False
b31e73592755,0.57,False
1b870da58a46,0.57,False
6e81c4b0bef8,0.57,False
a8e3cc634bfe,0.57,False
351b0aeaddd9,0.57,False
f80c7ac5d066,0.57,False
e568895201d5,0.57,False
e15196940433,0.57,False
b01afa5f2cf4,0.57,False
4bfa6f01ecc7,0.57,False
dc25037f6364,0.57,False
6310d155ff70,0.57,False
e7acc7d1ec15,0.57,False
055ae6fb8cbb,0.57,False
bc452b9ae1db,0.57,False
f9a5cd6ab24e,0.57,False
29aeeb6377c1,0.57,False
15e983231cff,0.57,False
0326c69280a1,0.57,False
24b344d40689,0.57,False
9f470caede70,0.57,False
58ff2e933b59,0.569,False
52209739affc,0.569,False
20c28789a9f5,0.569,False
3c1e4f09e88f,0.569,False
857c8ca45211,0.569,False
b5b0fe42db45,0.569,False
7434d255c7f0,0.569,False
68a843f66297,0.569,False
8c0ce743b4cb,0.569,False
b60d20c0a5f7,0.569,False
5e53e7e8b050,0.569,False
d9d7f87efda2,0.568,False
e3908ac6e3c7,0.568,False
4101bd6c6ea5,0.568,False
924b99bfadcb,0.568,False
3990aadee1ef,0.568,False
e414bbd1bed4,0.568,False
d45d021b08c8,0.568,False
09351cf12ff2,0.568,False
3ac7000a2667,0.568,False
e858a64a6624,0.568,False
0b877d96bf7d,0.568,False
b871e297ac78,0.568,False
9f75c2ffe687,0.567,False
e3aee8ddeef6,0.567,False
721d24bddda6,0.567,False
67f896fad3f3,0.567,False
7ecbb050dd86,0.567,False
77b60cb26060,0.567,False
0a65022fab24,0.567,False
4028f8e2bd28,0.567,False
bd865194b858,0.567,False
72b8e9f8de0b,0.567,False
ccad725fe9bf,0.567,False
1a135f8c544c,0.567,False
2e5372728569,0.567,False
4ee5b67dcff4,0.567,False
904aebf18ca4,0.567,False
45d087204e0d,0.567,False
f79a4469edda,0.567,False
f7a01adf65f5,0.567,False
b4923f2c758d,0.567,False
2594717f2d54,0.567,False
c25e0570ef5d,0.567,False
37a089cc4fbd,0.567,False
236cdfc5341b,0.567,False
1e20bce46017,0.567,False
f36ab64bda5b,0.567,False
545972736e8c,0.567,False
046e2a1035eb,0.567,False
e5fd2eb69a53,0.567,False
ce0c5fec9900,0.567,False
d8da633b7fca,0.567,False
05625ab24f31,0.567,False
697382b8f330,0.567,False
6fcf1c0d2232,0.567,False
ee0a1d93e0ed,0.567,False
8e8edab83491,0.567,False
57173fb149d6,0.567,False
e0c853b0c199,0.567,False
8f1bc449b081,0.567,False
816886d81011,0.567,False
ae336c40c3b2,0.567,False
9dd0a017ec25,0.567,False
c0222fede544,0.567,False
07b047fe8cb6,0.567,False
dc8a196bd556,0.567,False
dd2346663fdd,0.567,False
29c01d8dedf7,0.567,False
6a1960429f36,0.567,False
69b493324151,0.567,False
4da92477523c,0.567,False
65459ce5af33,0.567,False
6a819e097546,0.567,False
3d698a82bc15,0.567,False
6cbc0fbba58d,0.567,False
0f80adaa26f2,0.567,False
1f3d32273550,0.567,False
5ab7ac664070,0.567,False
26b4de7e9e66,0.567,False
abab846198f6,0.567,False
33accba45e86,0.567,False
7056e69ec7e5,0.567,False
6b414f8d68d8,0.567,False
c0592c713421,0.567,False
113510193b2d,0.567,False
784d742bb0e6,0.567,False
3c48d7392bbb,0.566,False
20bf62bdc218,0.566,False
cd90b9d654aa,0.566,False
56d70053e4ed,0.566,False
0f72af6df174,0.566,False
9c12094c3966,0.566,False
2c10d3013672,0.566,False
9461b60e851d,0.566,False
53ed66541e50,0.566,False
7e4850b3f962,0.566,False
ba259d9c9bce,0.566,False
6c745882add7,0.566,False
58b04296a2a2,0.566,False
5e26ed356cdb,0.566,False
c50d0bcefc1e,0.566,False
2228c6519e3c,0.566,False
db9b73388710,0.566,False
64dd3a97e637,0.566,False
c6b1a17c6b38,0.565,False
5561056530b8,0.565,False
e986486a3bc5,0.565,False
0e972d91292f,0.565,False
601a8e6af177,0.565,False
96841b03c06b,0.565,False
c1b668d7400e,0.565,False
c6c55521a797,0.565,False
1a83915af498,0.565,False
47dd3102ed20,0.565,False
caee633773f7,0.565,False
dd7ff2cca9b8,0.565,False
a2f14fc74f8b,0.564,False
fbbd42deb100,0.564,False
8720a31c8818,0.564,False
8b915fae2e37,0.564,False
0b28ac3947ae,0.564,False
6b4e1a9e4a13,0.564,False
b61cab79226c,0.564,False
78e2ed10f5a7,0.564,False
748b8c878bc4,0.564,False
a206f85fe23c,0.564,False
03ec98a16093,0.564,False
782304da2d94,0.564,False
9ef3383a2e51,0.564,False
bda63b734c44,0.564,False
03d68f7add99,0.564,False
323511d6f93f,0.564,False
5b18d739bf54,0.564,False
7c186eec9625,0.564,False
a462ec58a3e5,0.564,False
8c6ddb7a5ed6,0.564,False
efe0fb773578,0.564,False
f0c12dabeaa4,0.564,False
0e57bd6b85dd,0.564,False
a5d15fa6e071,0.564,False
fc8aedaad13e,0.563,False
aa82ba0e32d2,0.563,False
a6ab439b4a13,0.563,False
f5a982376cb0,0.563,False
92e15dcba60c,0.563,False
64a8400d8646,0.563,False
762964706cde,0.563,False
fc4a6014c760,0.563,False
06c01cbc2d84,0.563,False
bae47bbc4d76,0.563,False
4473de8c3c20,0.563,False
1feaffd6c556,0.563,False
fa58b7faee96,0.563,False
5709a3f00d23,0.563,False
c7e623b537af,0.563,False
f1f7bcd22ee4,0.563,False
aa305fc7f21e,0.563,False
f2d75ef55326,0.563,False
8ef11ddc6964,0.563,False
cf6ed34d3005,0.563,False
aa35df5092bc,0.563,False
b6655ce47e6b,0.562,False
2d6ba14be6e6,0.562,False
4ff18c5da1f0,0.562,False
b9248e47f6b9,0.562,False
67ad7e3cee2d,0.562,False
c40984a39bf9,0.562,False
8cef8d787421,0.562,False
75509133e5b1,0.562,False
8180065b9f8d,0.562,False
449066234a73,0.562,False
dd83d569b3a1,0.562,False
7833d731e7ca,0.562,False
8dfa643c7635,0.562,False
fff5a6f6deb6,0.562,False
ff493c4acc95,0.562,False
6913dfcd18ff,0.562,False
7000c92858f0,0.562,False
bbad44c587c7,0.562,False
ec014f947e4f,0.562,False
c4a2de2a3c05,0.562,False
c3a3a8aff81e,0.562,False
074a0ca6c535,0.562,False
f677972af238,0.562,False
48ee8354a0b7,0.562,False
dd354d33878a,0.562,False
352e78b17aaf,0.562,False
4f49280a683c,0.562,False
6d58b1c20f31,0.562,False
4ebc1c2d2afa,0.562,False
babb47364b64,0.561,False
540278e5bfc1,0.561,False
bc1c665364a2,0.561,False
c749bacfdc72,0.561,False
1f42e7a4983e,0.561,False
b3009807cda1,0.561,False
7ec00245e369,0.561,False
68dea4ac22ba,0.561,False
acd78f42b3ea,0.561,False
440c639a6f78,0.561,False
18a05363694e,0.561,False
a8bfad2bf062,0.561,False
10a7bb209f8f,0.561,False
28f1cfbddc86,0.561,False
e1d8489dfcf2,0.561,False
846225f18ad6,0.561,False
4e4c457094b8,0.561,False
bc8d91985a2a,0.561,False
2950b3682d3f,0.561,False
b5897d7f7695,0.561,False
ad2e9dc18820,0.56,False
7e3423799723,0.56,False
6dc32fe25a24,0.56,False
06907122bd69,0.56,False
85c79ee8d9ac,0.56,False
79649e9e5983,0.56,False
567b83c4d0ea,0.56,False
c0403c60f7c5,0.56,False
dfb1a8902e29,0.56,False
3045a508b470,0.56,False
bf54c83395ac,0.56,False
2fbf5dd4aae7,0.559,False
8223ec01ef70,0.559,False
04b4dfe60a3f,0.559,False
5060b8b04332,0.559,False
401fb13ff6a8,0.559,False
bef347c396b0,0.559,False
b6bd86769069,0.559,False
eb0c98830d6e,0.559,False
871f0710c525,0.559,False
f80818a8d830,0.559,False
f7d045b4d120,0.559,False
3f46c74d1043,0.559,False
7071efa00d65,0.559,False
cb0544762f36,0.559,False
616f95ddac93,0.559,False
7ba9c76c7b7d,0.559,False
3b191b4a95e5,0.559,False
8b6c498e5fb6,0.559,False
b08d587b8803,0.559,False
1690c7baba8e,0.559,False
2c653e6c20a5,0.559,False
451b4d72b01d,0.559,False
247e8aa21153,0.559,False
5fdbf6585708,0.559,False
b3e522e8de59,0.559,False
7b7e05fa116b,0.559,False
72f35b069d49,0.559,False
c531f1627100,0.559,False
10c0b0a0fa3b,0.559,False
b6ead13aa65f,0.559,False
c689f5dbb0c8,0.558,False
d4036acfa3e0,0.558,False
2061c6397811,0.558,False
1c125f5fbbd7,0.558,False
023acb7fc7e7,0.558,False
3f910cc5a70d,0.558,False
652d1a63fd02,0.558,False
85de54bd6e8f,0.558,False
9a1a747d0bda,0.558,False
e7b61a6a0b41,0.558,False
444b8062dade,0.558,False
81163f1fe3d5,0.558,False
f7e4e800be76,0.558,False
f4e9eb6167a3,0.558,False
22afcc9a7067,0.558,False
aca9fbc48384,0.558,False
21e378138a9b,0.558,False
86972f335c4d,0.558,False
f45d9e4b44a0,0.558,False
8a25ddc336de,0.558,False
a3a4c169f18e,0.558,False
c32b01567053,0.558,False
e1ff8fc9c83b,0.558,False
131fbdd56f60,0.558,False
c1ca9260ce33,0.558,False
4daa5d97129b,0.558,False
bd78065a266c,0.558,False
99386766c138,0.557,False
ec1e1e0bcaec,0.557,False
3fb161ec5166,0.557,False
43daa104e0e4,0.557,False
693334b3c16f,0.557,False
d0931434dd88,0.557,False
2c30a692c5fb,0.557,False
33512b21c09e,0.557,False
01f2bf8b829b,0.557,False
be3ede5cee29,0.557,False
517fb55c7522,0.557,False
c7d44659bb26,0.557,False
162c3306427a,0.557,False
4d6a02543fe5,0.557,False
382a0098960b,0.557,False
c855a028873f,0.557,False
d5500b82f997,0.557,False
18a69852f5f8,0.557,False
f29364d9bfdd,0.557,False
f29b01e57494,0.557,False
13413178585a,0.557,False
b6dc835f38b3,0.557,False
c64bda3bdbfd,0.556,False
cf65b45a774a,0.556,False
3205b6c02f25,0.556,False
c65cb7ca7e42,0.556,False
46fa1f9df738,0.556,False
b3dc20fed90c,0.556,False
824ade1c1fc5,0.556,False
dc353070aa36,0.556,False
851913bed7c5,0.556,False
004c3d733ff2,0.556,False
cf3569e7c5b4,0.556,False
abd58f956e51,0.556,False
7e0fa8639109,0.556,False
876b2f53cce8,0.556,False
1058823e1440,0.556,False
c1cd6069fcd4,0.556,False
dee195c37603,0.556,False
93f48f999d19,0.556,False
81828d287bd4,0.556,False
131dc8cbb606,0.556,False
7ba92b046155,0.556,False
d7ab431de592,0.556,False
42d3609b0b2a,0.556,False
53f107a772b0,0.556,False
cf8479735064,0.556,False
1557c8a1a401,0.556,False
2695afae6250,0.556,False
ff061d87f490,0.555,False
364f8ec21374,0.555,False
1f0d4db55b12,0.555,False
a3db8019e4d5,0.555,False
f591b8a03c8d,0.555,False
c187c9236855,0.555,False
3af70da4a60e,0.555,False
a693e83d9013,0.555,False
0cb4c4641b4d,0.555,False
d0bc051e60d1,0.555,False
062476df7877,0.555,False
6db5ff26007f,0.555,False
b9e3eee0509e,0.555,False
202f69ec3121,0.555,False
2a7522a621cb,0.555,False
4c5fe6c82a22,0.555,False
c92b0fae1857,0.555,False
449d66c46ed8,0.555,False
6b3754419eee,0.555,False
9541dc747443,0.555,False
a33781b6b107,0.555,False
d85ab42168ff,0.555,False
cb315bfecbad,0.555,False
8ba11472479c,0.555,False
bf2d2aea94eb,0.554,False
9b89d4c09857,0.554,False
8c6295b61690,0.554,False
553bf9822a4c,0.554,False
adbceaedb206,0.554,False
bb4913c99d32,0.554,False
4db4549d01d1,0.554,False
355171d42199,0.554,False
cd240848187f,0.554,False
f3f531b9f800,0.554,False
1f59eb5225b5,0.554,False
23a077795e6a,0.554,False
e9252e19fbda,0.554,False
5dbf3e68fbc4,0.554,False
cd14160ca1bd,0.554,False
b61e257f4e58,0.554,False
6911ac89cda4,0.554,False
85936f4a9a3a,0.554,False
bc6998b83b46,0.554,False
840977a3c678,0.554,False
7978bd84dfdd,0.554,False
9704837e0b1c,0.553,False
7f50ff28710d,0.553,False
7982cf97d526,0.553,False
95ffe31507c7,0.553,False
0a3b6ade937e,0.553,False
96f4aef37262,0.553,False
9e8d52555f8e,0.553,False
67da1464f292,0.553,False
db19802c9d00,0.553,False
d78d9e76aeb4,0.553,False
2a339646fdee,0.553,False
452039d81079,0.553,False
47c27063199c,0.553,False
7e5d7b2f885d,0.553,False
af2c7c6053a0,0.553,False
3e2a3920466e,0.553,False
3160e166007e,0.553,False
7dfb1b84eef6,0.553,False
ffd8548123b8,0.553,False
7c7c1a1ae721,0.553,False
ed7dcbd3d29e,0.553,False
b34ef3e0eeab,0.552,False
b5605e369eb2,0.552,False
545d6fc87581,0.552,False
ff1da8a6b775,0.552,False
5d4ceffd11d3,0.552,False
e1c0c8a7fba0,0.552,False
90fed2f92bb3,0.552,False
a79068d79ded,0.552,False
f3bdcb21dedb,0.552,False
764ed0518692,0.552,False
764c15958be9,0.552,False
d526d27173a6,0.552,False
691d96f850a2,0.552,False
5ae8e41a2e1f,0.552,False
f35591cd238d,0.552,False
2d2e4b867a27,0.552,False
6fd0ebd7e7f0,0.552,False
769037f1ddf6,0.552,False
abd7006a2e42,0.552,False
0b2bfe7fd4bf,0.552,False
baf3744be874,0.552,False
03523dce5722,0.552,False
ad86ae2cfe09,0.552,False
faf65a0f83c7,0.552,False
e5a7d8837e36,0.552,False
324d3665f8fe,0.551,False
0bb802b32e86,0.551,False
de867302b4bb,0.551,False
6ed7acc2b5f8,0.551,False
969e66c0be58,0.551,False
1bde4ca9ddb0,0.551,False
6c84f3dbe690,0.551,False
65552a9a3680,0.551,False
fd44e4b0a20f,0.551,False
42c2b18fa504,0.551,False
029c25f28283,0.551,False
39e3ed0b3ce3,0.551,False
e98d5dd50242,0.551,False
f10b9e9391f7,0.551,False
f93b9b3bb1a5,0.55,False
f97a57f06e83,0.55,False
5b34c765476a,0.55,False
f3f3ee65186b,0.55,False
6f2520fd1529,0.55,False
5173659bb6f4,0.55,False
3af057381105,0.55,False
785ecc5721be,0.55,False
24ed9e2eb4c4,0.55,False
9f91d58af078,0.55,False
eab5061976eb,0.55,False
bd0e260cbd3d,0.55,False
f45d3961268a,0.55,False
c520b501f96f,0.55,False
ccebe0ecc984,0.549,False
4df1b38fb65f,0.549,False
454e12c604b1,0.549,False
64fcbae343be,0.549,False
fe3f3bcb9134,0.549,False
8dfd760ef715,0.549,False
8066c4307274,0.549,False
15fd6b746218,0.549,False
a5720941000f,0.549,False
e8289d445a40,0.549,False
ead5092fbaa9,0.549,False
9a487e6913fd,0.549,False
fb5178e0ce1d,0.549,False
01af15be5b50,0.549,False
41fda5e63c14,0.549,False
5b50e182fa83,0.549,False
e608798e09e6,0.549,False
3561da871253,0.549,False
4bd7e91953d8,0.549,False
74c1ab14d64a,0.548,False
df552a415b5a,0.548,False
d6983272ecd6,0.548,False
6bed0aa04072,0.548,False
6fb3f1008b6d,0.548,False
ba10b8f17ab6,0.548,False
70ada9eccbd1,0.548,False
57805997ab93,0.548,False
d77c692dea09,0.548,False
80f0814b8ceb,0.548,False
7e23d3679647,0.548,False
2e611e99faa6,0.548,False
4aa08d2ddc55,0.548,False
de16bb4d279e,0.548,False
567cdf16873f,0.548,False
1473037ad28a,0.548,False
349845d0ae9b,0.548,False
97868caf7835,0.548,False
97a0f7bfe5ef,0.548,False
6bf0873c6bd3,0.548,False
d626ceb93533,0.548,False
50116c92e347,0.548,False
34807391d81d,0.548,False
9d7a2408cdda,0.548,False
073af7daec46,0.548,False
b72218dc4ce2,0.548,False
0446facdef1b,0.548,False
c7d337837e70,0.548,False
2103f17f2ecc,0.548,False
016913fdff08,0.548,False
f702e0858701,0.548,False
cfdb068e454f,0.548,False
c77bdb3efe94,0.548,False
de75cc69fff7,0.548,False
53092bbd9576,0.548,False
e83f2a57b061,0.548,False
eaaf20d2cc22,0.548,False
41ab6e87e291,0.548,False
f0a1f518ae2d,0.548,False
3199351a4829,0.548,False
4821b875b4bf,0.548,False
2c79d002ceab,0.548,False
20a94719707e,0.548,False
20ab5015b16f,0.548,False
2735f6ac626d,0.548,False
24c8f72954c3,0.548,False
371909274b1b,0.548,False
465b5c79165e,0.548,False
1b2b92f64e25,0.548,False
16cd8e231f64,0.548,False
714f57c8e3a8,0.548,False
ceb9ac7c106d,0.548,False
456ac392190a,0.548,False
b0c3c9ada92d,0.548,False
58900623c19c,0.548,False
c4b0c6756f39,0.548,False
6589463ae7ed,0.548,False
3ed610ff3624,0.548,False
f5f55766c752,0.548,False
9fa1de0f9745,0.548,False
486d7e7071ef,0.548,False
8907b35b4719,0.548,False
30137f6f4e7a,0.548,False
b9ac965d0ca2,0.548,False
6600f232bc72,0.548,False
0b08e1e70b80,0.548,False
3bd1194f9ad9,0.548,False
f377ff53f6f7,0.548,False
dda7c7161e16,0.548,False
24a0cf2b1411,0.547,False
95c26a603cd4,0.547,False
263c9cf904cb,0.547,False
1b07dfc99b45,0.547,False
ddcd4c8be3ba,0.547,False
6e626a09a06d,0.547,False
aeebad0286db,0.547,False
5d7c4b73b155,0.547,False
f4bdfdeb5327,0.547,False
457015947727,0.547,False
dccb49569d1d,0.547,False
cf173b59167f,0.547,False
fcf9074c8efc,0.547,False
e57261deb6c5,0.547,False
a1dba4d8b0b8,0.547,False
284cf2d69802,0.547,False
7ebf419e8c96,0.547,False
7069477c48f1,0.547,False
4394e9e93b12,0.547,False
5775510fd280,0.547,False
338de82b7e7e,0.547,False
50a4870427f7,0.547,False
db759c8555a3,0.547,False
39564a1f1072,0.547,False
cf6f44aa2f07,0.547,False
1086eee5979c,0.547,False
cd5214cbe25c,0.547,False
79bb0d843815,0.547,False
400383c36a98,0.547,False
3219c6cbe5c3,0.547,False
1768870cb580,0.546,False
18eb4802d07f,0.546,False
f1cd461c41a4,0.546,False
e44a007d462b,0.546,False
0b8a5284c675,0.546,False
658af8783ca8,0.546,False
07d6cdd63867,0.546,False
de85f7f99b15,0.546,False
28e477ab483d,0.546,False
1d61dda1570f,0.546,False
fb1a447f9d59,0.546,False
b5ec9ce2705c,0.546,False
a1192613a7ae,0.546,False
0b03cde4e506,0.546,False
26141b9d573b,0.546,False
292c6ece9654,0.546,False
7ccc9814154c,0.546,False
72e3bcae6beb,0.545,False
552628a7886e,0.545,False
623d7869e8f0,0.545,False
2031f3a8d426,0.545,False
3b550b062888,0.545,False
3f2a9858d90b,0.545,False
856ec67306a7,0.545,False
e73cf7478bd8,0.545,False
4576383500bf,0.545,False
86ed521ab4fa,0.545,False
1d918d6a8ce4,0.545,False
32f776762071,0.545,False
683726f3832b,0.545,False
ec570c211a23,0.545,False
dfbdbe73d02a,0.545,False
09c79de983e3,0.545,False
2e0fd0e0c7a4,0.545,False
948870c3b9e2,0.545,False
9d5e03104bf4,0.545,False
e0c9f3f69a15,0.545,False
0844e8b728e0,0.545,False
1ee17ed2a748,0.545,False
ac84faa79974,0.545,False
3574d9d348d7,0.545,False
3e9481e85f8e,0.545,False
e794f5f949eb,0.545,False
5dc93d7b01c2,0.544,False
cc10169f19f7,0.544,False
2f0d7ba55a9d,0.544,False
f1900c020052,0.544,False
881253558b80,0.544,False
bc00a08f9d44,0.544,False
6400273d9281,0.544,False
79377a1d787b,0.544,False
6aa912d64b80,0.544,False
a6db7df89e9a,0.543,False
8994fb474d85,0.543,False
6b9952d89076,0.543,False
a2139f6ade5c,0.543,False
c20c329fa649,0.543,False
ff708bfe9c21,0.543,False
f25d1b3ee413,0.543,False
ec84169dba8f,0.543,False
a61f787de032,0.543,False
7feb58a9b7f1,0.543,False
98be0ba3c4d8,0.543,False
ce82ab6cd1b7,0.543,False
80e013e3a07f,0.543,False
025e75234131,0.543,False
4927bfd04598,0.543,False
d465536b670d,0.543,False
43caa7009e0f,0.542,False
92efffcc5f71,0.542,False
82ed7fe261d7,0.542,False
f2d9b78d5170,0.542,False
f80dfd487963,0.542,False
2abdcacb0998,0.542,False
e3efd0b261af,0.542,False
8d3c09bd5efc,0.542,False
8d38057bdd63,0.542,False
2e78b1126988,0.542,False
82ba587a9f38,0.542,False
725c35fcba62,0.542,False
df480cc3dc0f,0.542,False
34676cc3c469,0.542,False
a87fe2d4e70a,0.542,False
d2c1eb0c6532,0.542,False
0954eb86ac82,0.542,False
0fe3bcdd96ea,0.542,False
798769efb3ed,0.542,False
7a272af8c934,0.542,False
b3b0d7281c8b,0.542,False
1e36861ce31b,0.542,False
f76b201a3130,0.542,False
53d97cc1e97b,0.542,False
6fca02d6c767,0.542,False
994b08c64a1b,0.542,False
00f1bb1a997e,0.542,False
eb3058726cae,0.542,False
5e4777692262,0.542,False
d7addeac8010,0.542,False
0fa2ec920ca9,0.542,False
9e49ac894b15,0.542,False
d98a46dd6954,0.542,False
e8aad1e6f310,0.542,False
3dea94922e7d,0.542,False
9dd7ab4ef888,0.542,False
b11f9745521d,0.542,False
952c89d94f78,0.542,False
397da2d7d2ef,0.542,False
ba1a3ed5f785,0.542,False
135fea7a4f41,0.542,False
1b456dac451b,0.542,False
cdb550315641,0.542,False
049e7902aacf,0.542,False
22d2898eee9d,0.542,False
5e93efeb40d8,0.542,False
c36ce2070614,0.542,False
4c8e8a78b02b,0.542,False
85885d3719e5,0.542,False
289e9a9d91f5,0.542,False
97687d313758,0.542,False
b85c2317d2a9,0.542,False
d4b5134ed31b,0.542,False
9a525f7a9c6c,0.542,False
3d46c62575bb,0.542,False
bb232ae0ad45,0.542,False
354c3c1f78cb,0.542,False
72796489e155,0.541,False
0474542b3acf,0.541,False
7d6081205d12,0.541,False
f211a901b066,0.541,False
ccb66bc2d46d,0.541,False
73ea496b8c36,0.541,False
8856cf4ef5f2,0.541,False
51c601e232fd,0.541,False
490750e7c0a2,0.541,False
c2e730a752f0,0.541,False
0ff3ae232294,0.541,False
b4fce9261562,0.541,False
9338bd601a79,0.541,False
571d3f3aba6f,0.541,False
947f5d120913,0.541,False
99761c950ab6,0.541,False
368f10fa544a,0.54,False
a60093238d71,0.54,False
ab94437922bd,0.54,False
45518c98c066,0.54,False
16f2355b5587,0.54,False
1fe02a9f77bd,0.54,False
db0f75c9bfbf,0.54,False
89ff639bd49e,0.54,False
efd1788e8df5,0.54,False
c3e5925dec36,0.54,False
925985ca3249,0.54,False
b36d256b026a,0.54,False
a0395370bf28,0.539,False
2e0b29cb8ed7,0.539,False
49f15073c0f2,0.539,False
b39b79a7db32,0.539,False
3fe1cf8cf43f,0.539,False
27136734dc7d,0.539,False
90c67edfb61c,0.539,False
44fb385e9a66,0.539,False
9e2e73fc7b74,0.539,False
dc3d277c8ee6,0.539,False
4275ef7adc0d,0.539,False
16357c6be8f5,0.539,False
cb314bbe51a2,0.539,False
b1c15ef81fbc,0.539,False
f6db2757c087,0.539,False
447018d6cf1c,0.539,False
7604766af780,0.539,False
c97bd86880c2,0.539,False
9cbb7fa898d1,0.539,False
41250efa4d97,0.539,False
852c8053bd47,0.539,False
b14cd12f7629,0.539,False
605766f03a02,0.539,False
f65e156e91f5,0.539,False
f7436512a910,0.539,False
3fe8523c0875,0.539,False
5fbc29cc6e29,0.539,False
2b03a5984873,0.539,False
c81f987f25fc,0.538,False
1b958289bb9f,0.538,False
60df3551320d,0.538,False
beb022bc6447,0.538,False
e59155655a38,0.538,False
454df1536fc4,0.538,False
49e6c1fcf515,0.538,False
36fab5254ff8,0.538,False
8bf06f53e5a3,0.538,False
97bdd1715b10,0.538,False
f3361378baea,0.538,False
9573e98205bf,0.538,False
855425bf3dbb,0.538,False
fbedcba86aa4,0.538,False
040de9ce3acb,0.538,False
095cf30c1569,0.538,False
811ccd6340bb,0.538,False
a0b3e3421765,0.538,False
293b7f6efe4b,0.538,False
e2b7208a5e14,0.538,False
f005c1620b58,0.538,False
9a48f748f0c5,0.538,False
3df458017ef8,0.538,False
1fda503971aa,0.538,False
f33beb6ac3cd,0.538,False
5028366314e8,0.538,False
b5bf1f307ed1,0.538,False
c6c2af28f835,0.538,False
757409e700b9,0.538,False
70c6d3902655,0.538,False
52f203d9de37,0.538,False
f0b56a1bcd17,0.537,False
2f879193de66,0.537,False
1079889b199d,0.537,False
01a93aca0d78,0.537,False
89ac9b7a378a,0.537,False
98f8478f0d09,0.537,False
2c3eb3c00d0e,0.537,False
3723348b7a93,0.537,False
91021f215db1,0.537,False
c040aed73b4a,0.537,False
cc83da421d52,0.537,False
119bb1d8cdd0,0.537,False
555efa38ad35,0.537,False
f3eb40bad632,0.537,False
83f9d921ba33,0.537,False
f7124286ffe7,0.537,False
6222def4bdd9,0.536,False
bf058f27d80e,0.536,False
935ef2bbbb5f,0.536,False
a0bd39823b56,0.536,False
37a189cde539,0.536,False
6137b39870c3,0.536,False
ea4dacbd72c9,0.536,False
b2a6e8e6bebf,0.536,False
4c4aff41fa97,0.536,False
ac5487735fec,0.536,False
76eb4aacfe6e,0.536,False
cbdc6ea6c08a,0.536,False
806283841444,0.536,False
a7d24212c673,0.536,False
b00b0233dd83,0.536,False
44472b654e79,0.536,False
41796be660ad,0.536,False
da2d5948f487,0.536,False
a57c38864ff8,0.536,False
2af10dd792f4,0.536,False
dd46f107717a,0.535,False
93bdf9867069,0.535,False
14507fac0712,0.535,False
aa05a2b9b298,0.535,False
a53a1759fa47,0.535,False
12a567e8422a,0.535,False
0ad4b22bec56,0.535,False
d82ab53f0a6d,0.535,False
f24cc7aa6888,0.535,False
1125b21ba8bd,0.535,False
37aea0bfc47e,0.535,False
5d15294fafc2,0.535,False
1a7008a9111a,0.535,False
72c77f4a0ecd,0.535,False
c0d17af53392,0.535,False
2d8f8c004734,0.535,False
3001ba302b8f,0.535,False
8cfeacf4f9df,0.535,False
ed9a4da9a756,0.535,False
e06add2a8ecf,0.535,False
b1793d3c3dc4,0.535,False
33d3ff4ddf18,0.535,False
d54419ccddd0,0.535,False
4be2fada9055,0.534,False
904b5c2a6554,0.534,False
d55bb12795ba,0.534,False
b33fbf7c1a1d,0.534,False
85504c8efc39,0.534,False
afae8cdee02d,0.534,False
981405c96dd0,0.534,False
bb6d7cbfe9d9,0.534,False
37360efbf4f4,0.534,False
ba5304a75a68,0.534,False
8ff71bf87ec1,0.534,False
78f8d1eae180,0.534,False
5a2a5c4a9dbd,0.534,False
3ee8af54cb12,0.534,False
a588b644e185,0.534,False
683ba72541d5,0.534,False
a3595347fcb9,0.534,False
0052d25d361f,0.533,False
ab42622b202f,0.533,False
faa0bed6e323,0.533,False
13e377caf8bb,0.533,False
55af7f518f77,0.533,False
e54e5de4ef4c,0.533,False
a2f7c17bb8c9,0.533,False
81ba0b504f9d,0.533,False
93714919d170,0.533,False
171034a2e3f7,0.533,False
673b100fae53,0.533,False
0037572ca46e,0.533,False
086223d66558,0.533,False
5cf1b91ee0b3,0.533,False
973f0d1c44fc,0.533,False
709e759e5c62,0.532,False
c56deacf7dd7,0.532,False
0bce69a6fb77,0.532,False
3daef520524d,0.532,False
1f2bd607f92f,0.532,False
5650af1b7f50,0.532,False
8dd6ea9d6d47,0.532,False
36759c2075e9,0.532,False
ab9ffd3f606c,0.532,False
9197681ed3aa,0.532,False
c94d02beff54,0.532,False
ccab35a94b1c,0.532,False
302f6250fd2a,0.532,False
5368b1032733,0.532,False
df9a19f0ae6a,0.532,False
5b510bdcec6a,0.532,False
f7b14ff5971f,0.532,False
1d7a2d620086,0.532,False
056ae30a19b1,0.532,False
2a40632d9bc5,0.531,False
bbc5b49ad412,0.531,False
70d24d299592,0.531,False
5f69a56da477,0.531,False
de9396d4c931,0.531,False
4b2270475e30,0.531,False
0c9385eb4ceb,0.531,False
ff70902910d3,0.531,False
baf586662071,0.531,False
63ceb4e337c8,0.531,False
4d0633c1ad4d,0.531,False
bf5afc6be301,0.531,False
536ae0a3e2e7,0.531,False
baadeb13229e,0.531,False
65ffed322cfb,0.531,False
597302ad6a62,0.531,False
5e37f409dfb5,0.531,False
46281e0bd5ba,0.531,False
29d5aca39c30,0.531,False
c98cbedbbb16,0.53,False
85effb568a0e,0.53,False
e03e0dd8612d,0.53,False
2b6ef0a476c7,0.53,False
9c2564604565,0.53,False
316c0071959b,0.53,False
ae9c85798b79,0.53,False
91de695dab82,0.53,False
122636530488,0.53,False
0f560309cea3,0.53,False
0561e8c7d26e,0.53,False
d400285946fc,0.53,False
b3d50eb25639,0.53,False
8364b2605c3c,0.53,False
b4437ebaef47,0.53,False
c750658f18f4,0.53,False
473847cb648e,0.53,False
b2d06639ca76,0.53,False
f7ba2ce795f6,0.53,False
a672f81eb7bd,0.53,False
52c4c87f3816,0.53,False
99b25cdceca2,0.53,False
ed688c86cc81,0.53,False
d4e0640f55dc,0.53,False
02ff7771dbbe,0.53,False
b1b05da0fbab,0.53,False
f0ef5d379395,0.53,False
ccb8561963f2,0.53,False
ab16454897cf,0.53,False
61672d596788,0.53,False
853c68ad5741,0.53,False
a02bce1b5643,0.529,False
e291ac63def7,0.529,False
8e643fd75b5e,0.529,False
265da694939a,0.529,False
10dcebaa7536,0.529,False
edf245e7365b,0.529,False
d718f3f36143,0.529,False
b8ca818061fd,0.529,False
fd3f59c66b6c,0.529,False
f4e77e0c967f,0.529,False
f66cf608e8a2,0.529,False
6a5c75971279,0.529,False
0ecbbbdebda5,0.529,False
9a0f4ae35124,0.529,False
12407c2422f2,0.529,False
3e30eca3ed78,0.529,False
f617c21dd950,0.529,False
dffb94754ba3,0.529,False
d7b46e37b279,0.529,False
bfddc6eacd50,0.529,False
68fe242d0c05,0.529,False
d25b4f94d463,0.529,False
250433f24e58,0.529,False
a94c8c6f629a,0.529,False
4b67bbfe40b1,0.529,False
44d8b1fd7d4c,0.529,False
2c4de04f98f7,0.529,False
9ff124a8d497,0.529,False
9fbd14b0acd3,0.529,False
c3e5fd2e45c8,0.529,False
cc648b8dde63,0.529,False
28af33435072,0.529,False
75e5ffc595e2,0.529,False
9e27de7cb9eb,0.529,False
19bc318732bb,0.529,False
9341b18c794f,0.529,False
b8543cbf0d8d,0.529,False
00a7d876fbd9,0.529,False
1b77646e16f5,0.528,False
6cac8f6b8dde,0.528,False
3e1d6993b7b4,0.528,False
99480bec0235,0.528,False
46349af31ee2,0.528,False
30a9f325fa2f,0.528,False
865ec8e462bf,0.528,False
87c5c1b2fae4,0.528,False
5500f7204a39,0.528,False
9c3bbbb4dd6b,0.528,False
e74a8d9ab734,0.528,False
393d24298bd3,0.528,False
915270e82722,0.528,False
24a44387c147,0.528,False
ef07344ec541,0.528,False
d3a7d93ade8c,0.528,False
b2458c062eb2,0.528,False
2d77fb18e464,0.528,False
6cd01ae6dc6b,0.528,False
fee5fa433e99,0.528,False
45cd78b0afd6,0.528,False
daf73df73257,0.528,False
01aa1fd7e50a,0.528,False
28f15ab5a4cf,0.528,False
1a34c01c906d,0.527,False
30c99f7ef048,0.527,False
ecbc8b71f33e,0.527,False
99dbdbc8d372,0.527,False
d96a0b505318,0.527,False
4d3319689c15,0.527,False
4b21319b3e9b,0.527,False
4b30a944823b,0.527,False
62727d85dc8e,0.527,False
dd6fd0434c8b,0.527,False
dd833dbcd6fe,0.527,False
a0b52c6023c5,0.527,False
fb5f3e1d105b,0.527,False
964dc029e783,0.527,False
f8599ef241d7,0.527,False
e202ce26388c,0.527,False
dec98ee63477,0.527,False
e5bab250edc7,0.527,False
057769b66237,0.526,False
ca1b05711e5e,0.526,False
07a00c6bfa05,0.526,False
adf6c5e1fde5,0.526,False
bd6dcade8be1,0.526,False
284c9f7c41f7,0.526,False
7eab2a07dfc3,0.526,False
038d1f11d96c,0.526,False
97982cc12819,0.526,False
a7df97332d6c,0.526,False
80bce381736c,0.526,False
2cb49b82abaf,0.526,False
4d9c55deec28,0.526,False
e0134581fb29,0.526,False
e53cf127be5f,0.525,False
379d6b42b971,0.525,False
62a573856250,0.525,False
1d19d26009c6,0.525,False
c08f078d266c,0.525,False
15c24f74d860,0.525,False
e554684be725,0.525,False
2fa1f693b84c,0.525,False
90575f85419b,0.525,False
12b69eb0b483,0.525,False
948152415731,0.525,False
aa689db39171,0.525,False
bc50e678fee8,0.525,False
35bb9a945e57,0.525,False
d8822b6a57e3,0.525,False
177f42482f78,0.525,False
64468460a6de,0.525,False
55fbfcbe66b2,0.525,False
46dcc506fc56,0.525,False
6d958479deef,0.525,False
b03ad1de8e38,0.525,False
0e3994b5e82b,0.525,False
f13f654fba2d,0.525,False
d0f3fb5a8d12,0.525,False
a6f6c4802717,0.525,False
cd262ab06471,0.525,False
b803e8114967,0.525,False
c9a86aff1dea,0.524,False
5e50ce57dc8c,0.524,False
8e53e7b8579d,0.524,False
5e47e37bfc68,0.524,False
c9c85c5bee00,0.524,False
aeb8eadb6974,0.524,False
667a8e5c48e8,0.524,False
2312f2d4ef06,0.524,False
31a876641cc4,0.524,False
fb65b954d0f2,0.524,False
677149376c1c,0.524,False
6d0fa005a753,0.524,False
c8acd407554a,0.524,False
c8ad37d9b0a2,0.524,False
c4a828aaeba0,0.524,False
a1fbb107c5c9,0.524,False
e2e2798c3540,0.524,False
3273e72ab0cd,0.524,False
4c1f40bbad5a,0.524,False
33792a0fe61d,0.524,False
a18a92b7dd9f,0.524,False
0d6014fcd6ad,0.524,False
d269c06a5c28,0.523,False
d99ec5064d0e,0.523,False
bdc02966ea03,0.523,False
9bc759356fbd,0.523,False
cae53efe61b0,0.523,False
5a80496a72c8,0.523,False
1201722464cc,0.523,False
1e46a44395f0,0.523,False
ac8375f0d655,0.523,False
8c6e89f9ffbf,0.523,False
6e37ce532736,0.523,False
defadd2d00f1,0.523,False
731ca9df266b,0.523,False
dae38e75cef3,0.523,False
527dbac2427f,0.523,False
6a49770454e3,0.523,False
044d5f1503bf,0.523,False
4e2dbf15f01f,0.523,False
03513d4064b6,0.523,False
32dee77f2ebb,0.523,False
d63b35a1701a,0.523,False
8dcbd947c3c8,0.523,False
711785724210,0.523,False
3e03ca688a6d,0.523,False
5ace7f14789e,0.522,False
4cade1361b19,0.522,False
4c8f9f2474e0,0.522,False
4e2c64fcbeb9,0.522,False
8175fbff83a0,0.522,False
ab7e7aa6a087,0.522,False
88f76c29d633,0.522,False
7322176f5c5a,0.522,False
1adff7311f7b,0.522,False
3e4df6162c6a,0.522,False
cf77f90f7360,0.522,False
469b24b30f53,0.522,False
c3463796c61a,0.522,False
799bb4c26943,0.522,False
ede60a615108,0.522,False
0be92ab43506,0.522,False
961004e4043b,0.522,False
fb644c25db4b,0.522,False
9c9938491fa7,0.522,False
ccf48164a757,0.522,False
da1d53e40f6f,0.522,False
5c998e70493c,0.522,False
ade7d2495a1e,0.522,False
5eb23d230d22,0.522,False
da321eaebe7b,0.522,False
ad3d1d266f21,0.522,False
5ba7eae38e0f,0.521,False
cb6c23ffdb95,0.521,False
c5aea6e8be3d,0.521,False
4998d28e852a,0.521,False
2def77aabbf7,0.521,False
db4655a0d6f0,0.521,False
0200cf7cc210,0.521,False
20b7b610aab8,0.521,False
8f1688a68f4b,0.521,False
f36e1ec2ff19,0.521,False
c7d41c2eb7c1,0.521,False
efc26cb90f3b,0.521,False
865fb74389e8,0.521,False
d37aa4e650b7,0.521,False
fc9692f1ed5e,0.521,False
df6c33ce6ac9,0.521,False
65a4d48cf6a2,0.521,False
6a7c521895c6,0.521,False
c5f75e58945e,0.521,False
84724088adc1,0.521,False
35f7b9bb5cee,0.521,False
d989c4d5cd37,0.521,False
1114e45645f8,0.521,False
07790f1d5306,0.521,False
7c4899ab7165,0.521,False
a541391ee6a1,0.521,False
4d084539d505,0.521,False
c8cf37f231cc,0.521,False
8ec214167711,0.521,False
9a6b6513912c,0.521,False
8295f2d104c5,0.521,False
63850e3db0f0,0.52,False
b31bdd8151b1,0.52,False
51cdb79e6e64,0.52,False
3164a6961597,0.52,False
d1e0bc3d45a1,0.52,False
a14a44f48003,0.52,False
b7acff7044ff,0.52,False
043e2de29ef7,0.52,False
6098bf0c00d4,0.52,False
d9647c771159,0.52,False
73294eca897e,0.52,False
6e019c4f7fbe,0.52,False
2f2b22692a8f,0.52,False
1a4fc72ddd3d,0.52,False
727d75957263,0.52,False
1b8b31026184,0.52,False
1d0c183d7374,0.52,False
4d6d706809f8,0.52,False
90e3e76342c1,0.52,False
e7cd252f2958,0.52,False
7478a86c0aea,0.52,False
a05c73ae5fae,0.52,False
c574c4f449fc,0.52,False
956429fcd90b,0.519,False
c376bfc416b4,0.519,False
ec2bb53a99a0,0.519,False
1bbf2e923469,0.519,False
1205f32d568b,0.519,False
fe42db8e8f13,0.519,False
21b668409152,0.519,False
d1ea9d3856e8,0.519,False
ba5af229737f,0.519,False
cf3174654463,0.519,False
0ed5a9d19b70,0.519,False
05e36dec8a93,0.519,False
acbb4e4abc04,0.519,False
1d78975a6dac,0.519,False
ddf821d7dd6e,0.519,False
3fd33190b6b2,0.519,False
7ffbde5bb697,0.519,False
452752e9ab78,0.519,False
28f323da99c2,0.519,False
40c787367365,0.519,False
1a7cab3cedf4,0.519,False
dd74f5abdc48,0.519,False
11344db75b4f,0.519,False
63634f8951e2,0.519,False
14a3ae76f464,0.519,False
65f388e487dc,0.519,False
f41ee960b04b,0.519,False
9bd0e3cf3d76,0.519,False
36fc59a29d00,0.519,False
17b54cb6c7b5,0.518,False
da385f621101,0.518,False
8feb3efd574b,0.518,False
3b5a54fc3bad,0.518,False
c539239a06ee,0.518,False
a0235b55c46e,0.518,False
0a02da8c76d2,0.518,False
0db448fa9e8b,0.518,False
d83f97ab9a83,0.518,False
431bbee7c487,0.518,False
c2e125c7f013,0.518,False
974d1e7233a8,0.518,False
8e85768b7992,0.518,False
d0becee53542,0.518,False
79e0054edde6,0.518,False
b214bb1e3ff6,0.518,False
d706f18717fe,0.518,False
56dc59c6248a,0.518,False
7dbe6c05a13d,0.518,False
801206cbe7d0,0.518,False
e3053cd63124,0.518,False
18a2c90250b8,0.518,False
2c1546bdb748,0.518,False
5a7d7bdb593a,0.518,False
9f3350cb4501,0.518,False
784d30b40263,0.518,False
c44708f1ef1f,0.518,False
2914cefffa22,0.518,False
a91e11912608,0.518,False
52e46697387e,0.517,False
460d4bdd101b,0.517,False
9e41020ece76,0.517,False
b31ea07c0407,0.517,False
1d246533f8c9,0.517,False
93fa0d281543,0.517,False
b3708ff2de43,0.517,False
d21c6d69ebf6,0.517,False
3931e6f3aac7,0.517,False
2c53409acb56,0.517,False
59945def48a6,0.517,False
c116cde20827,0.517,False
bcac3ea425d6,0.517,False
a2ed3dad043b,0.517,False
44dfb8ae2766,0.517,False
e62906abd062,0.517,False
33d525e5ef5f,0.517,False
f285d8341bb6,0.517,False
a3caa921c6b5,0.517,False
d75e419b808c,0.517,False
6663eef45833,0.517,False
37cb7ca6fe6d,0.517,False
da58734f0657,0.517,False
7e78452e0376,0.516,False
b9cbf138d809,0.516,False
83643595100e,0.516,False
9126b1ef4151,0.516,False
b551feb096db,0.516,False
d7b0c334b851,0.516,False
ddae9b17f0d2,0.516,False
f559d5182a3a,0.516,False
a02fb1d02f09,0.516,False
ff5ebb2b86dc,0.516,False
c287c5c59f1e,0.516,False
d2849bd557fb,0.516,False
5f63f1efa29d,0.516,False
e6c7b5b1f45e,0.516,False
8147ebbc5a47,0.516,False
d7bef1badb45,0.516,False
b6e84a19e138,0.516,False
9a146526692c,0.516,False
1b3865709724,0.516,False
6b9089c758cf,0.516,False
0ee92c1b1f10,0.516,False
6235894bf3a6,0.516,False
aeec580a6e5e,0.516,False
74a859742a9b,0.516,False
be42884017f7,0.516,False
b69fecee28c7,0.516,False
1c95827eaf4a,0.516,False
03d2ebe04664,0.516,False
2b2d2bd2a158,0.516,False
8c4b90016494,0.516,False
aa87d350a665,0.516,False
627ff20df699,0.516,False
066410ee66e4,0.516,False
35d11ee2d545,0.516,False
f893de33a31d,0.516,False
669a8a6c204a,0.516,False
576ddfd7721a,0.516,False
8590eee16387,0.516,False
ed4b085f5025,0.516,False
ed43a32fb849,0.516,False
39bc9a202ad2,0.516,False
6cd68386c129,0.516,False
3a6aa6c3e227,0.516,False
21838f21bf56,0.516,False
21b8f3a93a06,0.516,False
4f35b9c8b9a6,0.516,False
4f97a9921f9f,0.516,False
bbd5f2fea99b,0.516,False
eb4b76726589,0.516,False
bbf9ccdfb1d7,0.516,False
45ea2d495eb4,0.516,False
daf86deb6c52,0.516,False
112cd1b9e593,0.516,False
ed698ea8ddc4,0.516,False
3fe5d419fe4a,0.516,False
cd291290b238,0.516,False
7e0a011a5d91,0.516,False
2d85ea5541a3,0.516,False
df8c7fcdb605,0.516,False
d385c3038a6f,0.516,False
fc9c7b7330b4,0.516,False
30acbe3fb351,0.516,False
d87be3e3ef6b,0.516,False
9d341f7b88bb,0.516,False
c465ef6e026f,0.516,False
54ab241fcb24,0.516,False
b0f0e26d27b7,0.516,False
a8374711ac6f,0.516,False
9e653b941584,0.516,False
e5382120218b,0.516,False
ab1336a9332c,0.516,False
dfed464f4f51,0.516,False
fcda42e42dfe,0.516,False
76c9dd354fed,0.516,False
f33ca1da9afa,0.516,False
2bcd84881d1e,0.516,False
6fde7b1cce9c,0.516,False
ee9e50370fca,0.516,False
532bd8c2654c,0.516,False
e5a5c24ad358,0.516,False
18c7e7315ed1,0.516,False
4be7b4007b6a,0.516,False
33520e60116f,0.516,False
33391b4706e4,0.516,False
f4f67def5e4e,0.516,False
4c30eee74ce3,0.516,False
6c5bc18fbad5,0.516,False
3fed5e4323a6,0.516,False
b08df2f51c17,0.516,False
da737feaa69d,0.515,False
6bbd52e4ffad,0.515,False
a7a715762d71,0.515,False
deea96c4495b,0.515,False
6db04b036111,0.515,False
ac9919c734fe,0.515,False
03a75bd27b52,0.515,False
c236af167519,0.515,False
29d5e345ebae,0.515,False
809ad9fd797d,0.515,False
5003691a0128,0.515,False
50f19494d692,0.515,False
658c030d9317,0.515,False
0770a6f77a7a,0.515,False
eba713d78f36,0.515,False
419befdfb270,0.515,False
16bd53c9e290,0.515,False
c0214421f4d0,0.515,False
f7ad9a60728b,0.515,False
365f7db09e9a,0.515,False
f83a9c2683be,0.515,False
456005c6936b,0.515,False
7c310fcf2aa8,0.515,False
f06d46e7f92b,0.515,False
efe34a4b2b9f,0.515,False
2ccfc54b6ce8,0.514,False
e10c9833e06d,0.514,False
d5212e08d493,0.514,False
06f0a12305b4,0.514,False
2c85a0d36bf0,0.514,False
fe9b217b76cb,0.514,False
f2603522d34c,0.514,False
52270cc913f5,0.514,False
43d52ee7fdc1,0.514,False
2610524ad16f,0.514,False
5ee3c46eb598,0.514,False
f29a0d988858,0.514,False
0202df3d6c10,0.514,False
855e7489db63,0.514,False
854f9a4cfe3b,0.514,False
69494bbac35b,0.514,False
c091a1f88bba,0.514,False
7863cbb1b719,0.514,False
85995eaf06e0,0.514,False
00524260147b,0.514,False
b0cd5277ff98,0.514,False
c536e62751c2,0.514,False
5b4525239d4a,0.514,False
56641d8dcb1c,0.514,False
8f274472798b,0.514,False
39acda18f061,0.514,False
362747cdcf9d,0.514,False
b626e65ebe8a,0.514,False
0ad012a1a436,0.514,False
2c52a9982c1f,0.514,False
c79655030350,0.514,False
fb40614cf2b9,0.514,False
d77669e811a5,0.514,False
32b0fdb916da,0.514,False
177e983f41ad,0.514,False
9de10ede2ba8,0.514,False
f5fdccdf9307,0.514,False
b4059579271d,0.514,False
f3227673d19c,0.514,False
ba5beb4e094c,0.514,False
fda4dd45ad83,0.514,False
cddd0700d276,0.514,False
69ac11f96a3e,0.514,False
367a58144a24,0.514,False
b1c976bcb3b7,0.514,False
468200fe65e2,0.514,False
28f6506bb26d,0.514,False
ab3913a86e64,0.514,False
aad0d6e38d4c,0.514,False
d8b3b074a5e3,0.514,False
4327c3e21c7f,0.514,False
0b70f33ec7d1,0.514,False
ce510b6fd7fe,0.514,False
674d681d338b,0.514,False
8447ea5d486d,0.514,False
fcecc7a2f923,0.514,False
0db4a64c8560,0.514,False
3b4b922af91c,0.514,False
48988e71dfc0,0.514,False
8ee938231d5e,0.514,False
ec3e4c2051d3,0.514,False
ce936a432bd5,0.514,False
df90af9934ae,0.514,False
f1b342435b5d,0.513,False
8e7c0605e61e,0.513,False
246b0aa3a1aa,0.513,False
490463332363,0.513,False
ba18cd7ba2c0,0.513,False
1444c0bf8437,0.513,False
27ee785c657c,0.513,False
a9b7f6c89fd6,0.513,False
ec934062f686,0.513,False
67f851e2b9c3,0.513,False
b261c0d0a49b,0.513,False
9ced34e35532,0.513,False
ed4b842b43b2,0.513,False
21ea9464fba2,0.513,False
d4f395453ea6,0.513,False
c04bc8b72fb6,0.513,False
9244471eb2b7,0.513,False
0bb29d76faa1,0.513,False
f326e28d7881,0.513,False
b1c3335b2f97,0.513,False
d626593f4723,0.513,False
2bf2eb11d5fd,0.513,False
61f66a869a2e,0.513,False
b9985f07892d,0.513,False
e32078ea6e6e,0.513,False
ad15458975a2,0.513,False
55a72dfae63e,0.513,False
0a385220b0eb,0.513,False
501898c5fde4,0.513,False
4494185fd2cb,0.513,False
40bd89c33620,0.513,False
b7fc190ef003,0.513,False
b33696a26d44,0.513,False
b83ee478efa9,0.512,False
8b1863356640,0.512,False
f250a45e3f31,0.512,False
acb2a012d3a1,0.512,False
e0ce2c6d7987,0.512,False
0df43dd4219f,0.512,False
95a28e08499c,0.512,False
f61ce796d92c,0.512,False
21ce127aa909,0.512,False
519a631be31a,0.512,False
0f2065737019,0.512,False
a127bffdba33,0.512,False
aa1726d13462,0.512,False
19f680de4a65,0.512,False
231885f60d16,0.512,False
96f97066acf8,0.512,False
395c0eb0a205,0.512,False
3049812ecb98,0.512,False
cf2d0a7e1dbc,0.512,False
7cf401c93dfd,0.512,False
da970ca45487,0.511,False
bb80152b9176,0.511,False
e3484ee772a0,0.511,False
bd5bb0d18e7c,0.511,False
f1b2607eb59b,0.511,False
1989eee2a847,0.511,False
fed0094dc2de,0.511,False
2252a0bbe3ee,0.511,False
3a1d1085652a,0.511,False
d5030329090d,0.511,False
21d11b8cbe1b,0.511,False
b903006fa308,0.511,False
c84ae0cee929,0.511,False
ef0c9bf55239,0.511,False
bc39a79114a6,0.511,False
4126b4c0921b,0.511,False
1df78af7de50,0.511,False
111a1fe97e37,0.511,False
aa07a15b896f,0.511,False
6e3a71a20276,0.511,False
032911753324,0.511,False
30997b0fae42,0.511,False
f6d7aee32d26,0.511,False
5af1e2e4cd9e,0.511,False
03db99696c59,0.511,False
0b58069130eb,0.511,False
48024336c663,0.511,False
f68103b3472e,0.511,False
3556fe00d1eb,0.511,False
3c0987ca60e0,0.511,False
a64c1dd7fd98,0.511,False
6edcf434c76e,0.511,False
8edbf651af8b,0.51,False
142c43fd7bc8,0.51,False
803097bcab7d,0.51,False
6c63a2c31d12,0.51,False
6791968cd546,0.51,False
81994ccfead0,0.51,False
20f904c319fd,0.51,False
c7c7a8839638,0.51,False
0bdcab29ec18,0.51,False
a28b1c1d88e2,0.51,False
757656f09f42,0.51,False
8e04b32041cb,0.51,False
1a599b170b6b,0.51,False
683a1c35398b,0.51,False
22485ff676c7,0.51,False
e4a22d86e5f1,0.51,False
5535fdb22377,0.51,False
8b0fce3b9d7f,0.51,False
8dbbe7dd0c41,0.51,False
b9a66dc348cd,0.51,False
43b445852cf5,0.51,False
d15333417613,0.51,False
d68df315cb8e,0.509,False
2ecade9ac5b9,0.509,False
da5a3025f63f,0.509,False
b4b0cea7ee12,0.509,False
cb00aada1830,0.509,False
84d226963a49,0.509,False
7b26459933df,0.509,False
c362c8f048cd,0.509,False
42ecaa835362,0.509,False
177667d3c76d,0.509,False
034a0bab0b4c,0.509,False
fd7135e05dfd,0.509,False
083f4661ee28,0.509,False
218a689732e1,0.509,False
c04020f0e151,0.509,False
06bf3ed5392c,0.509,False
06f4946c23b2,0.509,False
147caee0b634,0.509,False
f94568a7f35a,0.509,False
4fdf0bda1bca,0.509,False
3e9f799110aa,0.509,False
3575da625420,0.509,False
a84eb647dd26,0.509,False
5cdfd46c158a,0.509,False
8a8eeb29373f,0.509,False
36e2c837be82,0.509,False
a401fea16552,0.509,False
de8a3966caba,0.509,False
3fa56da80f0b,0.509,False
091bb12df0e4,0.509,False
1be015edefc6,0.509,False
e8b93a6215ea,0.509,False
960e7205c43e,0.509,False
de47291769be,0.509,False
8b85bb3a7e68,0.509,False
cc2273a03838,0.509,False
6deffb366f47,0.509,False
295e2c59f130,0.509,False
a284a893eb21,0.509,False
05bf76ea5569,0.509,False
830071371fb6,0.509,False
e93fea778c4e,0.509,False
2a351a6ed907,0.509,False
910e71519b87,0.509,False
cf832c64c885,0.509,False
b9e66fe220e7,0.508,False
48b2ab15b48c,0.508,False
c51f24e3234d,0.508,False
8c14d49c22c0,0.508,False
4d3528a4858d,0.508,False
e27f9a4a0d71,0.508,False
5b359fe146eb,0.508,False
4dba0da84e5a,0.508,False
96914bfbb4ee,0.508,False
a9dc676f5833,0.508,False
3e4352f01fde,0.508,False
1221fbbacacc,0.508,False
55defae1013b,0.508,False
34d404e3da26,0.508,False
24e47654ea90,0.508,False
1293adbc2a97,0.507,False
70af2b026fa7,0.507,False
5eb78baf980b,0.507,False
a0ffaf805e0e,0.507,False
68d7a5d24be0,0.507,False
80c7938bdf33,0.507,False
01a2d93ed0a2,0.507,False
b3322baaaf2c,0.507,False
7973d7c26db9,0.507,False
d73de6e85349,0.507,False
1c66c604183f,0.507,False
4259d1d05c03,0.507,False
ae9aebca9e2c,0.507,False
610a55418c99,0.507,False
654c86d0fb41,0.507,False
22ae3771c504,0.506,False
a6cd52830aad,0.506,False
75289fe013f9,0.506,False
27dea1277e0a,0.506,False
2c243242db2a,0.506,False
8c8bc3ee149a,0.506,False
3ed7b7035b41,0.506,False
35aafe1186b1,0.506,False
bd91b3ed83a8,0.506,False
9b9764d31759,0.506,False
1e4c003758b1,0.506,False
665993f68770,0.506,False
a470ab32ab4d,0.506,False
fb95db9f7f19,0.506,False
a55455aeb017,0.506,False
a98911423925,0.506,False
554e4b4fda97,0.506,False
0116a126683f,0.506,False
202c3ffbbdb7,0.506,False
75dc3ecaf71d,0.506,False
dd2507f1ed72,0.506,False
7f78b6ab0a82,0.506,False
9a32f8d6f819,0.506,False
5f40e8f35c11,0.506,False
17ae28256af4,0.506,False
d05012ad1567,0.506,False
f590a59821be,0.506,False
2a3373d14e81,0.506,False
b6319b7d51e2,0.506,False
a5978e0e6c92,0.505,False
1f4208eb648c,0.505,False
5d02e1810470,0.505,False
685da23c5da9,0.505,False
831321a3a9e0,0.505,False
193e986ef3db,0.505,False
ed74f37aaffd,0.505,False
ad34d808f44a,0.505,False
98bdb790964c,0.505,False
ffac02347fd4,0.505,False
64e8307c5a9a,0.505,False
1216bd4d3f98,0.505,False
b730fbee60a1,0.505,False
7350b474e09c,0.505,False
1c19b4809d17,0.505,False
c4a0489420db,0.505,False
91b9e40e464b,0.505,False
3ca2179695c4,0.505,False
0b7da87ef1e0,0.505,False
2c8c05e70543,0.505,False
c883cab20f3d,0.505,False
179eaf3ae980,0.505,False
deb4083b23bc,0.505,False
9c105a055a7e,0.505,False
2c242a33c728,0.505,False
f38e2e91e6fa,0.505,False
3e541e3650cf,0.505,False
baeca63ed08c,0.505,False
a161fa739d8e,0.505,False
014610ae925b,0.505,False
df6faa8b52d5,0.505,False
bf5d207c50a2,0.505,False
b90b59ca04c2,0.505,False
e1e14b784265,0.504,False
500d8cca63d0,0.504,False
283531d4eab4,0.504,False
45586ff57b9e,0.504,False
3479eeceba5b,0.504,False
6b8392d5de07,0.504,False
16abddf05385,0.504,False
7cee5bd95407,0.504,False
dfdf8faeecb7,0.504,False
745756447d1e,0.504,False
ed9e3d87d496,0.504,False
d7c69cd22183,0.504,False
43fc548b4038,0.504,False
56c8ab687977,0.504,False
19db2ce43723,0.504,False
4e73a8bd0af1,0.504,False
370ed16cd3d3,0.504,False
baa15d4a6254,0.504,False
c2310f817dc8,0.504,False
0b6f23407f37,0.503,False
642c94c40e6c,0.503,False
2625631d2939,0.503,False
607d248b4294,0.503,False
96ea88b1c531,0.503,False
e036ad6fe0ba,0.503,False
c034c6837548,0.503,False
270a144bd8f0,0.503,False
f996000d900a,0.503,False
7cb4a9239c03,0.503,False
67420b03c884,0.503,False
6be77d248f50,0.503,False
e5d694eda270,0.503,False
318d3f3bb89f,0.503,False
43402167c184,0.503,False
2f53e9330272,0.503,False
15291074fc12,0.503,False
e16e7c61c286,0.503,False
7623d9cd0971,0.503,False
e1558b2de785,0.503,False
beff061ca4c9,0.503,False
ab5860a1651f,0.503,False
70f3e6ccb754,0.503,False
630b908b3bd2,0.503,False
0e4d0bb3d231,0.503,False
beab0260d3e3,0.503,False
c6aa140ca1b4,0.503,False
14be74624d23,0.502,False
af2d1b7bfe3a,0.502,False
376af0aa4e8e,0.502,False
52650cf2ad49,0.502,False
9d6460a0a351,0.502,False
da116f1400c7,0.502,False
00c9df4734d9,0.502,False
5b15028ef619,0.502,False
392f470dab93,0.502,False
c6a7127c1678,0.502,False
cd798b719c5c,0.502,False
f8012f84c3a4,0.502,False
97660c639e57,0.502,False
6064ddc0ee93,0.502,False
55c6af1f65d8,0.502,False
1f5b0d97c373,0.502,False
79df14bc46e6,0.502,False
59f192a2e6db,0.502,False
8a7e6f41d732,0.502,False
e76856e24d3f,0.502,False
d9a0299a6388,0.502,False
1761f0d9acbf,0.502,False
7269e58ad178,0.502,False
bf463ceab325,0.502,False
09163e8483fc,0.502,False
2f569649dc2b,0.502,False
fbbf973806be,0.502,False
750557fa8567,0.501,False
857b7105b31e,0.501,False
79360c8ee6a2,0.501,False
1008e878a6df,0.501,False
4d466d2939b6,0.501,False
b4cb17f2bba6,0.501,False
37a4102c7c31,0.501,False
968569214b1d,0.501,False
ec5e7a7fc7a0,0.501,False
5726b2c6f1c0,0.501,False
1171811e5a32,0.501,False
7991e1898a0b,0.501,False
d9281e906a97,0.501,False
2bbf7079f894,0.501,False
529716e1980d,0.501,False
276e45de66b5,0.501,False
25ba5913750f,0.5,False
ef28376ee061,0.5,False
4755769054fd,0.5,False
4686802d95ba,0.5,False
a63e85a81d6b,0.5,False
e838d92576c8,0.5,False
22287ec839b6,0.5,False
222d7e729826,0.5,False
cca33f0cddd1,0.5,False
d851e969f989,0.5,False
1c67a89aa875,0.5,False
bba2f1843ffa,0.5,False
29157017ccf4,0.5,False
3b9e8c25b018,0.499,False
c9eba67eec0c,0.499,False
ff269370af8e,0.499,False
782c04bfcacc,0.499,False
9fd80ee72227,0.499,False
488ecb859215,0.499,False
421e4f6209f9,0.499,False
f9c4e63e0e44,0.499,False
d27547d100c2,0.499,False
e44385683107,0.499,False
dfc413c0900f,0.499,False
f2dfc36bfba7,0.499,False
e0c72cfa815d,0.499,False
be5e528d1b6c,0.499,False
b930c2a48977,0.499,False
508c1814eca8,0.499,False
372c68d1e0ba,0.499,False
e93bfdd60d9c,0.499,False
ad8109db7569,0.499,False
c01790321c76,0.499,False
f3ce14827705,0.499,False
310f3294b434,0.499,False
9d5898964cd1,0.498,False
ecb2c108a8d8,0.498,False
b7abc954246b,0.498,False
0230177e201d,0.498,False
76d79f56e1a0,0.498,False
d857893ce2c6,0.498,False
4603d475e05f,0.498,False
e164ec5a33cd,0.498,False
1ff0a9b27e90,0.498,False
a9b8e3e989b6,0.498,False
f539d10e6fec,0.498,False
4cc415e19ee9,0.498,False
e78fe381073a,0.498,False
f98c69e36faf,0.498,False
e582296c4482,0.498,False
c16ad45bf3be,0.498,False
2adc5b811766,0.498,False
6eb1410b8584,0.498,False
bba9ea55e380,0.498,False
a9ca53f10e26,0.497,False
85f0372fe889,0.497,False
bbefa318d54c,0.497,False
a35a2cda0548,0.497,False
e58740149ffa,0.497,False
641a8bc856a9,0.497,False
5bfcb1ce5e78,0.497,False
5cd047db999c,0.497,False
ab2cef35b03b,0.497,False
02ddc18d5e27,0.497,False
077b2d52ee6d,0.497,False
d91bf374cadb,0.497,False
1f2b46d210d3,0.497,False
ec3c002fb8eb,0.497,False
c2cb29e97fb5,0.497,False
1254d32bb3d6,0.497,False
1264f493f48a,0.497,False
b2a87b43d3d2,0.497,False
841c889b8178,0.497,False
d3284331e354,0.497,False
5449364ce862,0.497,False
b2850cbfc16c,0.497,False
36e0cabdf029,0.497,False
8d595aa8851e,0.497,False
7dd6bf853609,0.497,False
2d8bc6d01767,0.497,False
fff168295923,0.497,False
c39825015710,0.496,False
92d5de26e634,0.496,False
099d458d1a0c,0.496,False
508e485538ac,0.496,False
bb69ee5a2228,0.496,False
625daf372569,0.496,False
012c9653637d,0.496,False
4c4a851d9cab,0.496,False
4515483bd264,0.496,False
700de1f9cf18,0.496,False
3cb55a7deffb,0.496,False
8b0841069e00,0.496,False
cbc4e8d6d911,0.496,False
7d7239693e88,0.496,False
423a95e5544a,0.496,False
420821409425,0.496,False
b8acac391de3,0.496,False
27055a54487e,0.496,False
72ca47a2c1b4,0.495,False
f1a9ccdbfcd0,0.495,False
94ad8ab44f25,0.495,False
3412b4d2b12b,0.495,False
cccf1591ea54,0.495,False
e2ff1fea9b8f,0.495,False
2170c010178b,0.495,False
03f505633723,0.495,False
ab69f0c2e2c3,0.495,False
5631f63dea2e,0.495,False
c7a3e992ec45,0.495,False
65fcfadeb66a,0.495,False
5446d8f19ede,0.495,False
fe2234ed010f,0.495,False
076e19b41e7f,0.495,False
3ed2758cf244,0.495,False
c19c86ca8552,0.495,False
3ca6f9f5e7f0,0.494,False
dd9dab86fc1f,0.494,False
7564a9ffe60d,0.494,False
c8f9a2dadd11,0.494,False
186e13a62d37,0.494,False
d0f2cd85665e,0.494,False
d0682234e61a,0.494,False
e130aae3af91,0.494,False
103598a69812,0.494,False
a59c420d5de8,0.494,False
60ddccee7e06,0.494,False
bb48302aac6a,0.494,False
74d0fabeb74f,0.494,False
ec13b70a4189,0.494,False
173269f60715,0.494,False
f13bf6d02409,0.494,False
924855118523,0.494,False
cdbed55696a1,0.494,False
a1c0193a2c78,0.494,False
8cc7b8d8733d,0.494,False
f355c237a07c,0.494,False
e5692b4b7ad6,0.494,False
f790d55c5932,0.493,False
d4bc13a99ace,0.493,False
8990d5d11e93,0.493,False
ad681c13dc88,0.493,False
563a36411225,0.493,False
bfc03c7c601d,0.493,False
d0e64341c8e1,0.493,False
f6d785a9a098,0.493,False
07bea51a73a9,0.493,False
faef891fceb0,0.493,False
67a77e4a2cac,0.493,False
fe73c8af2fbc,0.492,False
40620c1e422b,0.492,False
4051592b83db,0.492,False
7eb72f1f778c,0.492,False
f1c0efccd510,0.492,False
b2e8eaa11377,0.492,False
212ed5554014,0.492,False
02ce438674d6,0.492,False
67f1237aa6a2,0.492,False
2aa24c48bdab,0.492,False
b2775ab178e3,0.492,False
c8b57c22e05f,0.492,False
4dfeaf8506ec,0.492,False
53318c528c9b,0.492,False
a4cf2641a242,0.492,False
3b5d2a198526,0.492,False
623d2cb39b7e,0.492,False
cd0622cd2656,0.491,False
8d9c5242188c,0.491,False
01872bdc9af3,0.491,False
48101c336e07,0.491,False
2565721c6b21,0.491,False
ee8b28da03f6,0.491,False
ba6d22c00aeb,0.491,False
55fbb602c3aa,0.491,False
e49ca2298c2c,0.491,False
e1e869f6ce6d,0.491,False
66c3c456819a,0.491,False
0a242e5f4c87,0.491,False
7e5e376c2242,0.491,False
8b5681109ac6,0.491,False
3f5923157be6,0.491,False
ce9c30db2749,0.491,False
7af358b82ffe,0.491,False
37baa119ee97,0.49,False
9b650d548610,0.49,False
5daa0d0daeb4,0.49,False
ac2f208e2e69,0.49,False
10174dc475e8,0.49,False
9339f5e548d7,0.49,False
9655041811e6,0.49,False
10ec64ad7b44,0.49,False
02bcf30d3e80,0.49,False
40b3ba0da926,0.49,False
d5b431e814bf,0.49,False
b3ac7b293ff2,0.49,False
b5d6b0ce7ca0,0.49,False
46ed3997a7fb,0.49,False
8403ad2c14a3,0.49,False
bdabd3a844c3,0.49,False
460460d458ca,0.49,False
d64e332620b1,0.49,False
7d2a5c647664,0.49,False
157b6810b93e,0.49,False
5d1b0ed35bb1,0.49,False
07f42f19c399,0.49,False
e31714126c97,0.489,False
8df69e72d7d1,0.489,False
13299fd7350b,0.489,False
c0b33ed761ce,0.489,False
5ab0c9df3ab3,0.489,False
95e1e8a02d7a,0.489,False
12a3477510e5,0.489,False
6368a3ac39a7,0.489,False
56fbdf1bf4c1,0.489,False
aff5d8ee761b,0.489,False
b1fc0b0abf60,0.489,False
7a60f43e49cc,0.489,False
c49a02acfc25,0.489,False
0dff67c3286e,0.489,False
27d524901e42,0.489,False
be774ddb4d91,0.489,False
5fcc6fc37cd3,0.489,False
15a90173df94,0.489,False
1e24b64f6284,0.489,False
8091f9a407f9,0.489,False
59229050ce05,0.489,False
7f51ee809039,0.489,False
ca8e9fd172fe,0.489,False
bdda0658902d,0.489,False
30c820a8d23e,0.489,False
2c49a47963cc,0.489,False
63efc558257f,0.489,False
ff5e4faec8c2,0.489,False
bd3d4340d285,0.488,False
e7d0ed84deec,0.488,False
85cae9b82a00,0.488,False
dfe5d7a87db2,0.488,False
75e33cf583e6,0.488,False
50ae27c169a2,0.488,False
0eac6cb06c19,0.488,False
c11156e06e7b,0.488,False
0b9cad7f50b9,0.488,False
5abfb56bbb91,0.488,False
f24c695a112b,0.488,False
4fbf84495843,0.488,False
32d27ee22619,0.488,False
2fbd3f4c00f6,0.488,False
4536b24e3066,0.487,False
53386d333a02,0.487,False
ba0b45caef90,0.487,False
8984709f8bc7,0.487,False
937d71338bec,0.487,False
db8fc722d5fe,0.487,False
a0d3432cfd3c,0.487,False
adaf27ae8cab,0.487,False
ebd08d65c58b,0.487,False
e6e7d3eae817,0.487,False
d1cb3685dc3e,0.487,False
3bc3bb2bafaa,0.487,False
60b48d917a04,0.487,False
7679dc2644fc,0.487,False
25ffd076867c,0.487,False
d9208d4a40f0,0.487,False
e582a8cb825b,0.487,False
123ac1f786c9,0.487,False
584047945bcc,0.487,False
31d6e3960d56,0.486,False
0f65e50ebb80,0.486,False
000be0ddb26c,0.486,False
5948bb8312db,0.486,False
3eaf651ce9f4,0.486,False
72e569c19d71,0.486,False
c62b8d22e5ff,0.486,False
259b842e9c19,0.486,False
7966c9c32afb,0.486,False
b96389bf7921,0.486,False
f13ebb239519,0.486,False
ffcc737f4caa,0.486,False
ac6c2e6bb82d,0.486,False
4a949717b7f4,0.486,False
7f456fcf7c36,0.486,False
c9d0f4293738,0.486,False
94cea5c9b6df,0.486,False
cfd49a33301a,0.486,False
4b809ee49bbe,0.486,False
d9ee55f4864c,0.486,False
7da9e3687a8e,0.486,False
b95d0d4a9c56,0.486,False
a487e090249b,0.486,False
b1f92956f485,0.486,False
1bbae72ad523,0.486,False
0d1f02cdcb3f,0.486,False
5a9216c9c7a3,0.486,False
72af3020438e,0.485,False
f179d8ef23d2,0.485,False
c23cd59e7aed,0.485,False
6ecc2a5ccaa6,0.485,False
86b52bb28493,0.485,False
c714886cd534,0.485,False
263e4d952390,0.485,False
820f1689eb7a,0.485,False
4dfb55949b4b,0.485,False
13005ed1188f,0.485,False
f2de637d9878,0.485,False
f644f7f81634,0.485,False
d7175a373b6c,0.485,False
9cd53379a854,0.485,False
42dd57b8262d,0.485,False
4118dc5b6749,0.484,False
263ae81fd4f8,0.484,False
b6bf126ed033,0.484,False
96a0d2de8148,0.484,False
c0a91624c469,0.484,False
02f850645544,0.484,False
e0d5f7d7667f,0.484,False
0f6cce9b8b8e,0.484,False
c08aa34f846a,0.484,False
bd5b74a50021,0.484,False
f418616b1794,0.484,False
adb3d53ea06a,0.484,False
a1890dc0572f,0.484,False
d45019470082,0.484,False
90069247e1d3,0.484,False
15f27f1bddaf,0.484,False
1f9c43601a0a,0.484,False
f9fbc69ee822,0.484,False
43a647ad1d1c,0.484,False
995e28ebb5d3,0.484,False
6144997f7da6,0.484,False
1fadb9574bbc,0.484,False
a74873455af3,0.484,False
268489b7478a,0.484,False
6d8f8b0ccf0a,0.484,False
828a108aba96,0.483,False
841acfe221fa,0.483,False
f56d4b0240ed,0.483,False
ee4eee4ff745,0.483,False
5a66e102856c,0.483,False
2eb5707482e2,0.483,False
30263c7335f7,0.483,False
233bbd55584f,0.483,False
5a54ab18bbff,0.483,False
5eed26bc1073,0.483,False
5b5dfd1438a2,0.483,False
ddad78eccfce,0.483,False
6d591e8ec5c8,0.483,False
54cd929e64af,0.483,False
e3d4a5ceb40d,0.483,False
a00c26cd2acd,0.483,False
bd45e153da82,0.483,False
24488d6e6aff,0.483,False
c5f1f3ae6f77,0.483,False
91d3a85fdfa7,0.483,False
e94ff7631227,0.483,False
907492173636,0.483,False
33c63e8c2dea,0.483,False
2dadb2c8e061,0.483,False
58073c41ef73,0.483,False
aafd5fdee81f,0.483,False
166740b99f9f,0.482,False
1334fcaad418,0.482,False
31d47091a941,0.482,False
ab1d918fbdb7,0.482,False
b4252a8926df,0.482,False
8458d2113285,0.482,False
af385e65ad0f,0.482,False
c6e82c49b37c,0.482,False
df614180d2b9,0.482,False
0664584f21df,0.482,False
6298e5a0cf2c,0.482,False
62e731597989,0.482,False
9705c9b51515,0.482,False
280edbb2bef4,0.482,False
fafddfbaea56,0.482,False
38977819a21b,0.482,False
742066ee4c55,0.482,False
78338ab340ba,0.482,False
378d47c7313f,0.481,False
9f7568eb6547,0.481,False
e1d3e9aa52de,0.481,False
498e3786b678,0.481,False
b0e5657fca11,0.481,False
49ee70e100aa,0.481,False
ec54e37cbf0f,0.481,False
4ab98b5c8883,0.481,False
38a36deb545e,0.481,False
eaefe12a652e,0.481,False
c3cee5a1620f,0.481,False
409468878555,0.481,False
a772177f5a4c,0.481,False
a2f8d3c72012,0.481,False
c893a94fed7c,0.481,False
d419808ecc1f,0.481,False
96f137ace7aa,0.481,False
7aa45b708ce6,0.481,False
b99b7bf7b1b0,0.481,False
c9ee92a7352e,0.481,False
ab708b3b7255,0.481,False
036cc6514385,0.481,False
653f950f06af,0.481,False
475edabf10a9,0.481,False
5e610f3b73ce,0.481,False
6a2f1b6dcda0,0.481,False
a1433e2ecb88,0.481,False
a8965bd5df63,0.48,False
7dd29b4e5b1d,0.48,False
bae9ef789cb2,0.48,False
e37fce3ee7e3,0.48,False
9c646d2b1c7e,0.48,False
0bf41b934d3c,0.48,False
3825b908c559,0.48,False
860622805ef7,0.48,False
2dae2e3b4c19,0.48,False
c4b1fdcffafe,0.48,False
599af80136a4,0.48,False
cddae3ef8cc1,0.48,False
0e6133d4425b,0.48,False
aaed6776dd44,0.48,False
8ae19cc60815,0.48,False
924fd28347fe,0.48,False
2562094f7ba4,0.48,False
3661db1f39a0,0.48,False
dba3b5893552,0.48,False
75d06c2457db,0.48,False
98e46bc6789c,0.48,False
9eecdf8900e0,0.48,False
57058030df24,0.48,False
7eb22141ef33,0.48,False
193b1c29d06c,0.48,False
0cfaf0288f17,0.48,False
0b2583d61998,0.48,False
9213d2c60219,0.48,False
5774d99a61f0,0.48,False
4c612ca06ead,0.48,False
a4ac736993c6,0.48,False
e44a58da9020,0.48,False
aefc3dbf2377,0.48,False
b76f11b3dace,0.48,False
c9b89f1a7e09,0.48,False
ce950f38c510,0.48,False
4b2ad1c7001c,0.479,False
2cf7ff7efa39,0.479,False
1d4aabcf8900,0.479,False
36e11f184ada,0.479,False
f3a96d7a54ed,0.479,False
3b4a7294857a,0.479,False
83a55ccf012f,0.479,False
fa1ff104afc7,0.479,False
fa06bbfe5e0f,0.479,False
3be6d27c3d6f,0.479,False
952a9f90623a,0.479,False
0a6790470639,0.479,False
71844ee71bef,0.479,False
264bc1029678,0.479,False
bcc2af46054a,0.479,False
37d28f256366,0.479,False
09f95d723877,0.479,False
19963c3a6229,0.479,False
23e33144de94,0.478,False
4cddef3bf2cd,0.478,False
35247e0d1a14,0.478,False
8c252d18daa3,0.478,False
ac806e4b1611,0.478,False
fc3066f8258c,0.478,False
5f953d7b45b1,0.478,False
5f5394435084,0.478,False
e794322b50eb,0.478,False
7710f4767a2e,0.478,False
637501afb24b,0.478,False
572cae053df0,0.478,False
f6eccefdde86,0.478,False
637baba4f482,0.478,False
972240491ad6,0.478,False
e84fb47ed9b6,0.478,False
e8418584f6c8,0.478,False
c52612447d4a,0.478,False
172c5864ecb1,0.478,False
644cc87858db,0.478,False
c27efef675e4,0.477,False
2840749950ce,0.477,False
e12e9439bab8,0.477,False
659225ad8ffe,0.477,False
7152c018f629,0.477,False
668fda88e45e,0.477,False
7a6f30779d4d,0.477,False
aa7b9b6833db,0.477,False
d74c8634e821,0.477,False
40622fdd8d6a,0.477,False
e528603a7638,0.477,False
4e53a59b2744,0.477,False
0781ec57725a,0.477,False
b5a980ff1ab1,0.477,False
8648da2655d3,0.477,False
15d84cab1b27,0.477,False
cffcc41ac568,0.477,False
116090bc8804,0.477,False
62709b608d67,0.477,False
e8dd03a4b3f9,0.476,False
4bf128088ecf,0.476,False
38e0d0854efa,0.476,False
496034f99404,0.476,False
ffb93368a856,0.476,False
00c98b8d59c4,0.476,False
3d60a903caf3,0.476,False
0e8c872f51d0,0.476,False
ab39ba91c036,0.476,False
694bd67515d3,0.476,False
7559bf55fed0,0.476,False
55685d025b50,0.476,False
223926b0bddb,0.476,False
c4a0a6df4238,0.476,False
2ab7e8e599a0,0.476,False
01480266c0db,0.476,False
4e837355eff3,0.476,False
8c25de0f6dce,0.476,False
6148844dae76,0.476,False
7fc3d8716721,0.476,False
ecedb4c8d539,0.475,False
78f50a78b1d7,0.475,False
b3e118bf5b4a,0.475,False
b8ff31efda71,0.475,False
a0a9b5f5bdbe,0.475,False
8ab1f01260ca,0.475,False
d995dae7f42e,0.475,False
289e9659dd34,0.475,False
7ae3a5eb74aa,0.475,False
59c47b073725,0.475,False
3dad42da96a6,0.475,False
a77e99908f05,0.475,False
eff4f0c7fe58,0.475,False
e499c4e61514,0.475,False
09269f04d938,0.475,False
c3cd74702b5f,0.475,False
a2d6a415c193,0.475,False
29a8a109ff74,0.475,False
3451422353f1,0.475,False
d858e8f3b7f2,0.475,False
b1209fdc8ac5,0.475,False
0c8a78632226,0.475,False
596222658432,0.475,False
8f8b3a7cada0,0.475,False
98fffebac027,0.475,False
faa7b49171d3,0.475,False
9e50d7093678,0.475,False
c451ad6c6604,0.475,False
136883c4a4f5,0.475,False
19fcb28f1719,0.475,False
f5e6623415a9,0.475,False
f8de5d3520fc,0.475,False
5789a0cf7ca1,0.475,False
4fbf8e2ce413,0.475,False
25cf8f2d50bc,0.475,False
a8a9626cd99e,0.475,False
fbbdfa1d719e,0.475,False
a8be68b36e9b,0.475,False
bc572a934995,0.475,False
90e4dc48ca20,0.475,False
9d697aed1e14,0.475,False
b02018ca30b6,0.475,False
2370dafabb92,0.474,False
77dfeed32faf,0.474,False
23f55458bcaf,0.474,False
82f2a6c02349,0.474,False
06d0357d582f,0.474,False
8bbca6b19d37,0.474,False
5d6ee24a2e3e,0.474,False
21de38a32602,0.474,False
f335e0445836,0.474,False
97c727d658bc,0.474,False
53208261d190,0.474,False
4070e27ffae3,0.474,False
41d16fba8003,0.474,False
45ba2f2ec291,0.474,False
0016fdba43a0,0.474,False
c076c21a13b5,0.474,False
4b05ae1faf05,0.474,False
eab33723057f,0.474,False
c35d356202fb,0.473,False
feeb5f00c365,0.473,False
5975c96a0372,0.473,False
db0a34aed7cd,0.473,False
7742ffc1d38d,0.473,False
363e6b6be209,0.473,False
39ce7a42780f,0.473,False
32bdd57b7864,0.473,False
6ed3a4cd0913,0.473,False
b7761ef1708c,0.473,False
c3b1d336f4f7,0.473,False
3aea75672065,0.473,False
3265a4bfb6cf,0.473,False
5330c98302c5,0.473,False
0a47afd4ef92,0.473,False
f003792044e1,0.473,False
4bc3365e726d,0.473,False
a231d3f5473e,0.473,False
8bedbbd598fb,0.473,False
3b86923fc1dd,0.473,False
9447e491632f,0.473,False
54c78a245c83,0.473,False
f2339dc2d820,0.473,False
ffa60e6b8569,0.473,False
9c5334aaac9e,0.473,False
89ba0cf89092,0.472,False
529034a60a92,0.472,False
3aa0ff6c521f,0.472,False
c02e5f05cfec,0.472,False
d1332b476972,0.472,False
46e2e01c2f7c,0.472,False
b787ac8ea028,0.472,False
5bf7125a05af,0.472,False
fd9cf2d0934f,0.472,False
fb40b5149786,0.472,False
d7a73c5861ef,0.472,False
e3eaf0ee812d,0.472,False
85c54c453549,0.472,False
3e345345ee16,0.472,False
715220e5f507,0.472,False
dbbe3f0b6113,0.472,False
4f9498f42f2f,0.472,False
acbe003c96c8,0.472,False
fec62f91a972,0.472,False
22213fabdda0,0.472,False
d810976e3427,0.472,False
49a0ca0bdacd,0.472,False
e7a58df450dc,0.471,False
530be7723acc,0.471,False
1301c4765c5b,0.471,False
20e1c3bca5b4,0.471,False
eba35d8d1ca1,0.471,False
c1895c44a608,0.471,False
a2b3a7226ac4,0.471,False
6acdf57f2d7f,0.471,False
640568f561a1,0.471,False
08041530a80d,0.471,False
577ecaadc131,0.471,False
2cbeb92288de,0.471,False
441d6e3676fa,0.471,False
541eb3b1abfb,0.471,False
8bc20adebc8d,0.471,False
9e1e97bc9d0c,0.471,False
1928f29be92a,0.471,False
717162f460bf,0.471,False
dc5f1295648a,0.471,False
2246fea56c19,0.471,False
f7f087c7f0ae,0.471,False
584ccb13df67,0.471,False
8c1f07032cbc,0.471,False
3b7ff8c2fbbe,0.471,False
2b79351ade8f,0.471,False
2f31df3e5c1a,0.47,False
4f0001b74fbc,0.47,False
b199794ce252,0.47,False
d221474d4ae5,0.47,False
f85d7f6c4473,0.47,False
e730850ddac5,0.47,False
368b7a5df514,0.47,False
3b02dcc6163a,0.47,False
3fb9015c1141,0.47,False
9eb5b3603140,0.47,False
3eb57587890e,0.47,False
0bbf77f7edaa,0.47,False
5215a3511a14,0.47,False
4793ea3bafeb,0.47,False
3b149bcb70f4,0.47,False
e8be8dd08500,0.47,False
c0319e6e20f1,0.47,False
cc401d3543d7,0.47,False
e4d4fbee71a9,0.47,False
d6216a6466ff,0.47,False
a33975f87fcc,0.47,False
5b98dc7726b1,0.47,False
f2255954be94,0.47,False
f063328faf71,0.47,False
bdd1289caeb6,0.47,False
f9402f441c51,0.47,False
70877e653660,0.469,False
953f21aa1920,0.469,False
31bda58ebf3b,0.469,False
8df1a11e1b9c,0.469,False
2466288fde80,0.469,False
0bb6c574e3af,0.469,False
54de62bb561a,0.469,False
206d14da411b,0.469,False
44a1829ffd59,0.469,False
341409b8e7f2,0.469,False
c113862f578c,0.469,False
b784ea261083,0.469,False
a9e8f9f32aed,0.469,False
dfedde793985,0.469,False
690ee444cbe3,0.469,False
823ca63ec184,0.469,False
43c3fec69d08,0.469,False
26269fb81850,0.469,False
c91072db7996,0.469,False
e69612e17039,0.469,False
2a5cc8fcd04f,0.469,False
3cc7f2620c6c,0.469,False
71aec1cc097e,0.469,False
39a14bb76ac8,0.469,False
36c93502db4e,0.469,False
8ef6d93193f7,0.469,False
d101f54e7c4d,0.469,False
6d7dc108d99d,0.469,False
581c0da0838c,0.469,False
88c6d0a71195,0.469,False
dc498b6415ec,0.469,False
2012fe9b7a40,0.469,False
7cc8290df9cb,0.469,False
0e98cd3a0d62,0.469,False
9dd843ee654a,0.469,False
fb967981ea9b,0.468,False
be2eb1a91865,0.468,False
718862360d6f,0.468,False
acbdac7c5ac4,0.468,False
c14843b0d597,0.468,False
fe92851cf6be,0.468,False
74a398425043,0.468,False
bdea7c5be4e9,0.468,False
93c41e75ef93,0.468,False
92f1e06c3afd,0.468,False
8f9a5e26c6a7,0.468,False
113a250e31c3,0.468,False
5716dab435d4,0.468,False
bbd0653660b0,0.468,False
36208c047e69,0.468,False
2501c6293e4e,0.467,False
96b98a4f5ba2,0.467,False
2fe250f8fad0,0.467,False
494ef74d3d8c,0.467,False
ef90d0678898,0.467,False
2112311bc67f,0.467,False
b2666c6281c6,0.467,False
129dd638c105,0.467,False
bb8f2060ed24,0.467,False
63bc158bdd6a,0.467,False
d80653b5d5d3,0.467,False
91a719aadb14,0.467,False
068d8b133dc9,0.467,False
b9216ef17066,0.467,False
8f04d0e1ae78,0.467,False
d7ae17bbff1b,0.467,False
19560869e627,0.467,False
7505f78a6625,0.467,False
675cb612608b,0.467,False
cb92491fa481,0.467,False
d4e957aa516c,0.467,False
f3a024a02eac,0.467,False
f34a63f53651,0.467,False
e49a2aa54cac,0.467,False
46647b2b8a14,0.467,False
488c786bc707,0.466,False
a23f308bd6c0,0.466,False
6bbf919e5fa9,0.466,False
e47ccc5d4c77,0.466,False
ce3988e2372e,0.466,False
68bbb46e0632,0.466,False
c863ebb39b6c,0.466,False
471cad92f95a,0.466,False
eb6acdcf864f,0.466,False
ca9145e7267a,0.466,False
ecf60356a424,0.466,False
2b41de9720f7,0.466,False
95fa9d59966b,0.466,False
3d5426a15318,0.466,False
29958909e1d2,0.466,False
48033dfe0918,0.466,False
76f8265f69f7,0.466,False
32d3aa240bc7,0.466,False
93c73b9ce7ab,0.466,False
6c8835f00023,0.466,False
af7317e6e3ab,0.466,False
6605dcf03c62,0.466,False
7a718dd3f0df,0.465,False
34aeac1f57eb,0.465,False
ce3056d8c651,0.465,False
ed9ff5531570,0.465,False
12cb69c871c4,0.465,False
adc019f55ee0,0.465,False
012e3f4775dc,0.465,False
7d888ec9b5ed,0.465,False
3f449eb380f9,0.465,False
9258183933d7,0.465,False
a651c8bfade8,0.465,False
0439db93911c,0.465,False
0ab21d757b88,0.465,False
663237c5c57b,0.465,False
de431f745fdf,0.465,False
bd6ec6731b14,0.465,False
677b805e5cf4,0.465,False
fded83f80085,0.465,False
d50efbe8a9e0,0.465,False
0c2de4657374,0.465,False
cfa827b97a6f,0.465,False
8df1195c6ef0,0.464,False
655696f54859,0.464,False
caedbe053c07,0.464,False
490b892a8b42,0.464,False
f9168e34d378,0.464,False
8ed23703366c,0.464,False
66ed54f0fc20,0.464,False
fd85e8009936,0.464,False
c94a355775ed,0.464,False
d0850e40232e,0.464,False
4ab0035131f1,0.464,False
ef190959d05a,0.464,False
6c04278b7a8f,0.464,False
3bcfdf0e3f7e,0.464,False
5742aafd8322,0.464,False
98297d0ecd95,0.464,False
afd308f12dc7,0.464,False
ec908a96d0b8,0.464,False
222551f224bb,0.464,False
1d2696e924f1,0.464,False
1123dcadf011,0.464,False
4d2f7ebed3a1,0.464,False
8eec16a4b944,0.464,False
70a4bf8b4574,0.464,False
79b527774b77,0.464,False
fb016dd6ed3b,0.464,False
c92ce67be9d4,0.464,False
9bcbf60bb54b,0.464,False
01f4ebd9bce7,0.464,False
a39ac06f23c9,0.463,False
a9badd82391a,0.463,False
d9b5f489f8a5,0.463,False
1fa9d127be55,0.463,False
a75600edccfa,0.463,False
123024943f1c,0.463,False
4e75aa8c02bb,0.463,False
c4e04d3dc021,0.463,False
694dd06fa5db,0.463,False
af139df163a1,0.463,False
d2925f099939,0.463,False
4af331d6691f,0.463,False
a0cba06dd109,0.463,False
d9dc245ef602,0.463,False
9af6726f52d5,0.463,False
161d4820b637,0.463,False
4f83c4cc4d18,0.463,False
cf2c0c3ef083,0.463,False
31bf4a16370a,0.463,False
e30dff1a76c0,0.463,False
c54ccf157bc3,0.462,False
5167c7316a86,0.462,False
64bded02c0a3,0.462,False
78ffc1bc863a,0.462,False
66a516dfda03,0.462,False
4aff1c0950d4,0.462,False
e33ec93c34f1,0.462,False
0ac9b0196853,0.462,False
549eedde8777,0.462,False
9590cd003ade,0.462,False
e96c9e002399,0.462,False
1ae69b23605c,0.462,False
76a1a0e10c2a,0.462,False
fd531771edee,0.462,False
b9f83aa7fb4b,0.461,False
0914e37e6382,0.461,False
90cc5f7f563a,0.461,False
dad49ea7d69c,0.461,False
7c82820c363a,0.461,False
e5a9d5fe9f42,0.461,False
c54fb5ace1d9,0.461,False
86747bf2d122,0.461,False
66dacca0e919,0.461,False
b9e91e01aef3,0.461,False
51f94b5052ba,0.461,False
a0dd174a54fc,0.461,False
c87daaa7e356,0.461,False
26642a754a7d,0.461,False
c406017b53f5,0.461,False
3f23b2936081,0.461,False
1761b08f5909,0.461,False
56a9742aac59,0.461,False
6c38d352f229,0.461,False
edb0f93db790,0.461,False
55fcd72ebec4,0.461,False
ab4588ee3e41,0.461,False
1bf6d8bd9e0b,0.461,False
afe2f42078b2,0.46,False
62f28c383cb0,0.46,False
e5435a84c3b1,0.46,False
2d250973df74,0.46,False
8af354232c43,0.46,False
7b37813e22a6,0.46,False
0aa737829ebf,0.46,False
ca8eefc95957,0.46,False
92c33b32e460,0.46,False
67ed3181694c,0.46,False
7dbdc958099a,0.46,False
7c61b3a252f9,0.46,False
e97c57418818,0.46,False
1a34868026a9,0.46,False
33a49e376c3c,0.46,False
1511d01c9840,0.46,False
3892b2445e33,0.46,False
a9159a83a560,0.46,False
944b283977df,0.46,False
5be9245b7cf5,0.46,False
ce1e0b1368c5,0.46,False
acee1d1197fc,0.46,False
ea44bdf74de8,0.46,False
5151812c24d5,0.46,False
b998e0cde61a,0.46,False
04b3d9759f28,0.459,False
7791434b742a,0.459,False
c1ae3e7ad70b,0.459,False
3fdaf564ddce,0.459,False
cd219d42bff7,0.459,False
b788e4c48af6,0.459,False
f33b4bc906c0,0.459,False
eaf5ec06d686,0.459,False
854046970dd6,0.459,False
3b8f85d7e4ac,0.459,False
98f5e7af6199,0.459,False
173484d98e2c,0.459,False
b895079d8aa8,0.459,False
292f8fc75ca7,0.459,False
a76be5725139,0.459,False
b78d9051c55f,0.459,False
c8b69d180a05,0.459,False
2e62ffe9722d,0.459,False
ca5a3ee874cb,0.459,False
bf0c4205df24,0.459,False
aee8397c97fb,0.459,False
41e0567d48f6,0.459,False
87f655e9b216,0.459,False
b16ee80222e2,0.459,False
89fe15a970e8,0.459,False
05d81c60d8f0,0.459,False
2b90d7139ea7,0.459,False
afaf5ffc9088,0.459,False
8b7b0cef077d,0.459,False
46dde6d44058,0.459,False
c4ecba9075b1,0.459,False
bd5965800cd1,0.459,False
0e47c044622e,0.459,False
30f31d989e8c,0.459,False
e069357ea42e,0.459,False
4fe4c5a1841f,0.459,False
f904f339340d,0.459,False
248f9d666f0b,0.459,False
fb0e41b12a5f,0.459,False
25f43838674c,0.459,False
f93a61dc7450,0.459,False
51f5e1f36ba1,0.459,False
5ffc81f5d57d,0.458,False
a3c73c1e07e7,0.458,False
a3e0ec59e30d,0.458,False
e3a264c8cd8d,0.458,False
f2bd2c6ad56b,0.458,False
ac14cd94fa7b,0.458,False
117ef4f82853,0.458,False
f06decef7000,0.458,False
9a6e72248392,0.458,False
1927a339d0ec,0.458,False
f0791bbb929b,0.458,False
83290d351374,0.458,False
803d4c4ac5a4,0.458,False
803289d74361,0.458,False
984caa809cb6,0.458,False
58890524e98b,0.458,False
c44184cb36ac,0.458,False
ba2fbae6b63e,0.458,False
7214c1d55ccd,0.458,False
2f92607ca0a7,0.458,False
33f7ed4d2fb4,0.458,False
7063f1013d24,0.458,False
1a034f0241e4,0.458,False
6978e5ab02a2,0.458,False
8f63260f5b94,0.458,False
979515958823,0.458,False
5680721e3d00,0.458,False
f3a0b2ef3d33,0.458,False
8c1d5e442b37,0.458,False
d778c8b628d1,0.457,False
f04ef97b46a8,0.457,False
7d03599235b8,0.457,False
29763c2ae827,0.457,False
75664ff2afa8,0.457,False
6b9f91e31b3a,0.457,False
cee0d96cf5f5,0.457,False
0c997245eb05,0.457,False
95f396b84d69,0.457,False
d76a1748d5a7,0.457,False
9b0f4ddccb36,0.457,False
3edb8db9866d,0.457,False
ed53318199c7,0.457,False
65ca3a2b158a,0.457,False
49838a627358,0.457,False
a62a22014572,0.457,False
d98358aa5376,0.457,False
7c88d0240926,0.457,False
990c34c29789,0.457,False
3d4ece193c1c,0.457,False
16e190e6509b,0.457,False
1091e8da56fe,0.457,False
e235a9b153ba,0.456,False
586ecf6ec7ea,0.456,False
60725743dad7,0.456,False
bddf80f2b596,0.456,False
e4950d74341a,0.456,False
074d5f4eb7bb,0.456,False
32d204021ce4,0.456,False
f35a721859e1,0.456,False
6cd40c09e729,0.456,False
98037cf29043,0.456,False
0f073081efbe,0.456,False
d358dea7880d,0.456,False
983cfc77b664,0.456,False
f328fdc21403,0.456,False
b1a9050de1ef,0.456,False
589eb279feaa,0.456,False
7abc59c3d871,0.456,False
192cf91a9da6,0.456,False
698a73f35d03,0.456,False
eb406a257f2d,0.456,False
76c14e8fd18e,0.455,False
549046b44172,0.455,False
fccd2edcc505,0.455,False
39e1e837c51f,0.455,False
aa14a3ee3283,0.455,False
7cad975dcaf5,0.455,False
1bf5fe1af42d,0.455,False
18e3cf4b1f10,0.455,False
f2385e27bfd5,0.455,False
3e01d3f7c356,0.455,False
f53809e5948c,0.455,False
0f65335e5d0d,0.455,False
c3704c0dc395,0.455,False
c9b9d37e6b73,0.455,False
f85d400a5f7d,0.455,False
4ace5854b142,0.455,False
a44230da001e,0.455,False
221f7c1c19aa,0.455,False
1dd948801190,0.455,False
7adac00f105c,0.455,False
f67d26c09dc9,0.455,False
2c877a398fe2,0.455,False
74911f34e811,0.455,False
01da0e3c2cb8,0.455,False
bf475bfa7faa,0.455,False
07d52432dec0,0.455,False
bcbc9c0c53d0,0.455,False
4d6bbcb893de,0.455,False
18671e966bcd,0.455,False
d40ab381cd5b,0.455,False
d001a49fe9df,0.455,False
4cbafed9351e,0.455,False
a5bd17fd3d4b,0.454,False
e5f217582907,0.454,False
1ef75555f958,0.454,False
87d4bd097ab3,0.454,False
cbe5f6fa2fc0,0.454,False
b3b3f719a84f,0.454,False
58b28dda2669,0.454,False
088a9567e6b7,0.454,False
e47887beae9b,0.454,False
58904109f50a,0.454,False
bf962791db5c,0.454,False
a177d0350afd,0.454,False
784bcfad12fd,0.454,False
1e16b6c520bc,0.454,False
436319ff9271,0.454,False
9d61ebdb350d,0.454,False
f432fe3f09d2,0.454,False
f3860e86da26,0.454,False
19a8a54a70b2,0.454,False
85f81ba81b57,0.454,False
7f71dc3c6253,0.454,False
62158da83e42,0.454,False
14e318b8fe74,0.454,False
f128ccc4296c,0.454,False
14a9a7d99ee9,0.454,False
131941efd8f3,0.454,False
5f8c27f97179,0.454,False
fc42e425e900,0.454,False
fd2280690459,0.454,False
fba73998f9d7,0.453,False
afef959212b7,0.453,False
45a90fe00f9f,0.453,False
8ac16979e514,0.453,False
aa898a448f91,0.453,False
25829ad1c0af,0.453,False
1231c237c0d8,0.453,False
4541ab464a90,0.453,False
72ea232928d7,0.453,False
1c7c674dba02,0.453,False
d7f0a3c1541c,0.453,False
681c2a2bd0e9,0.453,False
f7141cb2c985,0.453,False
f68415b340ad,0.453,False
7283e45bfa87,0.453,False
f7a054e46f41,0.453,False
42d56f50d4c4,0.453,False
5e44ccb87db3,0.453,False
2f7a93e0a446,0.453,False
d9c7fb0a81fa,0.453,False
7b1caa02d0a4,0.453,False
ca23aa3b7630,0.453,False
1affeb0421ab,0.453,False
951b06dd2450,0.453,False
b91c662878fd,0.453,False
764edb8324f3,0.453,False
036997ed86f0,0.453,False
8d9e82f29ec9,0.453,False
b43b76d47878,0.453,False
555d84dae54a,0.453,False
a777ba2f85a0,0.453,False
a9b1c097c615,0.453,False
5d9e9c7acd4e,0.453,False
d4eaf3671fcb,0.453,False
6b60257d9542,0.453,False
e85b8f80441c,0.453,False
11eff7837388,0.453,False
154999ff42f1,0.453,False
1a6f81a66c76,0.453,False
e96d3edd13c7,0.453,False
904b66998a61,0.452,False
f2394141dc4f,0.452,False
60dd828464a3,0.452,False
a2d1c34b9014,0.452,False
bfafb9353fdc,0.452,False
abf2b9c868c7,0.452,False
65ecb53871a9,0.452,False
0015a14d0e61,0.452,False
5b4005af81a7,0.452,False
795934552c53,0.452,False
2aad2a33804b,0.452,False
7651a6d58971,0.452,False
554520f10de4,0.452,False
88cac2147b58,0.452,False
bdd4147d0fd3,0.452,False
cb53ee764de9,0.452,False
9bfbe9c43cc7,0.452,False
da2e9d2b33c2,0.452,False
a04f3ab6c0a7,0.451,False
d274d13f9b62,0.451,False
5afbfc0bbe4b,0.451,False
5f454c1adf9c,0.451,False
096a8b89b9d8,0.451,False
af591d90425c,0.451,False
791fb97931a0,0.451,False
e17139fde01b,0.451,False
2f40fd8ed84c,0.451,False
7a599fe11605,0.451,False
6d1e3491b744,0.451,False
0b037d04d801,0.451,False
86934fc5deda,0.451,False
4146c19d9435,0.451,False
cc49a5e838c2,0.451,False
85f244bae452,0.451,False
7d55c94dc28c,0.451,False
3073ca8a3d1e,0.451,False
7eb979929010,0.451,False
7e27e1868c4d,0.451,False
6df86d288b7c,0.451,False
99abf5020995,0.451,False
3706cce05f77,0.451,False
0f7852f8c617,0.451,False
a1a7c4d23006,0.451,False
02b3d0500ca6,0.451,False
760b1fb25b6f,0.451,False
8fa0c7ab4cfd,0.451,False
a2672ec0cb09,0.45,False
defe7847df8d,0.45,False
011ae1e38ea5,0.45,False
011a79cccebf,0.45,False
ce2cc5c12ec1,0.45,False
f3f14244ee1d,0.45,False
b6d459ac6b9a,0.45,False
e83d306d3bfb,0.45,False
19a47d3e6f1b,0.45,False
61277d6a1cad,0.45,False
7e1bdc549bff,0.45,False
87745a441310,0.45,False
c97784fea282,0.45,False
2d6b27cbeaf6,0.45,False
e2998027cf14,0.45,False
e3b5058bef63,0.45,False
6caf2ae1afca,0.45,False
1308c5e455f5,0.45,False
fa616de95de5,0.45,False
ba190fc37958,0.45,False
9d573601c378,0.45,False
39e436df1901,0.45,False
efec0b79a751,0.45,False
3bd104c66128,0.45,False
d989e859fee6,0.45,False
4201c19b0c51,0.45,False
9af52a709b8a,0.449,False
6ce2aba8985a,0.449,False
437b614f733b,0.449,False
40c03fd10635,0.449,False
045cef7bc59b,0.449,False
57368e2ae31f,0.449,False
b88be04f6948,0.449,False
7c8ef048313e,0.449,False
6aba66f4249e,0.449,False
f5d59cceef5b,0.449,False
dd102d9e0165,0.449,False
73c4a81344a1,0.449,False
fba29971f05e,0.449,False
5a470550263e,0.449,False
219f4fc20e8a,0.449,False
724613fb19be,0.449,False
5b4aab4a8e46,0.449,False
7f361d9ef438,0.449,False
da8ddd2372ee,0.449,False
babff6d2ee40,0.449,False
421eb6a8366b,0.449,False
87f90f50d86a,0.449,False
d2cad62190da,0.449,False
89fe4aef143b,0.449,False
811f9dc5919b,0.448,False
7a145fdc514a,0.448,False
557660e0e3cc,0.448,False
d6470506bfcc,0.448,False
f064e45ff406,0.448,False
c3d546619765,0.448,False
b2922c3b93fc,0.448,False
95e99e4bea3a,0.448,False
f2c221339cca,0.448,False
844eea9bda4c,0.448,False
95a0afb50648,0.448,False
d0c01582fc91,0.448,False
98522a428e73,0.448,False
0082a715fea4,0.448,False
aac1e2c92c2b,0.448,False
13eb4ec900c6,0.448,False
476e2f3795d0,0.448,False
0a308c35cc87,0.448,False
9f1234efe300,0.448,False
e46946356767,0.448,False
237f38745dba,0.448,False
43ec04565d83,0.448,False
2e928f1096d7,0.448,False
7a053ca87f42,0.448,False
070d01348f39,0.447,False
eef561bd925b,0.447,False
611bbfda7d02,0.447,False
3638b9229722,0.447,False
362b9e6407d5,0.447,False
8d120f47f371,0.447,False
48a73091479f,0.447,False
14fa07111d0c,0.447,False
d9617e9c1a3d,0.447,False
0a5bcc26aa5b,0.447,False
b3c4d5a3f18a,0.447,False
46cec36616b1,0.447,False
2c9421f7bc0e,0.447,False
1f59af3cfb47,0.447,False
1f6c84a878cd,0.447,False
08b0b9969df8,0.447,False
6ccc7490256b,0.447,False
3a62dcbe6f82,0.447,False
90bdfdc566dd,0.447,False
d77b0ab3f457,0.447,False
1cc8a85f9f12,0.447,False
4c10ca2ea1dc,0.447,False
6e8ade5e6f55,0.447,False
2a9a364f19fc,0.447,False
0446900f6b36,0.447,False
192c6472fe74,0.447,False
4e566500fc85,0.447,False
f3e462cf1cf0,0.447,False
83bb31f3719b,0.447,False
56c90b14b983,0.447,False
0ec6dc93dc2b,0.446,False
f5b599dfed10,0.446,False
0ba3bddf1213,0.446,False
69e14f11679f,0.446,False
39660272c027,0.446,False
2b847d880e71,0.446,False
bf3c60b04a04,0.446,False
3b1c889bb4cb,0.446,False
6539818d0b27,0.446,False
c88ff57cfe97,0.446,False
2d6b0a39a352,0.446,False
9d2e94fb2575,0.446,False
30aa4ad89aab,0.446,False
9337ea5be132,0.446,False
cb41015e2fdb,0.446,False
e40851bb39e5,0.446,False
6ede55af060d,0.446,False
3e8de081f7aa,0.446,False
7eed8bf15dec,0.446,False
6d7a7eb90214,0.446,False
eb02266ee5b4,0.446,False
6ec4dc65a211,0.446,False
950cefd60de3,0.446,False
83b0f109bc05,0.446,False
d6b26026801d,0.446,False
ed5ee28648e0,0.446,False
6b539d29d9e3,0.446,False
74b78f38024b,0.446,False
7f52ad3fe174,0.446,False
6da3ddee774f,0.446,False
5cfb4fa848f2,0.446,False
efc13f4472ce,0.446,False
586b98226539,0.446,False
4cd148bba5bb,0.446,False
c0ef9af19e8d,0.446,False
1e8d4a28544a,0.446,False
9c1f66d897d1,0.445,False
513505e62482,0.445,False
2a814d770d1a,0.445,False
74a400340c9e,0.445,False
fe099e2b1b37,0.445,False
8e5976b10099,0.445,False
7fc99d4912f9,0.445,False
83c30fc1d93c,0.445,False
0c334b5518ea,0.445,False
e89b72eba536,0.445,False
14a31020533b,0.445,False
971636acb193,0.445,False
c2c824934d4d,0.445,False
05118a63a22e,0.445,False
aa9c24435a28,0.445,False
8b82f6ea37b3,0.445,False
055ce5205a1d,0.445,False
447ee3451cb6,0.445,False
7b29c6b6d19f,0.445,False
5b4a690bb3b1,0.445,False
d25ba867ef3e,0.445,False
e5b9061ca8ba,0.445,False
1d98eb27e52e,0.445,False
efaf383908ef,0.445,False
651d62c40794,0.445,False
9b4b4ce58c56,0.445,False
0b65c2d775bb,0.445,False
adce960f78f0,0.445,False
335e1278abfc,0.445,False
a7d6841075f4,0.445,False
ea6ef1e255e9,0.445,False
f172421d8506,0.445,False
5193348bce0c,0.445,False
db7ec9e47a98,0.445,False
bf0a103ff215,0.444,False
f032730b5bb4,0.444,False
e08b3e7abd39,0.444,False
45d7df774779,0.444,False
78cdfb841b52,0.444,False
e169e09ed7a6,0.444,False
b7e0b14c6da3,0.444,False
a0c4be288852,0.444,False
fa41ac256086,0.444,False
560abac47e37,0.444,False
9fdd2352fa30,0.444,False
beb987289c41,0.444,False
2298c297779b,0.444,False
7946820b1e1d,0.444,False
6df014de5f8b,0.444,False
4d928c02dcd6,0.444,False
7f40126c2640,0.444,False
5a69587253dd,0.444,False
35f917847579,0.444,False
989f0f9f5c4a,0.444,False
4e9aca6806c9,0.444,False
18859b33e1d8,0.444,False
9c1b7c674588,0.444,False
9d40d7fd6dc6,0.444,False
1f201b24b166,0.444,False
cb5e4ff28c31,0.444,False
bc19154650ae,0.444,False
43c814d6bc75,0.444,False
563a9ce76ea4,0.444,False
826a462c23dc,0.444,False
f0d8aeff119b,0.443,False
56b30dcfd309,0.443,False
d8a4ce363a8f,0.443,False
0bca0b8b68a7,0.443,False
6aa46f85dc51,0.443,False
104da8d6e33f,0.443,False
e9bb407f9fab,0.443,False
98a54f52fbe7,0.443,False
6f9630c7ac8f,0.443,False
d667a65cfc99,0.443,False
c20ee984269d,0.443,False
6e7d0b603016,0.443,False
dff7029fd31b,0.443,False
b45db5d1a616,0.443,False
56fb1ce92505,0.443,False
ecb59b9ef9ea,0.443,False
6b1cee6880f0,0.443,False
af6fc8b50207,0.443,False
88f3c32ddd8b,0.443,False
6d1ce2c83fc4,0.443,False
7c5fe16533ae,0.443,False
c16047990edf,0.443,False
b67dd7b31527,0.443,False
1e61b67b0a17,0.443,False
8b4e847d7711,0.443,False
f99bd9829f09,0.443,False
e2bd9b129ddc,0.443,False
e21a16dac00b,0.443,False
a49877a1cdf4,0.443,False
974513751e93,0.443,False
fb440aa1fa94,0.443,False
0579a94c261b,0.443,False
8c55727f8a2b,0.442,False
5a9bf097d7de,0.442,False
50cfe8760af2,0.442,False
598b14b0510a,0.442,False
6530fde1e66e,0.442,False
64ecd77e9dfc,0.442,False
8b50ecaa590d,0.442,False
44916348603b,0.442,False
f7e76fbb9165,0.442,False
cba9458ee9d9,0.442,False
09f5adb12c4f,0.442,False
f9d00a41613a,0.442,False
58ad590ba16c,0.442,False
cc76167a0639,0.442,False
932dcd035903,0.442,False
db8699c1a965,0.442,False
bd510fa4a9ef,0.442,False
e89130fd5bd3,0.442,False
32c2b4cc6532,0.442,False
61711bef0ec7,0.442,False
77ee4564f14d,0.442,False
715c13dc1e8f,0.442,False
2d02c198b3dd,0.442,False
1f60db63130f,0.442,False
7b1dcebb5d92,0.442,False
8f661ed94468,0.442,False
c6202737d73a,0.442,False
002d13f66ffe,0.442,False
e5f9d6e5c1ec,0.442,False
d97583621956,0.442,False
7aca1f8a5337,0.442,False
f3286793e941,0.442,False
f115226c81e9,0.442,False
b7036a1e64b2,0.442,False
6225b75483f1,0.442,False
41955ca3b86b,0.442,False
0beee8c7705a,0.442,False
a38d872d84fa,0.442,False
153b7ef6a7af,0.442,False
92efae126c97,0.441,False
aec34bffe40f,0.441,False
759cfb59c864,0.441,False
75ca572ec0df,0.441,False
88c71e80a2ec,0.441,False
b9db98972ec0,0.441,False
45733e26288b,0.441,False
8bbaa960c4a7,0.441,False
005607c5c8ec,0.441,False
22965ca8572f,0.441,False
7d73e965e0cd,0.441,False
9f340576dbba,0.441,False
a6584f3e2919,0.441,False
b343f3b74bac,0.441,False
7dfb5b3132a8,0.441,False
30fd4a7667c9,0.441,False
2088e269e90a,0.441,False
48b0ee07b3fc,0.441,False
8d26ea998d00,0.441,False
b56345e4c8fd,0.441,False
602cb8ff914b,0.441,False
2fb6c27e819e,0.441,False
2de88f6a3840,0.441,False
7b2f48836dcd,0.441,False
9bac5acbe0f8,0.441,False
342a93bd44b6,0.441,False
d3be94816f38,0.441,False
15eb0dea1abe,0.441,False
9a78e2fc9a01,0.441,False
5493b7612547,0.441,False
d4a14f726b27,0.441,False
6db42873705c,0.441,False
8837eeb31785,0.441,False
06326b402ae6,0.441,False
243be3a72958,0.441,False
dc6444e94bb7,0.441,False
0e03c638ff3e,0.441,False
403e2e396772,0.441,False
b250a6dac6e8,0.441,False
5eef4889a90c,0.441,False
f77225ab2642,0.441,False
e192b1b13580,0.441,False
d2559a3a1fb7,0.441,False
1df0370a1e41,0.44,False
a63642b2aa97,0.44,False
b5b1f0625a4d,0.44,False
6a30f57bd60f,0.44,False
dd9b524b28f5,0.44,False
b5e3c423a999,0.44,False
2038fd07ade5,0.44,False
c524a35d04ba,0.44,False
0d0e8de3e617,0.44,False
1493c45bc756,0.44,False
979f6d182de9,0.44,False
98a356afa5b4,0.44,False
a8a7e2c5ea57,0.44,False
8269dc894c4b,0.44,False
6173ff808cc0,0.44,False
6a562d6c76f2,0.44,False
c321fb6c556c,0.44,False
109c0348911d,0.44,False
5ad9d9ee4a8f,0.44,False
c6b8a4a59e52,0.44,False
92c8d2ac0517,0.44,False
773480022735,0.44,False
cc70e55a6ad4,0.44,False
934ebee11da3,0.44,False
46130c38d5a5,0.439,False
0812152dfab7,0.439,False
42b1a84fd0b6,0.439,False
5074272c5fe2,0.439,False
8ecbe06c367e,0.439,False
8d3059bf5501,0.439,False
48305413bb9b,0.439,False
2fb6c17f5faa,0.439,False
2e39f743f592,0.439,False
2db4693c726a,0.439,False
9f41d660e305,0.439,False
3013f5253008,0.439,False
a5d14b4da24a,0.439,False
7d3da0687a3a,0.439,False
d6bdd510f0d2,0.439,False
1d888968f621,0.439,False
a8013e8e7202,0.439,False
422456730710,0.439,False
451b095199fc,0.439,False
c81e4555be3d,0.439,False
9294dab4f5cc,0.439,False
bb93480c79a2,0.439,False
ed7da7599273,0.439,False
b4b117a2aca2,0.439,False
e1744fc70455,0.439,False
e1082fa2401a,0.439,False
adec6115aed4,0.439,False
6004daef48ae,0.439,False
36e2fd2654cc,0.439,False
ea071a4c64ad,0.439,False
b69740d96102,0.439,False
47c11ef69389,0.438,False
47d2f7f2488e,0.438,False
2992f5b2ca99,0.438,False
5ac49ba4402f,0.438,False
92718173d8c1,0.438,False
f87d17490c0b,0.438,False
ae35331e94d3,0.438,False
43a65da8d8b5,0.438,False
92c19829e1dc,0.438,False
8873c406cc75,0.438,False
8a36eff30d8c,0.438,False
076c779ab200,0.438,False
980f87c310a2,0.438,False
c2691bd9f879,0.438,False
699b18d83054,0.438,False
f4df5fe32291,0.438,False
cc24f27416e6,0.438,False
f529452cc106,0.438,False
cd516d15eb5c,0.438,False
6c6468038c3d,0.438,False
69b912dfc4be,0.438,False
3e926c1dbe40,0.438,False
c2004c37b13c,0.438,False
163bf12c39bc,0.438,False
39461d2b2585,0.438,False
d8e1a7c73b67,0.438,False
54442cb64f72,0.438,False
dbd65eb8ab53,0.438,False
31e4dc9acdab,0.438,False
a6a279859910,0.438,False
a635c17f60d2,0.438,False
30549f00405a,0.438,False
d8e7ddd08733,0.438,False
c0a843f9da0f,0.438,False
be12eed970be,0.438,False
20335f1f9765,0.438,False
49ef2c0a4f0f,0.438,False
c551b21da752,0.438,False
49a6a6307009,0.437,False
4593ab77e36b,0.437,False
5b228235d559,0.437,False
df44a993b9ca,0.437,False
5053b7535ee7,0.437,False
fa001f4949d3,0.437,False
0656d1086bcc,0.437,False
bdb87cbf4bf0,0.437,False
89a938e40106,0.437,False
f920896a77cb,0.437,False
44b9ad3a3550,0.437,False
ccfb67704b80,0.437,False
4e6a4ecd99b0,0.437,False
93763828320e,0.437,False
212aa800d5cd,0.437,False
43f243b9a43c,0.437,False
1df0e9ba91e1,0.437,False
25ebd129eb24,0.437,False
0df0cba3a1c5,0.437,False
d7ef186369bc,0.437,False
8f0e1f345b72,0.437,False
a8aa198e2349,0.437,False
bc126b94584b,0.437,False
6465983309fa,0.437,False
bc4963eff785,0.437,False
8121cbd3c6bb,0.437,False
c3543e53c25a,0.437,False
9a39c0f65ca8,0.437,False
cfa1baa2e3c6,0.437,False
56fc6872d3d1,0.437,False
1906d26f2eb4,0.437,False
c37e4cc3aa49,0.437,False
3f4f0547f0ed,0.437,False
cc7e0c444d6d,0.437,False
df66d7d9b50f,0.436,False
8b2fcf0e8a40,0.436,False
4ef1bdf0a750,0.436,False
9b420f715753,0.436,False
e8cadb1ebeaf,0.436,False
32e8f6dd1327,0.436,False
77a970ab16af,0.436,False
e2ebf85b4228,0.436,False
34666f657b2a,0.436,False
b621b4d65068,0.436,False
5573a1305314,0.436,False
b318b06e1f8f,0.436,False
8140f8988baf,0.436,False
96bf2b6cdca5,0.436,False
a87363c369b9,0.436,False
96664d59778c,0.436,False
a913dae21101,0.436,False
f2c1718c7a4c,0.436,False
5e9aa568dd58,0.436,False
ad1bc9287adc,0.436,False
a6182d7a1b1b,0.436,False
d290634927ea,0.436,False
d4576ae72922,0.436,False
ef8704daf4d9,0.436,False
73a7ab49aaa3,0.435,False
d3282b3eb589,0.435,False
a4404a7ac13d,0.435,False
f2dccd141adb,0.435,False
31bb4c8cae52,0.435,False
d21f2bd73c20,0.435,False
bc0bf5c64592,0.435,False
b4855e5cb274,0.435,False
c5090eea7c53,0.435,False
31b6cc9250ed,0.435,False
576032fa6755,0.435,False
1664f753ee5a,0.435,False
4d0fe3a6cbb2,0.435,False
9d3631b64e7c,0.435,False
d8403de4c1da,0.435,False
420405927021,0.435,False
e59fa3c151fe,0.435,False
ae27ddbdce86,0.435,False
93d1f1f91fa7,0.435,False
cce25085c7f7,0.435,False
1b12bc220d76,0.435,False
1b6fb39ba437,0.435,False
db33388ece37,0.434,False
b31b319ce734,0.434,False
6f24a463e706,0.434,False
e36e269c0288,0.434,False
e139b2212474,0.434,False
2ac18bb5c2b1,0.434,False
7c820a9d4bee,0.434,False
291781537a05,0.434,False
27521ee62ec6,0.434,False
416273ee6e7b,0.434,False
3157e4a2b1ab,0.434,False
4e8da0830285,0.434,False
0a9f2bc0877e,0.434,False
beca04424b9d,0.434,False
205dc407a7b7,0.434,False
7635c4a2f97e,0.434,False
bfe6b8f205c9,0.434,False
e837316bc2ce,0.434,False
9d76601b2b9b,0.434,False
28255e67855f,0.434,False
63f70858a9f9,0.434,False
a9b7e8dc8efc,0.434,False
d24a344fb621,0.434,False
b6a45fcd92e8,0.434,False
7ff084f8897c,0.434,False
35892e1abb7f,0.434,False
c2b420f951a9,0.434,False
c596b03f869f,0.434,False
b074c409e0a7,0.434,False
a021282757eb,0.434,False
8cecbf700a06,0.434,False
6137e70b7d94,0.434,False
3d3434c82892,0.434,False
3f8e63beb40f,0.434,False
e94fbcd270ae,0.434,False
95a9e4ea3b1c,0.434,False
9560165c6499,0.434,False
ce5c95360cee,0.434,False
c22e408351cb,0.433,False
9a1e4256ccf2,0.433,False
d160246c3790,0.433,False
abe1a6fc63af,0.433,False
69bd53b52910,0.433,False
b4bc18089eee,0.433,False
122cddaa8d9f,0.433,False
5d18f974ea3f,0.433,False
c2a184435e20,0.433,False
61432e50487f,0.433,False
03ec2e0ce9e4,0.433,False
aa63202598c5,0.433,False
a437a0542b57,0.433,False
24c317ac81f0,0.433,False
6c9aa27f03b5,0.433,False
faa8701a5d6c,0.433,False
2a02533e008e,0.433,False
c0992d511343,0.433,False
7d659d760249,0.433,False
1e3b1ae4e149,0.433,False
2a90d855edc9,0.433,False
bebd61e88b2a,0.433,False
66c8a181c9f2,0.433,False
4b63f007a204,0.433,False
3007e673928a,0.433,False
ad9c3422a22b,0.433,False
44d8b3b5303e,0.433,False
8dd1b09e945b,0.433,False
2f026d9487a6,0.433,False
8e16c285e213,0.433,False
e54eff314312,0.433,False
6b4855a1310c,0.433,False
c8009f138bfb,0.432,False
defde9f8f8f6,0.432,False
605a108999cd,0.432,False
c7f3918d551e,0.432,False
8b91acad0700,0.432,False
50a51746366d,0.432,False
bfb2ed57f67d,0.432,False
bf7e9cbc7525,0.432,False
4b8ceccafcb7,0.432,False
47356fd4b28e,0.432,False
74f404e5bacf,0.432,False
f62853a1caa6,0.432,False
e6d46c7b8b8f,0.432,False
f78627ecf404,0.432,False
af7519f1d3ed,0.432,False
98686ab068c8,0.432,False
8f218d4544c8,0.432,False
7e2b948cadce,0.432,False
f31be30c9cc4,0.432,False
e15224f52069,0.432,False
139450e36ebd,0.432,False
76fd8689dab8,0.432,False
1d3fd6547582,0.432,False
aa261a1a3889,0.432,False
73d775ae9621,0.432,False
aa39082d2cf2,0.432,False
743347598f0b,0.432,False
4ccfcde41b96,0.431,False
1602c79bb8e7,0.431,False
31ffaa3fe982,0.431,False
d4104cb234cc,0.431,False
c9d032b52898,0.431,False
dd3d2546be77,0.431,False
91dc0e88f38a,0.431,False
000e291ba405,0.431,False
05faaade10fb,0.431,False
f9516339c286,0.431,False
99d8eb19bcee,0.431,False
4ff23c9b9a44,0.431,False
fbffd15f7224,0.431,False
0d3466d22586,0.431,False
7e39ec08a187,0.431,False
7dc50176c3f4,0.431,False
701249a5dc90,0.431,False
8853fb3af6c4,0.431,False
424f615f166b,0.431,False
948c1225d0fe,0.431,False
641f2e066f0d,0.431,False
aa34a8a65f91,0.431,False
55b6d0eb13b8,0.431,False
abbacf91aed2,0.431,False
f47b802bc44a,0.431,False
a3ca38bb074e,0.431,False
4e6f321d261f,0.43,False
ccad8895dd35,0.43,False
66c419726ed4,0.43,False
88574c5d667c,0.43,False
dad65d9c8e8f,0.43,False
f9afdafff599,0.43,False
fdc9feea2fa5,0.43,False
21ae561908b9,0.43,False
752632128c55,0.43,False
4fe466583f00,0.43,False
689bf518cb57,0.43,False
ad39461f46d2,0.43,False
bda7a9f62cd9,0.43,False
f0f8446cd96c,0.43,False
526cd63ea51e,0.43,False
3fb79ce2b6b2,0.43,False
100d914d6f29,0.43,False
3ec983b3bb8f,0.43,False
85650c65b2b3,0.43,False
b6ef807abf20,0.43,False
d0147cdc7b7e,0.43,False
9ae0e72d0393,0.43,False
9719264097fd,0.43,False
11ef36ca9403,0.43,False
3bd240233cd4,0.43,False
81954b5acc97,0.43,False
c6fe04c22f50,0.429,False
c9e26ee995eb,0.429,False
4a95c1e0f5cc,0.429,False
24d1bce5f3ce,0.429,False
7cd33ce6f062,0.429,False
d26f96ddeff0,0.429,False
297ba6d48682,0.429,False
7abac0291eac,0.429,False
9197f0db52be,0.429,False
a6e7913ddcdf,0.429,False
100cc0ef256b,0.429,False
d767e7eb9c70,0.429,False
02aff4c18b68,0.429,False
b70a5f64998a,0.429,False
3fd19b94c809,0.429,False
0f2f2d4aae66,0.429,False
f3a9f2aeb7a0,0.429,False
586b3d229214,0.429,False
f6d5e9e209c0,0.429,False
b2992736915b,0.429,False
26191e34441b,0.429,False
66d91656c3f2,0.429,False
9f2105f6de5e,0.429,False
dcf788795d1d,0.429,False
dd6d494273ed,0.428,False
82c075bc072c,0.428,False
dbe9ef8aa0ef,0.428,False
d531fa55b22e,0.428,False
c43387a878ac,0.428,False
c5b491bb1171,0.428,False
23c341784116,0.428,False
a9d082230f86,0.428,False
9e2536eba7d7,0.428,False
925d797e472c,0.428,False
7ac7c3e42550,0.428,False
13dc4197344f,0.428,False
a93217f714c1,0.428,False
dab3f00f0d53,0.428,False
5751cab36227,0.428,False
577ad97d9cba,0.428,False
ebdb392f0eb9,0.428,False
fc31b37e4f4c,0.428,False
3cad9823dc56,0.428,False
c2be1142d29f,0.428,False
bda5f6e54b60,0.428,False
85e766e352f6,0.428,False
ce855889e634,0.428,False
ce5dc295a876,0.428,False
2cd8128745d2,0.428,False
25676c0a0614,0.428,False
f52c2a61c37e,0.428,False
2b993f092d71,0.428,False
5684977d0f11,0.428,False
313c48ff6655,0.428,False
0adc26a08345,0.428,False
49932c81e6d3,0.427,False
2b877467ae93,0.427,False
04d075e75727,0.427,False
b93aa3fba5ce,0.427,False
e6203040cc59,0.427,False
2238b53f9525,0.427,False
850c45c0a819,0.427,False
3ccc2f91fd39,0.427,False
5bd941d81376,0.427,False
9e882fe3fc0c,0.427,False
8138e49eae6d,0.427,False
df8d39a0c3e1,0.427,False
a2211e4a70db,0.427,False
c7ffc4f97c47,0.427,False
5cd0fbd2a2f5,0.427,False
dc6e66c78eda,0.427,False
511997b9ffed,0.427,False
1694f1953e03,0.427,False
41a0d4014341,0.427,False
e00b03a66287,0.427,False
7066d0ec8616,0.427,False
c5ec0be6598c,0.427,False
51e237987ceb,0.427,False
bf4ab0af575b,0.427,False
3cdd71c943f9,0.427,False
0baddcd1ace7,0.427,False
8311686cb914,0.427,False
53dd797a4952,0.426,False
91a09d0c6fde,0.426,False
e2a53e2931e5,0.426,False
2880c86f7cdf,0.426,False
4721077ea765,0.426,False
c5a1e5149fb0,0.426,False
1450b929d3b8,0.426,False
99acdd924c2f,0.426,False
b7cf9620ec79,0.426,False
68829e39bd8e,0.426,False
0c959a1fe789,0.426,False
2d0fcdd6a240,0.426,False
1c15d6d90296,0.426,False
970f69fb41b0,0.426,False
77b4de12875a,0.426,False
698964a50813,0.426,False
1a871db94ffe,0.426,False
bbe44257f083,0.426,False
54ccf83e57d8,0.426,False
e3a2a2f1c69f,0.426,False
9dec5a3c1f72,0.426,False
83af81c1e3bc,0.426,False
d5dc4b11cf06,0.426,False
fcbfeaed0548,0.425,False
55ab14ebf09e,0.425,False
1ed97ba3d995,0.425,False
7aac258ecff4,0.425,False
49d05638030e,0.425,False
5909b542369d,0.425,False
dea06ef8b7a0,0.425,False
26ec383fe2ee,0.425,False
6d2f3dcb182b,0.425,False
5bf3875eb412,0.425,False
956e4743731d,0.425,False
113a015ea949,0.425,False
e11e00f69d88,0.425,False
e6c0c82f3acb,0.425,False
955bccc59108,0.425,False
0e2e068a5fa2,0.425,False
13fac95031f2,0.425,False
6b276f8a69d5,0.425,False
07495719ef58,0.425,False
9b4a5aeed11b,0.425,False
0eea9445a26e,0.425,False
acbc30b49406,0.425,False
0ffca53e8afd,0.425,False
0f0281a4072f,0.425,False
48a8d1f46220,0.425,False
fc9fd998bf5a,0.425,False
87801ac4b35a,0.425,False
aafef68b6df6,0.425,False
5b9ebce20e7b,0.425,False
c4f8f5da5cfc,0.425,False
1d513a907809,0.425,False
7197dc604951,0.425,False
f638ef2486b4,0.425,False
1dc1320c74fb,0.425,False
770dc867ae62,0.425,False
825a16190bda,0.425,False
445c0f36f0fc,0.425,False
c43b6993ca89,0.425,False
31a0ca1bfb56,0.425,False
311e76b23931,0.425,False
260ff44f317a,0.425,False
49993372848b,0.424,False
2057098d935e,0.424,False
d876768a0377,0.424,False
9ba38f116a73,0.424,False
59c747a11eba,0.424,False
368337c9a90c,0.424,False
829267eb88a1,0.424,False
1f04d57610fd,0.424,False
f7258b5fd7ae,0.424,False
2fd96ebc8d69,0.424,False
350e2ec0b700,0.424,False
c5971efbdfa7,0.424,False
0435b2a7c376,0.424,False
10a7510be362,0.424,False
cf9912af3a8c,0.424,False
d0157af97e5d,0.424,False
739b26424e1f,0.424,False
c06873f86379,0.424,False
7f81ddedc785,0.424,False
17a9652d89ed,0.424,False
195131a42788,0.424,False
6f5c12ebc78e,0.424,False
a8507909297c,0.424,False
eb0516ad1505,0.424,False
3c8b1fbfb0d4,0.424,False
aedee3eb3d9a,0.424,False
1f650dc89b8f,0.424,False
7185ba9bebf3,0.424,False
bb2e02e7e7f6,0.424,False
8837e0dd047a,0.424,False
df55b53f0be8,0.424,False
1e0206b0a146,0.424,False
9997b72383bd,0.424,False
f99b1eccdb4a,0.424,False
0ebeadfb5f0b,0.424,False
1b48ef1bf5c0,0.423,False
b015f884104f,0.423,False
47dd2c9d432e,0.423,False
b029e0457a8a,0.423,False
4116d95ea8e8,0.423,False
6572087525c0,0.423,False
d3c8d76afd96,0.423,False
6bd9b2d82c07,0.423,False
e0987e0e0b4e,0.423,False
6d39790cae4d,0.423,False
ddb931a71e2c,0.423,False
83409c12e346,0.423,False
c8a352df8910,0.423,False
77a547319359,0.423,False
10ff36767b91,0.423,False
83e2a28d7725,0.423,False
841a56fb9b7e,0.423,False
b4bf885a622b,0.423,False
e33de2411436,0.423,False
3d22cb6c4ce9,0.423,False
4aa82ef7aa70,0.423,False
25214b157cf5,0.423,False
4b7af2bd0a74,0.423,False
305f96e46c89,0.423,False
7173ad6c5b44,0.423,False
f69acf755db9,0.423,False
1a0699f37620,0.423,False
1ba9c78d3753,0.423,False
c146c2af00b8,0.423,False
cd7236e5416f,0.423,False
b7c46459cc2f,0.423,False
70122c07d56c,0.423,False
7680853fb992,0.423,False
227e7ab98a51,0.423,False
b5ab465d808a,0.423,False
2db5b69fe8f4,0.422,False
723be28dd514,0.422,False
8ec17bd6a82e,0.422,False
283330bfd61f,0.422,False
83595c8d2d68,0.422,False
913c842d0026,0.422,False
90d21200679c,0.422,False
b70324abcee6,0.422,False
b0d66f08215e,0.422,False
089fc6282f3a,0.422,False
6638fc7b7a18,0.422,False
c92e66703784,0.422,False
d9445f1a9a09,0.422,False
57723168134c,0.422,False
b9f88235be03,0.422,False
1976c205e34e,0.422,False
7eb3887f0711,0.422,False
d05659deb4f9,0.422,False
33ff81ee9bc6,0.422,False
9d87e1d35ce4,0.422,False
bbb8c4e8048c,0.422,False
acd6774f223d,0.422,False
b9fce4ed9b00,0.422,False
717f5c022ab4,0.422,False
68beb6b61dcd,0.422,False
9452993488e6,0.422,False
5575acc8e97c,0.422,False
94651031a019,0.422,False
a62e3dd206e1,0.422,False
d776e1aa671a,0.422,False
6723ad33edf9,0.422,False
61172cfd6752,0.422,False
16ac487d9112,0.422,False
c5c48686cf1a,0.422,False
a5331d2c7c7e,0.422,False
265adcd20179,0.422,False
47a15d1d6914,0.422,False
3884031a280c,0.422,False
6d030d5d736f,0.422,False
a594ddc8b161,0.422,False
fd9970a80ea7,0.422,False
04765cc703db,0.421,False
fc6c4f270f0f,0.421,False
2cd632f059a0,0.421,False
28b9c4581656,0.421,False
fbf6de0bfdec,0.421,False
47f076dd94f7,0.421,False
5011a531ac0c,0.421,False
e879116456c0,0.421,False
2d764d5314be,0.421,False
ae3f1ee15325,0.421,False
6e6940f95644,0.421,False
1d086234596d,0.421,False
675529d4ca9a,0.421,False
931c155dee39,0.421,False
8910cd5506eb,0.421,False
1243c6651b69,0.421,False
8244f64cb372,0.421,False
5b7f5710748b,0.421,False
94d86a733a12,0.421,False
f5ada3894ea6,0.421,False
68d0372cd8ef,0.421,False
df1cd3f3f6aa,0.421,False
a23fe63e2c28,0.421,False
c797d99332ef,0.421,False
a4a5bd8b07f6,0.421,False
07267520a96a,0.421,False
5c9abffc4d4f,0.421,False
240d169b7366,0.421,False
4a9b50fe141b,0.421,False
13afe1cfa7c0,0.421,False
99fd78751178,0.421,False
f5205617a272,0.421,False
3346bdbf6f70,0.421,False
1ea666e4c8e7,0.421,False
27a831930081,0.421,False
fe5f194e022c,0.421,False
35956408f0c3,0.42,False
1e0081dc859a,0.42,False
5b33b6b25f67,0.42,False
d5fb9807c2d1,0.42,False
340ddce85ae0,0.42,False
367a90571e0e,0.42,False
5522b8d14226,0.42,False
6327d0f70d5f,0.42,False
509292a8424e,0.42,False
01f7b557718b,0.42,False
1018b01fb5d8,0.42,False
28b53edcc3f6,0.42,False
e9952edd5521,0.42,False
20e3f5d7e5ae,0.42,False
4ab2a54986d2,0.42,False
ca0714c48265,0.42,False
e8dc6179218e,0.42,False
263b9bbfa372,0.42,False
294a27cbf0cc,0.42,False
7c45c8ce5ddb,0.42,False
1240868fad33,0.42,False
2b13dadb8deb,0.42,False
58614d122242,0.42,False
93c505ddd2c0,0.42,False
7d558ee89767,0.42,False
ab70ce5182c0,0.42,False
7a2b637bc78d,0.42,False
7a3662ac36a2,0.42,False
b12559c2f757,0.42,False
124e4b4aef9f,0.42,False
7392acfe0c50,0.42,False
e13f31dcd247,0.42,False
9e3bcd8c2f82,0.419,False
644f4a056c0c,0.419,False
7ae3503369a2,0.419,False
cef39ea1f3fc,0.419,False
b8f72d1db5e2,0.419,False
838a9cb56816,0.419,False
18e1782bc85d,0.419,False
89d5c5c0255b,0.419,False
de926db1a9d6,0.419,False
d1c14d3a5496,0.419,False
6f49fe01e9ff,0.419,False
597e20b83998,0.419,False
46ea2f15821d,0.419,False
b3c924f6265d,0.419,False
ab22ceae722c,0.419,False
042c4edc10e5,0.419,False
baa86573f1a6,0.419,False
2e5a8dea26ff,0.419,False
047f9b390649,0.419,False
fbd8415d89e2,0.419,False
ed45ed0e1460,0.419,False
e425ab637104,0.419,False
de7827dbeb97,0.419,False
9727966166dd,0.419,False
ae4178567113,0.419,False
292ba3aa7b99,0.419,False
86f89acda596,0.419,False
0af7519dc7d3,0.419,False
585f7f4ac466,0.419,False
9be4b142ec03,0.419,False
a5cc3f8c6ff4,0.419,False
6540d8c17399,0.419,False
05a1d0ff5f91,0.419,False
11170ba7fa6e,0.419,False
22255c3e03f6,0.419,False
f11591e58f57,0.419,False
9190f58d9ca3,0.419,False
1eb796d8a057,0.419,False
fdb87524e22b,0.418,False
4f64a6bbe6b3,0.418,False
642b77eef874,0.418,False
d519ea8e5ebc,0.418,False
248232631d67,0.418,False
fb8a754c4835,0.418,False
9bffd0753b06,0.418,False
4faa39ad4ad9,0.418,False
68c651f11620,0.418,False
e8c7dc44dbd2,0.418,False
ecdfbe93dd76,0.418,False
e967920e88ed,0.418,False
7416068f6564,0.418,False
2bb8acee39c2,0.418,False
300f1456419d,0.418,False
d299fb622930,0.418,False
0f5e25c9d9fd,0.418,False
69fadedebe78,0.418,False
1ed9b51f6402,0.418,False
0674a459d002,0.418,False
90c8e229fdf5,0.418,False
78aadb829ce6,0.418,False
00075bbc7af3,0.418,False
8e45c346fa11,0.418,False
6158810d6b56,0.417,False
681b2a11edb4,0.417,False
3571b876e2c3,0.417,False
cfc8b084762f,0.417,False
efa4a13248b1,0.417,False
4db34556333f,0.417,False
dc4411809398,0.417,False
40824c63fee6,0.417,False
e4c03cdd82ab,0.417,False
dd457d13fdca,0.417,False
80e20aa8e360,0.417,False
7a972ce96383,0.417,False
157cd3d64f46,0.417,False
404976331fd9,0.417,False
16e9f86f02bc,0.417,False
c36940c49742,0.417,False
8c475d464f46,0.417,False
ccf65723b950,0.417,False
78858f1d2f85,0.417,False
4395e40dca25,0.417,False
623792e41cc4,0.417,False
da49c8d30c87,0.417,False
281b25f70014,0.417,False
eacf59ec1e45,0.417,False
8db48fcfcbb7,0.417,False
3626a5f69551,0.417,False
b94192ed740b,0.417,False
04f48b289e31,0.417,False
04dfd4003261,0.417,False
92de6fc630cd,0.417,False
a74d6712c09c,0.417,False
7dabede5b51e,0.417,False
8b6e153c570c,0.417,False
8b7b2f6a4f6e,0.417,False
f8c7cc2350f6,0.417,False
b883ef9afe2f,0.417,False
e68673f75f22,0.417,False
88ebd5e9d1e7,0.417,False
7822d93ade37,0.416,False
d1dc5684dfe7,0.416,False
e4d9328fc255,0.416,False
e02049f8d622,0.416,False
b584e7945cb3,0.416,False
55d5c3f927e2,0.416,False
07c47bb8d1e8,0.416,False
59bc8d8e20b9,0.416,False
0a49fedeecee,0.416,False
6fd95936ef2e,0.416,False
54c29681cc43,0.416,False
54ba9025a00b,0.416,False
1956a431e130,0.416,False
533ce68245d5,0.416,False
94e70cd93609,0.416,False
95d52435ebc9,0.416,False
ecad4da24dfc,0.416,False
75e0f53470fb,0.416,False
af63d8ff7c13,0.416,False
179d203d44c3,0.416,False
8d10e732aeb6,0.416,False
ba3061de150b,0.416,False
20fd68c6904b,0.416,False
29d5f812969e,0.416,False
4d9a8ffe9e95,0.416,False
cc278e5ee702,0.416,False
e380e9c46f2b,0.416,False
c163590db179,0.416,False
9e1979c5686d,0.416,False
ef62a8df047f,0.416,False
56255c32fc38,0.416,False
d609d884ef5a,0.416,False
f9c8f2e2b964,0.416,False
44e5e9f03e21,0.416,False
0a32186ddefb,0.416,False
f7348c1f0beb,0.416,False
47c3eb3a099b,0.416,False
9343f32c4ea5,0.416,False
9b7bc88d0dc2,0.416,False
c5bbc4e3afb6,0.416,False
46668909092b,0.415,False
c6bc18e8d14f,0.415,False
5b005bef89e1,0.415,False
b8cb5289c216,0.415,False
151d042448ff,0.415,False
c01014142aa7,0.415,False
ef9ccba4cf23,0.415,False
efe48544f9f9,0.415,False
aa512329a2ba,0.415,False
dd1b7bc3613f,0.415,False
6ced049580f7,0.415,False
2bb9e67bd983,0.415,False
511c3180fd0d,0.415,False
9ea0648d106d,0.415,False
516d25b44d11,0.415,False
385ece3891ba,0.415,False
19dba8fefe85,0.415,False
78b8a2a8f9da,0.415,False
17af866efc09,0.415,False
7e18558cf6ff,0.415,False
6dbf83f10388,0.415,False
21bc1ba7112b,0.415,False
89d6c40c603c,0.415,False
06b0e932a7c5,0.415,False
89996456cc69,0.415,False
3d9281dd87b8,0.415,False
d127cf559320,0.415,False
5493f07f20c6,0.415,False
c8ed9806c591,0.415,False
204c7b195239,0.415,False
44290ea5e68f,0.415,False
f6663e571779,0.415,False
893bea2415a3,0.415,False
376ef5d51023,0.415,False
d1f9fa8ff2c5,0.414,False
5fcc40c78745,0.414,False
3eea691d1175,0.414,False
2fd0780de4ef,0.414,False
0ca37d199551,0.414,False
2e8050a1b4de,0.414,False
efc1c99102b2,0.414,False
00ac611a7b70,0.414,False
a2eeb3e992bb,0.414,False
272c7784f646,0.414,False
08ae4f7f2785,0.414,False
e1f4b17b042c,0.414,False
1cf6869d78d6,0.414,False
3515fe3a16cb,0.414,False
3672c38e3824,0.414,False
08ae854baf12,0.414,False
8d7ee107379f,0.414,False
46de552a2114,0.414,False
8f1c5cf3f5f9,0.413,False
8cdb63736c14,0.413,False
c6e37ab46b63,0.413,False
9fc7fbe337a4,0.413,False
6806ea72549e,0.413,False
08620009b5c8,0.413,False
f9bee2b33e9f,0.413,False
afff93b757f7,0.413,False
f1140dca2b6d,0.413,False
e4899d02ac5b,0.413,False
20dbccb51f66,0.413,False
025ee7e8d826,0.413,False
034b7b764380,0.413,False
02faf28638b2,0.413,False
1e3de04cfe8b,0.413,False
f348cc1e037d,0.413,False
954b06eaa5ec,0.413,False
b02b285264e4,0.413,False
deb21fd382f1,0.413,False
3fb76a9dd406,0.413,False
0a0ab9979f20,0.413,False
94f3a521c8eb,0.413,False
b18f53402101,0.413,False
e9925ecbeae4,0.413,False
e455e4433cce,0.413,False
aae7eb31eae0,0.413,False
be15a29b602a,0.413,False
5e32f353ff0a,0.413,False
fc2e9838f792,0.413,False
57ff567a442a,0.413,False
e91118152f8c,0.413,False
371931dcf9f3,0.413,False
e7875fe1ea76,0.413,False
5d5288587f53,0.413,False
34dd549d1f1b,0.413,False
936aab815ddd,0.413,False
cd3d9617a3a8,0.413,False
fa1e20ddc4d5,0.412,False
3d2d9a62f884,0.412,False
96cbd3c47a7f,0.412,False
a423dab14107,0.412,False
7a7058d9450d,0.412,False
b70a1f121178,0.412,False
463056ad2d97,0.412,False
eec6ae5982e1,0.412,False
39cfe84b4d7d,0.412,False
0115a837b13a,0.412,False
882f14d52fe8,0.412,False
da0e98924774,0.412,False
b5e8f088a1f9,0.412,False
842cb395db15,0.412,False
206d0193ebe4,0.412,False
19f312589386,0.412,False
c689f4e0e9e4,0.412,False
eadb36b0a28c,0.412,False
cab94f829fe1,0.412,False
628e814754e0,0.412,False
76292967766f,0.412,False
dce7edb80dcd,0.412,False
19ec88c05644,0.412,False
d7d8e57a091d,0.412,False
e303cabf181b,0.412,False
75d6db8c5b33,0.412,False
f7b4691a6a44,0.412,False
664327381319,0.412,False
d3684f1bfadd,0.412,False
5609828c7db3,0.412,False
67cc0f8f67c1,0.412,False
16a7ae97d6c8,0.412,False
a538eea28d30,0.412,False
16921fbd3247,0.412,False
9926e12d3ee3,0.412,False
d4ef03ce6853,0.412,False
d0599b960f3c,0.412,False
b2390b6d9edd,0.412,False
3d551a8f29f0,0.412,False
d645d05df17e,0.412,False
1dd953d13c32,0.412,False
9170c42bf260,0.412,False
b981b928d519,0.411,False
8e848ec1f753,0.411,False
ad8f04b38307,0.411,False
d85c84603ac0,0.411,False
bb4cf874bfcc,0.411,False
eeb4eecf7a0b,0.411,False
86798d47ebcc,0.411,False
b1aa63fbbfab,0.411,False
beaa0a4b1992,0.411,False
df205c2c1c39,0.411,False
b534679d6829,0.411,False
4b56a8a3a78b,0.411,False
7f148a365cfc,0.411,False
4b6622f77b02,0.411,False
b6bfb97a0b65,0.411,False
e1b8221db3a5,0.411,False
d4ee2f8e4f55,0.411,False
af2e8cae771d,0.411,False
38ee203b5ec1,0.411,False
b854d27a91e1,0.411,False
2ae006d65923,0.411,False
2c928b198e0c,0.411,False
4d994bb75e71,0.411,False
8aad76459fea,0.411,False
60ce848f08d8,0.411,False
167e2267ec60,0.411,False
19a1ad1c5c2e,0.411,False
5d9c5b10dc27,0.411,False
da0cc6586c78,0.411,False
fcc390883f4a,0.411,False
34f0587d88fa,0.411,False
d9e25c0d1e59,0.411,False
944251c848c3,0.41,False
c77ec8071d44,0.41,False
95322e499abb,0.41,False
1b5e68e8c7bf,0.41,False
a1b900bfee21,0.41,False
32f8ce73b146,0.41,False
3453a80b78c0,0.41,False
0b4b782a288e,0.41,False
c2fe4e9de150,0.41,False
bcb32b48f9c0,0.41,False
8ab0f1b7c084,0.41,False
780fec740c70,0.41,False
007fe716aee3,0.41,False
152eaa55f7e3,0.41,False
99f81051326b,0.41,False
7fb835c4d5db,0.41,False
0fcf9dc03144,0.41,False
e58a63464f7f,0.41,False
116bb24b9a9b,0.41,False
d6a8478d80c7,0.41,False
1ecf74ffff65,0.41,False
6430032cd9cb,0.41,False
6ad1b993ef8e,0.41,False
c6575bb71cd3,0.41,False
729ccfccfb99,0.41,False
9d4edf5ab63e,0.41,False
a5cb40a27af0,0.41,False
3fd7bd5c1797,0.41,False
bfa6b4c379ce,0.41,False
7d014ae5593b,0.41,False
e32e35f3a2cd,0.409,False
002b9d602755,0.409,False
a944644b2693,0.409,False
7862a812a2a1,0.409,False
15c8cfdf079c,0.409,False
c21bcd7c8eb1,0.409,False
147eb54e7453,0.409,False
7b9163ceb2a8,0.409,False
8a18c3c29530,0.409,False
613ccffb2df7,0.409,False
c500d1799454,0.409,False
c5bbc4aaccdf,0.409,False
72f11662f5fa,0.409,False
fd7a4d00362a,0.409,False
154d42cf68f4,0.409,False
c34fe6762916,0.409,False
ac3472cec48e,0.409,False
4ff6b69b7431,0.409,False
704f441bd2a9,0.409,False
57673ffad7d2,0.409,False
95bc833d0650,0.409,False
3bd5a18b6d0a,0.409,False
5c18dc4e7501,0.409,False
be953110351a,0.409,False
719e6b17c65e,0.409,False
7728c9b3bdd5,0.409,False
f70f07389216,0.409,False
42b2984faf10,0.409,False
b7d6af254503,0.409,False
90504e2e224b,0.409,False
c1b2b845a9ab,0.409,False
dd12c22ce127,0.409,False
01bafe2a1643,0.409,False
749ed8e6e633,0.409,False
21469a410dfa,0.408,False
a62294b113a4,0.408,False
30237f873139,0.408,False
9ac937b9cc6d,0.408,False
b5499437ecdd,0.408,False
cbf42fe101e5,0.408,False
d308ed8cca5e,0.408,False
d054ce088292,0.408,False
d9c723f80d1f,0.408,False
0517d5c68479,0.408,False
1aca6f9191bb,0.408,False
a635dd25c91a,0.408,False
86bf3bd00d9d,0.408,False
1625883f730b,0.408,False
ecf6c137642c,0.408,False
f34f8c086545,0.408,False
9cca09aa867d,0.408,False
ec7eeb1e46d2,0.408,False
a02d0a8404b2,0.408,False
bbada5a83815,0.408,False
d6d96610ee40,0.408,False
787590038c0d,0.408,False
9dbbef79409b,0.408,False
efdd836082c3,0.408,False
2d774f3f02a8,0.408,False
6479f498b3d9,0.408,False
4f54b207b265,0.408,False
60707bade6af,0.408,False
5db6edc2fb29,0.408,False
7216430cc7e2,0.408,False
a976f4d6b57b,0.407,False
2fa5deb7ee08,0.407,False
1baaf769d40e,0.407,False
3c90c4066e62,0.407,False
d99aaafb19a4,0.407,False
8c041e725cf2,0.407,False
c15bbc69af9f,0.407,False
6c085e48024f,0.407,False
e5769c8e5df4,0.407,False
7db5ce10f09f,0.407,False
622ea8953a87,0.407,False
b247218abcd5,0.407,False
802d66b97d78,0.407,False
ac4cefa9c951,0.407,False
65004e27d53c,0.407,False
4c066fec9a98,0.407,False
f2e4a5934f5b,0.407,False
5f664027dd80,0.407,False
5d8daf1c4a9e,0.407,False
92f17b264c96,0.407,False
0936464ee61f,0.407,False
a4f9428899df,0.407,False
4060ad8d4ff9,0.407,False
651690e19539,0.407,False
119c33a34615,0.407,False
4db49f3328b6,0.407,False
55a5080f8f8d,0.407,False
9da6c68ae68f,0.407,False
b68d15efa65d,0.407,False
3fa495f4010b,0.407,False
c8b9158587c0,0.407,False
a939c3adff10,0.407,False
8406b5811d0c,0.407,False
2cbf5c5e11ea,0.407,False
fd486997faad,0.407,False
f03d0f01036b,0.407,False
c4875adb5533,0.406,False
ef05d0df3043,0.406,False
cc1ef17b9866,0.406,False
97ec11b189d0,0.406,False
8de9ad1757af,0.406,False
8a999fd4bb42,0.406,False
637c9163cf3c,0.406,False
f1c3b75d8b0d,0.406,False
5121d32c7424,0.406,False
804f33ac11fa,0.406,False
933f4c4dd1f0,0.406,False
5ee16b77dd7f,0.406,False
90fb45645b86,0.406,False
ded97dd8259e,0.406,False
1ba4843db0a9,0.406,False
0a83b243821a,0.406,False
7153b39dccbf,0.406,False
09a6c3c7d7ca,0.406,False
1e999a0019b6,0.406,False
dd700e775e7a,0.406,False
89e3ec5c0b1a,0.406,False
6875cb86f567,0.406,False
a10962495db4,0.406,False
48d877a09379,0.406,False
91fe6dd55d6f,0.406,False
cb62d1258c13,0.406,False
fcbb8e462153,0.406,False
3c14797c39df,0.406,False
5dff13c3687e,0.406,False
abc7dcc93c49,0.405,False
6630196c7df1,0.405,False
d2526cba01ae,0.405,False
9dce76547844,0.405,False
407be8640b83,0.405,False
628005f0524b,0.405,False
27813dce1e6d,0.405,False
dffb79f8d142,0.405,False
c3c94ec3c201,0.405,False
d1648aba7f4d,0.405,False
4ebc3e565f00,0.405,False
0b385da575b0,0.405,False
ca6a96056c59,0.405,False
ec7963162a75,0.405,False
2c448dcad3ea,0.405,False
553443748766,0.405,False
c20f27ceb4f5,0.405,False
2bfa98a7e142,0.405,False
f929d415159b,0.405,False
25beddbf3471,0.405,False
e10dede03fa1,0.405,False
588f832d7af5,0.405,False
4ccd0ba4ad12,0.405,False
e8267e8604db,0.405,False
e03466aba46e,0.405,False
1cf69ad32d97,0.405,False
37e76c11f311,0.405,False
bad3b4c09db8,0.405,False
c1829ee91c49,0.405,False
d05fb2677f4f,0.405,False
b19b79dcb1ce,0.405,False
bae2fbf0740b,0.405,False
140b10356a3a,0.404,False
306209f6e35e,0.404,False
76d2f9a2bdf8,0.404,False
0484a029ea2c,0.404,False
f6cb6db6fc12,0.404,False
fb2612753990,0.404,False
5bd90005edca,0.404,False
32b73fd80300,0.404,False
074a9f9f98c6,0.404,False
6b33029359d3,0.404,False
734821c3f0ba,0.404,False
96db9f4467db,0.404,False
3677189bc377,0.404,False
f9d87fcdb7d6,0.404,False
82ca277b4c70,0.404,False
97302907f9b0,0.404,False
b2c6d8c95b8a,0.404,False
40a573987dbc,0.404,False
2e186df2fb91,0.404,False
814d56bd85bd,0.404,False
57bd4ec6048b,0.404,False
41b3e84177d8,0.404,False
ffe59cb4acf1,0.404,False
e18e5c80fd5c,0.404,False
fab7f4a59a5d,0.404,False
51393c6e6a30,0.404,False
427b91d0e23a,0.404,False
a2c759c9a834,0.404,False
ec18c64d14d8,0.404,False
5fa1d40f7eac,0.404,False
61c270f391dc,0.404,False
b0d4c6cec2a0,0.404,False
901879e16437,0.404,False
2b853986992e,0.403,False
ff33b06b6454,0.403,False
02062f62b961,0.403,False
7a1e59c905c9,0.403,False
005f8708a20f,0.403,False
283db84bf079,0.403,False
ff53f6c7acaf,0.403,False
17b8a6df8985,0.403,False
de9933100ab8,0.403,False
eba7c9f059f8,0.403,False
0c610def2359,0.403,False
c42a9d4b3e40,0.403,False
c642240806ae,0.403,False
495eef6ee8a4,0.403,False
3c53b8f904c1,0.403,False
a785e3355a1a,0.403,False
0ed57f24b141,0.403,False
a0f932a44931,0.403,False
5e10816e2f69,0.403,False
1042b345f870,0.403,False
0f4d16015b97,0.403,False
5c30db7a4f67,0.403,False
56c0300a77ee,0.403,False
449dac394e42,0.403,False
15a185686102,0.403,False
1df219ff696b,0.403,False
f0d9ba03b484,0.403,False
ba6163f935e0,0.403,False
a4e12e0abf13,0.403,False
1e95af6b6e40,0.403,False
7783ea4ad036,0.403,False
5caae9556b25,0.403,False
9d112cad6eca,0.403,False
821dff1daf03,0.403,False
e192c69c3cd9,0.403,False
3b9cde028c2f,0.403,False
d0a29ab036a6,0.403,False
79a2dedfb948,0.403,False
afa5789bc0fd,0.403,False
ba0c4bbabd87,0.402,False
fdaeb6e193cf,0.402,False
d0ed3253fefc,0.402,False
6bbe171d1fb3,0.402,False
81fcfe69ab12,0.402,False
06398f51e1ca,0.402,False
2dc837041e3b,0.402,False
971c7ed41c34,0.402,False
15f0ea522357,0.402,False
738fe7a95cf7,0.402,False
64c7f316a9b8,0.402,False
90bf49f9940c,0.402,False
1466f9b9f448,0.402,False
20fdfd8bdad4,0.402,False
9e2010a614cd,0.402,False
2069c720e280,0.402,False
d434d8c9d371,0.402,False
d1354ceb1018,0.402,False
c7a2ebb518d1,0.402,False
3ebab80f3caa,0.402,False
b1d24f229618,0.402,False
df6a0fb4e1d4,0.402,False
7811aab9176e,0.402,False
a09454625bfd,0.402,False
f59b66138df6,0.402,False
4ba3f422d1eb,0.402,False
78112fedf31d,0.402,False
c6600dbf1994,0.402,False
b687399ca1de,0.402,False
95a6b792d260,0.402,False
780f06b2e854,0.402,False
3373ad1f48c8,0.402,False
ce72e987c708,0.402,False
63792ebb1f06,0.402,False
215a36741cb5,0.402,False
e44d66254e59,0.402,False
69f966e47f60,0.402,False
85518bf0735b,0.401,False
2facca668449,0.401,False
4a654ce82320,0.401,False
a2102d4a1e36,0.401,False
16dcb26380f3,0.401,False
295cd94a376e,0.401,False
d98864801aea,0.401,False
4ac9dc22ca76,0.401,False
4b29e9fb3c0d,0.401,False
ecc6c8cb16be,0.401,False
6b6c79394a2c,0.401,False
36daafe54bc6,0.401,False
5089c3681605,0.401,False
c23f138a9a5f,0.401,False
14dd4ebc9dbd,0.401,False
3886ca64fe91,0.401,False
e027d4cbb18b,0.401,False
5a14aae82922,0.401,False
3abaaac97426,0.401,False
ca3bc9a542e3,0.401,False
8920a9ac8db0,0.401,False
3159ccb99855,0.401,False
a79d2f85fcca,0.401,False
00daefee579a,0.401,False
3334de31e26d,0.401,False
cc0c94342c9a,0.401,False
f1c4155e2a31,0.401,False
a589c3f9c11a,0.401,False
e509e87cf2f7,0.401,False
1633a0b9c188,0.401,False
8b6baf8b2dfd,0.401,False
13449e10c401,0.401,False
cc86e9c1220c,0.4,False
80d94dc48656,0.4,False
5fc6c1a650df,0.4,False
72a2e0577265,0.4,False
78f15f147fd8,0.4,False
db792792d4a4,0.4,False
f1b680936e21,0.4,False
362702f315da,0.4,False
0e2bd71974b6,0.4,False
54a28e7dda6a,0.4,False
3434d2323884,0.4,False
ce3aa40db7bc,0.4,False
e06f666bc668,0.4,False
e8644e775fa8,0.4,False
2730fca64e32,0.4,False
88cd4d05916c,0.4,False
8b05281158e8,0.4,False
1113726d78e3,0.4,False
fced7e2dceda,0.4,False
edab1b3f39e4,0.4,False
b2381dac4244,0.4,False
a29a090c0728,0.4,False
4261d86d033a,0.4,False
40e5ac7149d5,0.4,False
ee0de226205a,0.4,False
870a4e3db04e,0.4,False
26688682009e,0.4,False
b0a6af2ccc80,0.4,False
54068c924037,0.399,False
c76e0ba3c0ee,0.399,False
b349218cc79e,0.399,False
f5aa51e211e0,0.399,False
6eb482463e11,0.399,False
f427b5fef7e1,0.399,False
89cc0f47e391,0.399,False
53d910953926,0.399,False
574e8f28707f,0.399,False
d37cb8a80761,0.399,False
3c06a272535a,0.399,False
d18c948c40ea,0.399,False
ffb121aaa091,0.399,False
585f57d27bd1,0.399,False
973c40101829,0.399,False
8abecfac87be,0.399,False
b771b4aff995,0.399,False
a6b1ae8b13d5,0.399,False
41748058ae9f,0.399,False
e848da3136c2,0.399,False
d8762c97659d,0.399,False
66f300064021,0.399,False
dfbe45c12f91,0.399,False
b536a7fd50d1,0.399,False
314ab90316a0,0.399,False
eaa935e3daf5,0.399,False
5284d5ed55ed,0.399,False
729208093696,0.399,False
a56dd3218366,0.399,False
7324069e1993,0.399,False
ab923a7e8c2d,0.399,False
2b3dfed31b66,0.399,False
3a9e9f4d5e96,0.399,False
2b5484a19e36,0.398,False
451a21aaa1c4,0.398,False
040e7d0740c9,0.398,False
d3247cb00671,0.398,False
95c57ab3e631,0.398,False
b37d7a3f3ede,0.398,False
eeee083ca011,0.398,False
febb3937aa93,0.398,False
5d168261cfb3,0.398,False
59e521cf30f5,0.398,False
bdf5e811ebc9,0.398,False
3d911c149107,0.398,False
a5fe8d67fe3a,0.398,False
f3c3902ed822,0.398,False
ea53a090f092,0.398,False
b028468e2410,0.398,False
36fecc272b81,0.398,False
520e00c46031,0.398,False
5f0cbe9c63a9,0.398,False
ca0ba5814a1b,0.398,False
b982c2ab4c20,0.398,False
d5a13618071e,0.398,False
f8b460b101be,0.398,False
cc9a96c704ba,0.398,False
e21cdc4bea40,0.398,False
5f6c80e7263a,0.397,False
15bddfedeb4d,0.397,False
b74334e2c4c3,0.397,False
aa86be893ad2,0.397,False
c53699d857e8,0.397,False
f8794a6a72d1,0.397,False
a771c58d8875,0.397,False
878243c697c5,0.397,False
d6e013eb98c7,0.397,False
5a7089234252,0.397,False
e34c39c57a88,0.397,False
eeb8a691c28f,0.397,False
6d41b15ea428,0.397,False
3923049976b0,0.397,False
62ef8ad497c5,0.397,False
f9324067c1e6,0.397,False
782c0ce78b45,0.397,False
697684a0598e,0.397,False
7bc50a1ede41,0.397,False
e2946bfdb04e,0.397,False
fc4549409ef9,0.397,False
9048de05a973,0.397,False
cb8dfbb1f908,0.397,False
8e0cd14df23b,0.397,False
d18835a17822,0.396,False
1283cfb771ef,0.396,False
2da9fdfa1ccf,0.396,False
8278b7e9b1ae,0.396,False
600b1f245f75,0.396,False
b307e1694edc,0.396,False
12e4bfbea48f,0.396,False
edd97551906f,0.396,False
985363b56980,0.396,False
ada48e5b295b,0.396,False
dd0a74a00034,0.396,False
208a7404a904,0.396,False
bf633742f088,0.396,False
159d827d6a03,0.396,False
2e571fed16fd,0.396,False
e27b44d4a8bc,0.396,False
6da59c3ff70a,0.396,False
530dbafaa90d,0.396,False
0b7ae32a7efa,0.396,False
ebd1dda8810e,0.396,False
622c5a7063b9,0.396,False
bc1ceabf7ab5,0.396,False
5585ba66e60a,0.396,False
f468951e7756,0.396,False
6675f8e6aea5,0.396,False
f4e27cf5bcfc,0.396,False
d8ace1e19a70,0.396,False
324e74d5f111,0.396,False
3316d91eabac,0.396,False
f6b23f73954b,0.396,False
09a7d53c5e4c,0.396,False
4966f9ae30a1,0.396,False
d8903fb9edd2,0.396,False
0ab80175cc93,0.396,False
0ac2215fc531,0.396,False
5494319f77f2,0.396,False
34b2018f1d25,0.396,False
cf6567e2f803,0.396,False
e095db31d060,0.396,False
936c880e9f00,0.396,False
26bfd9ba0277,0.396,False
8ef955b6160b,0.396,False
58ce58ae12f5,0.396,False
ef5708c697a1,0.395,False
ff06705aa792,0.395,False
2673d129e1ff,0.395,False
c9bcb7344119,0.395,False
9f7e0ce68fe9,0.395,False
8d02fce9a476,0.395,False
3d250d0cdfb2,0.395,False
6945823ee780,0.395,False
b36326af788e,0.395,False
dd8e5ad85c56,0.395,False
a51fea0c03f4,0.395,False
56b60ca375f9,0.395,False
9945f8255771,0.395,False
23b888f7818c,0.395,False
731e5b51a628,0.395,False
138f19016068,0.395,False
4eec7c20817f,0.395,False
4bbea7ddcb81,0.395,False
955e0dcd010c,0.395,False
9a3dc0e90e5a,0.395,False
85e84370be6e,0.395,False
f46fbfceda01,0.395,False
dfd474626438,0.395,False
e8fc383d5493,0.395,False
7486bd91cee3,0.394,False
d19e72064d27,0.394,False
dd4265ed0862,0.394,False
063cd3abeedf,0.394,False
3cc893a822ec,0.394,False
2f556c385ecc,0.394,False
f026458d6bb3,0.394,False
fde1a2e730b5,0.394,False
158f9e13e3a6,0.394,False
2d766d20b562,0.394,False
e47492c93cd3,0.394,False
4e8d3a5ff548,0.394,False
64cc12bcd1e1,0.394,False
79358814c65b,0.394,False
1409716e0ab8,0.394,False
c67a9cdc79b6,0.394,False
aef293a14185,0.394,False
5af8150e5df2,0.394,False
21bcb9fb983b,0.394,False
4184172f86fe,0.394,False
5533e31b7f68,0.394,False
ce011fb25e2e,0.394,False
fa971669e56b,0.394,False
36d5e3785e30,0.394,False
179408a8f9e6,0.394,False
c3c8042c9f78,0.394,False
ce4cbc03456d,0.394,False
44efe11502a9,0.394,False
1cad0a597972,0.394,False
0a818328cb14,0.394,False
1db9a2acb2c5,0.394,False
630fc1748f10,0.394,False
5dab28f14513,0.394,False
1c8c7d500904,0.394,False
6253fdc97e21,0.394,False
42b75aceab9e,0.394,False
a0beaef3a202,0.394,False
95f2bf18c9cc,0.394,False
3ca250c37742,0.394,False
37750b1e0691,0.394,False
b77ec0c7643a,0.394,False
3f383be98018,0.394,False
f56e5211a512,0.394,False
9a8e1d3320a7,0.394,False
2502eb21dbba,0.394,False
f600e88ef81e,0.394,False
6f9ad9dcc8ff,0.394,False
e12bebfa33cf,0.394,False
50b8bc37bd25,0.394,False
f0f2fb854cb1,0.394,False
ae29945a8231,0.394,False
80380c5fc50f,0.394,False
06afadd64e1d,0.394,False
e1d7c99edcde,0.394,False
6f1a251220e7,0.394,False
b1b1e0771d52,0.394,False
01db532fd061,0.393,False
90b761700356,0.393,False
5afb3bd09bd7,0.393,False
cbe554d2346b,0.393,False
025640f27859,0.393,False
3b3cc1ef746d,0.393,False
9f2a1c6dc7bc,0.393,False
9bc10e7dc5ac,0.393,False
1bcbf98076ff,0.393,False
8d3b46387327,0.393,False
e272d34085f8,0.393,False
4f108034c95c,0.393,False
80786ef0a090,0.393,False
067e514683da,0.393,False
5e1a89a4a567,0.393,False
324634ca2ea3,0.393,False
8c98f1e47ce7,0.393,False
60782fa4a612,0.393,False
1096a6186ce8,0.393,False
cc870c4e54a4,0.393,False
acd424bb99a2,0.393,False
0c024d4369a7,0.393,False
ae5aafea395e,0.393,False
4ea007ac22fd,0.393,False
e24edace2260,0.393,False
2e1b86a3088d,0.393,False
1a3976578eb5,0.393,False
ca863d60a4c5,0.393,False
32e9c88f00b9,0.393,False
5326640d23b7,0.393,False
0c5fdc24a84f,0.393,False
673fd45b6be4,0.393,False
6a940ea0f107,0.393,False
1b28f69d5944,0.393,False
0c99f73af5bd,0.393,False
75c385453216,0.393,False
e9a209337391,0.393,False
bc0df83bd4fa,0.393,False
a8c7dd868dbc,0.393,False
b05682e32670,0.393,False
ac952c6e98f3,0.392,False
5ab842d8e190,0.392,False
e898ba3b32ac,0.392,False
c9a871d98caa,0.392,False
448f0a9a47e8,0.392,False
1b9d1c99311b,0.392,False
2f2069f2e9b8,0.392,False
7b85e20f42f7,0.392,False
6e8696a88628,0.392,False
d66f2389d9ce,0.392,False
0b3bebca82d6,0.392,False
ce3afce3ad19,0.392,False
3272a56c4d55,0.392,False
94ff4eff01db,0.392,False
07b984af35c9,0.392,False
e9e9fc425e7c,0.392,False
939c0617a975,0.392,False
a2b01c71a0c2,0.392,False
e2e4da8e1825,0.392,False
c8db34c6cd30,0.392,False
16e63e05a67a,0.392,False
ccfcb44bf9e3,0.392,False
f35bf9cc5762,0.392,False
2b1940279fda,0.392,False
b8358bce5986,0.392,False
c28bfa430d87,0.392,False
c25239dd689c,0.392,False
14d8e8cc79ff,0.392,False
c1be93a145f5,0.392,False
39c198f76f5b,0.392,False
22d3d75a4db4,0.392,False
651e402a05fd,0.392,False
79341b3bc520,0.392,False
fe7647b3099e,0.392,False
576e714c5af6,0.391,False
587a077fcbc5,0.391,False
a0b3cbae8426,0.391,False
f3c596331e1c,0.391,False
bc39f40d8063,0.391,False
a726faed559a,0.391,False
3dce64430926,0.391,False
09481dc0f5ec,0.391,False
9258cc320b2a,0.391,False
091478a24681,0.391,False
648392496a08,0.391,False
646f7cbb887b,0.391,False
53d4d1a24a22,0.391,False
acacb41ace46,0.391,False
e5b7c9992664,0.391,False
e54f92925b7a,0.391,False
7aeb8d2ff9b8,0.391,False
87fb142cfda6,0.391,False
e763ffe70271,0.391,False
1dd8aa336448,0.391,False
13416f720a94,0.391,False
275c4373f634,0.391,False
27bfb47d9c3d,0.391,False
b1bcdf7a2899,0.391,False
df2d9718571e,0.391,False
4af6fb42ed04,0.391,False
c25e3146e1b5,0.391,False
b3b1698e0f84,0.391,False
c5ea012d67b5,0.391,False
74052f48c4fc,0.391,False
f2285ee6cb3b,0.391,False
447bb7d88691,0.39,False
733ea1ef5f3d,0.39,False
5502c3dbdf50,0.39,False
07cbe765f7bb,0.39,False
ada1f21ccfe3,0.39,False
48245ee01366,0.39,False
ad499227aec9,0.39,False
c92d95944dd9,0.39,False
e950de2add99,0.39,False
755cc833a165,0.39,False
1785c1f16df3,0.39,False
9a884b705c25,0.39,False
b8596131d4eb,0.39,False
79a13046498d,0.39,False
1ddbb0e209e5,0.39,False
147423c90d82,0.39,False
cc57dc585298,0.39,False
132ab1a876bc,0.39,False
746dc85651ef,0.39,False
90e1649f26e3,0.39,False
4723b6f9bc43,0.39,False
db2996926e14,0.39,False
70433e649d44,0.39,False
a52a5e95ac23,0.39,False
5f5b6f19095c,0.39,False
2fd84c8b0467,0.39,False
f64ff1f5b371,0.39,False
06b0d13ed771,0.39,False
55de63bcb38e,0.39,False
a72b0d784f66,0.39,False
8fa14794b12b,0.39,False
22f9a13e5552,0.39,False
3ae64e12eb03,0.389,False
01814c1f85cf,0.389,False
f18a6c5c6e24,0.389,False
a700b5be8505,0.389,False
1a1322086139,0.389,False
b16ca85246f3,0.389,False
590135e7e6ff,0.389,False
27a6a803fdd2,0.389,False
18c864aa980b,0.389,False
1968c0d08dd7,0.389,False
b35681a52dbd,0.389,False
26cb0415bffe,0.389,False
af19f01f25bb,0.389,False
1207b8b0bd4a,0.389,False
1710488ed425,0.389,False
1788bef9eb66,0.389,False
a1ca1528b4ca,0.389,False
de5478c92e11,0.389,False
7d5cee732641,0.389,False
b49d81430452,0.389,False
8863e6e4ed98,0.389,False
9ebe46bd44cd,0.389,False
bd185e6ddcd7,0.389,False
3c824119d4b3,0.389,False
d3433398e331,0.389,False
5d0f31009b56,0.389,False
788543bf0bdb,0.389,False
2f4b2570d70a,0.389,False
0d9fe64c4e42,0.389,False
b03cc43bc107,0.389,False
a5013e6613f4,0.389,False
1fb15318491e,0.389,False
95d704a917c0,0.389,False
1e6ee9be9ff9,0.389,False
6d1ca54b0b00,0.388,False
ccf48bbcd54d,0.388,False
b4258fb12949,0.388,False
6961c5241588,0.388,False
b5bb2dc59ff9,0.388,False
d78e254fceba,0.388,False
3f5d1d66faed,0.388,False
0c5dded5e3ee,0.388,False
0d6ba0d704dd,0.388,False
8993a17941e4,0.388,False
a8dde6a7954c,0.388,False
062c47b43a4a,0.388,False
02d8c57ff6e7,0.388,False
08cb60c2d36e,0.388,False
a8bcd6726449,0.388,False
cf1a764cdc61,0.388,False
34aca8c7b75f,0.388,False
6045535b46f0,0.388,False
dbeb36c33404,0.388,False
c1196f75740e,0.388,False
db3439380818,0.388,False
83c9b39755ac,0.388,False
2dff0e287b6b,0.388,False
c066e10672cf,0.388,False
2a1af38bc796,0.388,False
42cc03234ada,0.388,False
8059cdd6430c,0.388,False
c4ea5a75aba9,0.388,False
a2a396634612,0.388,False
4a7f86875ff0,0.388,False
6c205af04dc3,0.388,False
8ed45038b2ae,0.388,False
8df84d7bf2f4,0.388,False
228951a0fc2e,0.387,False
01a34b9bf78f,0.387,False
6dae13ea6f50,0.387,False
6ba024220ece,0.387,False
8f532f277df3,0.387,False
677406cea7b8,0.387,False
92a0c26e87eb,0.387,False
3d8866749526,0.387,False
f7c9a9aa3bfb,0.387,False
78987cc62c92,0.387,False
3d2055141d3c,0.387,False
6735e8be7fc1,0.387,False
9360ac003a5a,0.387,False
e9248096f354,0.387,False
f8d95de1b919,0.387,False
65d5fd7b8963,0.387,False
8498f633078c,0.387,False
6141d7854840,0.387,False
f561b5f27fef,0.387,False
718929009f89,0.387,False
be17ff80c511,0.387,False
0b935c59654a,0.387,False
96a0e2581558,0.387,False
2ceaab303d96,0.387,False
49e4111bfbea,0.387,False
c0aaedb24a64,0.387,False
c134cbc12866,0.387,False
ef74f02369ad,0.387,False
253f52d8869d,0.387,False
f26c8a7eaf75,0.387,False
161dee8f718e,0.387,False
4c403838c404,0.387,False
fdffe23e9f73,0.387,False
5978a17ee3c9,0.387,False
8d32270c29be,0.387,False
2c691f889d8f,0.387,False
7ceaf7e6235a,0.387,False
ef8cd92dd4a2,0.387,False
ac915919d88d,0.386,False
242fbfb35186,0.386,False
5dcf4bb02c0f,0.386,False
32db65345395,0.386,False
4c027de05cc7,0.386,False
54900cfac876,0.386,False
9ee31c056f3f,0.386,False
2862e38183ba,0.386,False
d59ebac22289,0.386,False
9efaaa50ba73,0.386,False
fa3144c4290b,0.386,False
465f08291f31,0.386,False
b7d9a8fc1173,0.386,False
5becbebcd28b,0.386,False
2908160a98a1,0.386,False
8dce91e43501,0.386,False
8d98bd523aa1,0.386,False
742751e23608,0.386,False
7426a681ed6c,0.386,False
465ed0af57f5,0.386,False
11ff0f81f0a7,0.386,False
e7f419d35845,0.386,False
2209ebf7127f,0.386,False
11b04487a18a,0.386,False
4d1e6b0e9909,0.386,False
9816857d5260,0.386,False
482a3a000136,0.386,False
84f4f96bc0be,0.386,False
15d6ae7d65c7,0.386,False
5373fe89f0ed,0.386,False
52dbf8518884,0.386,False
f6becbd4f3c2,0.386,False
1190b1ceafe3,0.386,False
fa980395e71b,0.386,False
c022710a0274,0.386,False
df960db89c24,0.386,False
4be54fa9c9a2,0.386,False
1f0bdafd4023,0.386,False
c82855b367e9,0.385,False
4702ee9c0a3b,0.385,False
e43f0b57dbc9,0.385,False
9f7cbf9ce7ca,0.385,False
e388c3db0e25,0.385,False
06245fd12b3d,0.385,False
fa83e8d5492d,0.385,False
6b2c0e4dea4e,0.385,False
56a7d93625c9,0.385,False
06671398e297,0.385,False
cb4ddb5ad5d2,0.385,False
e5c222792005,0.385,False
54cbc2fcc276,0.385,False
d57ae66e1fd0,0.385,False
6eb228973062,0.385,False
478f68bb6f75,0.385,False
46f9e45f5e28,0.385,False
9a4ace96a0ae,0.385,False
dfc263815944,0.385,False
0c4d4ab919d2,0.385,False
3f25b95e1218,0.385,False
daa1a1c2d1a1,0.385,False
15ad93cfa86b,0.385,False
52543be797f5,0.385,False
524f254177ca,0.385,False
e6250058a573,0.385,False
4d9ce951ace1,0.385,False
4df7a5ebb1ef,0.385,False
dab02d920055,0.385,False
12526f50d929,0.385,False
971179a82aa4,0.385,False
9717e9895be0,0.385,False
a4a20b069f16,0.385,False
ca295541faaf,0.385,False
68a37a7b334b,0.385,False
58f2489cf729,0.385,False
d0ef44648125,0.385,False
d22720896fa7,0.385,False
0379821a1a19,0.385,False
00d895daa42b,0.385,False
ff1799727d7d,0.385,False
5a6b67c495af,0.385,False
ff72223c0393,0.384,False
794d64d087ff,0.384,False
b7ea9491e673,0.384,False
6c21ffb37a0c,0.384,False
8f788fcb9717,0.384,False
387183db8991,0.384,False
37747eaa360c,0.384,False
4166e6562f4f,0.384,False
410f6cdecb17,0.384,False
260a28adf109,0.384,False
dddd142cdeab,0.384,False
36c01371ec91,0.384,False
211ccfa2db35,0.384,False
6abff8279b1d,0.384,False
eb72d2c682c0,0.384,False
94c0dd90b435,0.384,False
e05e91a6445b,0.384,False
6e405e501680,0.384,False
86c7a820b1a7,0.384,False
0bc4e0010bf0,0.384,False
a673be1bc261,0.384,False
6958c5d4f2fe,0.384,False
f428ff8949d0,0.384,False
2fb230309ff3,0.384,False
527414c86d47,0.384,False
6364231c905d,0.384,False
e02956fc2de7,0.384,False
bd590eccd350,0.384,False
796f95990cfe,0.384,False
f837837a95fb,0.384,False
879d43ab8883,0.384,False
0383368a7525,0.384,False
efc111e97041,0.384,False
e9548a6eae69,0.384,False
c729b1829552,0.384,False
9f1ae53978ec,0.384,False
42fb113ec305,0.384,False
555b721b8c0e,0.384,False
08eb3c6465ca,0.384,False
d7bb725f3f16,0.383,False
738d81cb7ee8,0.383,False
155810ff9a48,0.383,False
b26690f4eb5c,0.383,False
e7cc8df02ce6,0.383,False
bc9dc1e86c72,0.383,False
ef561137752b,0.383,False
0095f48d6f6c,0.383,False
4f0b98880c84,0.383,False
9f3dfe260a07,0.383,False
17d5b9b3da0f,0.383,False
173b47d8017d,0.383,False
9a0ac79c2e8d,0.383,False
b1fab5299486,0.383,False
c6ba74abb431,0.383,False
4a6f5ad18c26,0.383,False
bcbcdaa52c56,0.383,False
d7bcbd72a5b3,0.383,False
cb5a5d84bddb,0.383,False
1f29e1e34261,0.383,False
e4f37b145c58,0.383,False
1c5844e3dd8b,0.383,False
57d9a80a89db,0.383,False
73f7600109bb,0.383,False
40a5b76c6782,0.383,False
bff015b86fed,0.383,False
252bf3fa5ce8,0.383,False
ed6139db26a3,0.383,False
f2c53f649ac7,0.383,False
060719f57d93,0.383,False
1fd27d515fc7,0.383,False
fe5f0f1199dc,0.383,False
e40a9ecf5b5a,0.383,False
22be19f0706e,0.383,False
01d64f417d4f,0.383,False
f119623d349d,0.382,False
8821c9c7b48a,0.382,False
890295aa529f,0.382,False
75588ac712a0,0.382,False
cd0eb6c64fce,0.382,False
8b3c4dfb1ff5,0.382,False
0f7e78e1eade,0.382,False
82b6eabdaba2,0.382,False
1fb4f2a4a620,0.382,False
bfaad9d7ebcc,0.382,False
48cbcce9fa04,0.382,False
6d3b1cadde4f,0.382,False
2d92b83fb54e,0.382,False
b40808787445,0.382,False
e619a10c1b45,0.382,False
09aef11151cd,0.382,False
33473cba83a8,0.382,False
0a68b0c06c56,0.382,False
46e57e82caaf,0.382,False
a829f68587be,0.382,False
230a4e9dce54,0.382,False
d58b3f011a69,0.382,False
f736d7e35bf6,0.382,False
5f4c5f9cc223,0.382,False
0d56129c9d4e,0.382,False
87e997c02329,0.382,False
a886d1a8df80,0.382,False
0a7f09abf7ab,0.382,False
eac98f81de02,0.382,False
4305b42fa526,0.382,False
b54d431164a8,0.382,False
b5a4234c128c,0.382,False
5e15303f6b40,0.382,False
285282b1c816,0.382,False
aed09f79fd69,0.382,False
361591f74439,0.382,False
252962bed69c,0.382,False
09f1ad76b70b,0.382,False
d8529e354ca6,0.381,False
b68fe43eb9af,0.381,False
aca317112779,0.381,False
b0553a80e132,0.381,False
f58a7a46db51,0.381,False
8f886b24e9c6,0.381,False
8d125e097a32,0.381,False
73ffecf1b98d,0.381,False
6ec65a37458f,0.381,False
cbe338bab63d,0.381,False
1d8cf832e920,0.381,False
9c46ba0efa52,0.381,False
7c3650267c42,0.381,False
fd8b2c6d039b,0.381,False
048da07b5b62,0.381,False
6c3b136e4132,0.381,False
018b3a8f537e,0.381,False
8d4af4d04c15,0.381,False
ad2785b26f46,0.381,False
779bf75ec9ea,0.381,False
5715aea52d8e,0.381,False
f0c5002e82f6,0.381,False
50c3a2afda1a,0.381,False
daabf5b7dc2d,0.381,False
5b1f10430094,0.381,False
21a264dc2f68,0.381,False
2082e8225b8e,0.381,False
7810dc2f207f,0.381,False
5564e166f51e,0.381,False
245b0279ddd4,0.381,False
f546e6da9a39,0.381,False
74d47c4ae909,0.381,False
95a04a445941,0.381,False
71603583c88e,0.381,False
6a0a8deeb5b3,0.381,False
a8bb6738a2bc,0.381,False
68639c44c582,0.381,False
cfdb91424c56,0.381,False
f2bf4aecd72c,0.38,False
8b0a2d1d49d6,0.38,False
0205333f1950,0.38,False
0db629b6fe25,0.38,False
9b1bb6602294,0.38,False
d677fdf41043,0.38,False
8962c233db5a,0.38,False
cf9011e4887e,0.38,False
2068d2a18c3e,0.38,False
cea1ce6bdde3,0.38,False
e934c6163946,0.38,False
60c93217dc0b,0.38,False
7e86e66a10cf,0.38,False
27d53e730252,0.38,False
53c194d792cb,0.38,False
5d026748dca6,0.38,False
b1066e24173a,0.38,False
d7ab9b667bcd,0.38,False
47b2c1fd9159,0.38,False
49db47a6042c,0.38,False
ab5620634574,0.38,False
81adc84b9a09,0.38,False
13bbb559254b,0.38,False
cd0030533e8b,0.38,False
e759c111cbfa,0.38,False
97dbef1b7be8,0.38,False
72e386c804b1,0.38,False
106f9623e1c2,0.38,False
db325b0d3c0c,0.38,False
8e18a773de5c,0.38,False
06b7ec63a5e3,0.38,False
c6a539811721,0.38,False
d63e2bc7f557,0.38,False
bc320a6b656f,0.38,False
0d296390d61e,0.38,False
4844b763115c,0.379,False
bfe49f35ea08,0.379,False
0ee9af8b24ee,0.379,False
0630992efcf4,0.379,False
56f6c90c2c19,0.379,False
848b7b4b0b3e,0.379,False
0f71eba44592,0.379,False
ccc854ae1b9d,0.379,False
dbdc16308ca5,0.379,False
a0ed6229ce21,0.379,False
83787e7b257a,0.379,False
fbd73d0bf57a,0.379,False
ffb065446956,0.379,False
aae3550892ca,0.379,False
5814d7476dab,0.379,False
da843b5f7232,0.379,False
e200f36f4034,0.379,False
f8a50fa1ac9b,0.379,False
d5bfa83bb92a,0.379,False
8982e4a33b7b,0.379,False
2a07ffa563a1,0.379,False
dfad0d2c4a99,0.379,False
66e713ff86b3,0.379,False
bc04186b093e,0.379,False
56b7c6c5ba93,0.379,False
8aaff305e643,0.379,False
183404241258,0.379,False
e4ad63c0e260,0.379,False
75b9e380356b,0.379,False
17b43c22805e,0.379,False
3aedd4b6ff61,0.379,False
60c7a3c36c64,0.379,False
58ad8733cb6d,0.378,False
d2343557f4ae,0.378,False
34ac615f6887,0.378,False
32c65f224f23,0.378,False
6518aa4dbfbe,0.378,False
92e6d67da5e7,0.378,False
0a74745d170e,0.378,False
5e5fa620a60e,0.378,False
28441c78b793,0.378,False
df85f1257592,0.378,False
8528a7de0264,0.378,False
f6716758d828,0.378,False
f5ff270d71f3,0.378,False
f6849d78fc35,0.378,False
4a258936a994,0.378,False
ca6822d37d64,0.378,False
9bdb4fc13756,0.378,False
5e236f40f2d0,0.378,False
9ad09c7cd68a,0.378,False
abe87bb91436,0.378,False
e53d631fdce4,0.378,False
144608272b0e,0.378,False
cbe664ac3992,0.378,False
655a6eb0c072,0.378,False
5842049f1a67,0.378,False
ff69fd56c075,0.378,False
fac7c4cd46f8,0.378,False
3753e6fe48da,0.378,False
158a25baae76,0.378,False
be41be865a94,0.378,False
296aeee4dc9b,0.377,False
b1f40d6c3791,0.377,False
70344f5fe9a9,0.377,False
d2250b0dd13e,0.377,False
3a774fe281f0,0.377,False
9f52fa0a711d,0.377,False
769327bb86f6,0.377,False
10e0eff7e581,0.377,False
fc52a58f4670,0.377,False
aa6b8ea399ed,0.377,False
4691648c9693,0.377,False
2a398a7d5c74,0.377,False
9c419dc01560,0.377,False
23d6e1d44150,0.377,False
4dec8fbb2b2b,0.377,False
9a8fc2a64973,0.377,False
d5de1ae46a8e,0.377,False
9868e2df35a6,0.377,False
f38b64238f57,0.377,False
74524f656f06,0.377,False
d92c2845bfa7,0.377,False
7e5521012b74,0.376,False
82408826e827,0.376,False
92c4e21e39a7,0.376,False
634e30027f0a,0.376,False
3a90423ad11b,0.376,False
7f2f937acfad,0.376,False
1ac107bc2fc4,0.376,False
e58e8d38f6e0,0.376,False
b044aa422b86,0.376,False
668677c56745,0.376,False
dfeba1328c60,0.376,False
786d9146f86d,0.376,False
7d5eb321d810,0.376,False
4292c69fe155,0.376,False
2a5058b03c08,0.376,False
19a8cdb21569,0.376,False
6e4036d46900,0.376,False
d4fcf61201f7,0.376,False
f04b52c975f5,0.376,False
c07c43179426,0.376,False
77774d38445a,0.376,False
e150ba4a6d07,0.376,False
1e434a4c8e0c,0.376,False
a396eae83be0,0.376,False
8b8550b4d26b,0.376,False
d43098da82fe,0.376,False
ccf7c9a47ba9,0.376,False
3d029d93ea20,0.376,False
981077aa5268,0.376,False
4fe2eed630bd,0.376,False
eff51502af89,0.376,False
1d363ed31357,0.376,False
902c15503d8a,0.376,False
5a273fd50bc2,0.376,False
8ed73ac9fd85,0.375,False
3aecdd88cc41,0.375,False
038c249f6257,0.375,False
cbad0534f7ef,0.375,False
43f5bce56739,0.375,False
04a2647ce7bc,0.375,False
99fd6d6dc1f0,0.375,False
d0cd48eeecea,0.375,False
3ab214f21ec3,0.375,False
1922e6e5f8ec,0.375,False
ff6d86275407,0.375,False
ffe1682d0811,0.375,False
9337cf24d22f,0.375,False
25383413fc89,0.375,False
65fbb721e046,0.375,False
5d8877acc0f2,0.375,False
f3be031f7e2c,0.375,False
ec6fde8d6624,0.375,False
daf71fe093a6,0.375,False
4e15ae20efa1,0.375,False
731d4d151c71,0.375,False
e5d712b5d2fb,0.375,False
7cabf68519af,0.375,False
5a531b81a630,0.375,False
09d18e367aaa,0.375,False
27c8868c77ac,0.375,False
e397bef832d8,0.375,False
22f895f617c2,0.375,False
563acacdae79,0.375,False
47b1bca59e0c,0.375,False
411522b253dd,0.375,False
e5716747d046,0.375,False
e5e3e83231c8,0.375,False
52ded5131bf2,0.375,False
6d9727db7ea9,0.375,False
6fbb758ca87f,0.375,False
f1091eac8150,0.375,False
201cbd34861a,0.374,False
e60099fa1f85,0.374,False
fa890da685b9,0.374,False
1a0e0373804e,0.374,False
963117892880,0.374,False
78859144409c,0.374,False
9856c9415be4,0.374,False
32f57f4a4145,0.374,False
7066e5691d56,0.374,False
b3b9fba39464,0.374,False
6d96e91c423f,0.374,False
2c24a8024b73,0.374,False
920c43081fc7,0.374,False
d341176cafc1,0.374,False
9ef967146ece,0.374,False
36272f2b86d8,0.374,False
f2e7ed871c46,0.374,False
5235e1dec541,0.374,False
9a34ec96bd9a,0.374,False
e8c761d64c35,0.374,False
eccacabcc78e,0.374,False
aa2741da58c7,0.374,False
d1bef9bef502,0.374,False
7114bef7d3d1,0.374,False
b28a6b7f48d3,0.374,False
938d25d57be4,0.374,False
f8c4ece23ea4,0.374,False
d73587a04481,0.374,False
f0850adf7557,0.374,False
eb279e5997b6,0.374,False
4ac49c371240,0.374,False
5ddba5796d83,0.374,False
8fc3df3bf6d0,0.373,False
fe42c8badd02,0.373,False
acd1ff6f8ea2,0.373,False
7d14e0542b5c,0.373,False
ca64fb2cac23,0.373,False
42f5e69365d4,0.373,False
b61a2c123ae3,0.373,False
7cbe20377f29,0.373,False
c5096927fe1a,0.373,False
7f4ffa0907b0,0.373,False
671b513ff690,0.373,False
f84a68b542f0,0.373,False
2afa50ec57e2,0.373,False
8a6e27ab0d4e,0.373,False
f4ef8b6e5f60,0.373,False
94950673300b,0.373,False
d762f19bdfbf,0.373,False
45f57f12f58f,0.373,False
94137bb974aa,0.373,False
5a6fc747ff43,0.373,False
79da43dfd800,0.373,False
72d2522f29d7,0.373,False
72b0ff43c033,0.373,False
37e141c22d86,0.373,False
5770fa1ae982,0.373,False
ea756b46f578,0.373,False
ba8fe44abc5e,0.373,False
ec0a825d0ca1,0.373,False
acd40db7ec36,0.373,False
d7c4ec38098f,0.373,False
828245503bde,0.373,False
66aefca6270e,0.373,False
ffbfd4c7cbac,0.372,False
6d0d6831f451,0.372,False
035d28325bb6,0.372,False
c49dd4b9d148,0.372,False
8d215f576efe,0.372,False
703df3d221dd,0.372,False
6442b46cfeaa,0.372,False
7bbd68f70e2c,0.372,False
1e42bb889682,0.372,False
11144e289494,0.372,False
57760115537c,0.372,False
3256430d7ce6,0.372,False
12ee099d4fa1,0.372,False
d859bb004619,0.372,False
313a33969f8a,0.372,False
fde2e341a074,0.372,False
ad0e6754c189,0.372,False
ece6cb699762,0.372,False
1bfe9588e983,0.372,False
d9075876be4a,0.372,False
673ccb0d27e0,0.372,False
03e1f3214461,0.372,False
8ce3e90e7e0f,0.372,False
3d66a814e76e,0.372,False
f354a427a2da,0.372,False
e4de603c731c,0.372,False
e4e375d08336,0.372,False
a303ab057bd5,0.372,False
0dc38c363826,0.372,False
c95b4f94b986,0.372,False
bd8a432ff21f,0.372,False
21c171551510,0.372,False
0b6df23f58f0,0.372,False
fff1d6609c3b,0.372,False
a91181c88ced,0.372,False
c45b99a2173a,0.372,False
aaaf45cf88b1,0.372,False
1b08a226d8f0,0.371,False
eb41730d8b1e,0.371,False
18ff04f7c249,0.371,False
03f5d8d851aa,0.371,False
fce8f5666912,0.371,False
cdd025c97f4a,0.371,False
1c6b02893d73,0.371,False
0a8821833831,0.371,False
31d966325bbb,0.371,False
bb6d9ef4ab15,0.371,False
5a638d1a3221,0.371,False
df7737549c12,0.371,False
1a63cf74b53f,0.371,False
5f713250b79b,0.371,False
e6b2e58c2af1,0.371,False
3245e94d8651,0.371,False
1ea881b862e8,0.371,False
a4c5b1ef740a,0.371,False
64d0f64ce940,0.371,False
51a5a133d299,0.371,False
b3a6d0edd17c,0.371,False
20d0219581f1,0.371,False
f3e5af44cef9,0.371,False
36d471eb3a70,0.371,False
97f3187010c5,0.371,False
79732804d7a1,0.371,False
b7a906e9942c,0.371,False
7500c10120dd,0.371,False
9458547fa0d1,0.371,False
818b8fe95e40,0.371,False
86109c457ae7,0.371,False
cfe08e5b815c,0.37,False
095f5d4b56e4,0.37,False
1487692de91b,0.37,False
864446248066,0.37,False
6f12a0e6bec2,0.37,False
afa423a6e9ee,0.37,False
4e2360ab2b33,0.37,False
5e6096863745,0.37,False
665fa466ba18,0.37,False
fb191332eeaf,0.37,False
6f73d82bfaaf,0.37,False
8998443c8740,0.37,False
1bc1fd939e58,0.37,False
1b07d8b74e72,0.37,False
cbceb389bf60,0.37,False
17a9c7a5fef0,0.37,False
927dc3b068cf,0.37,False
3a461c315787,0.37,False
a32d5bdfb1f1,0.37,False
cfb921233469,0.37,False
0de61b031686,0.37,False
cb593b759376,0.37,False
68413834eb4d,0.37,False
9e181381b9a2,0.37,False
1f267f6f1983,0.37,False
cae335bd488d,0.37,False
3e34d4c3e368,0.37,False
82124e6bb3fb,0.37,False
0ebfa435ce3e,0.37,False
4104349238b1,0.37,False
b7013eb96b93,0.37,False
d92d30067491,0.369,False
cbd18c8d9691,0.369,False
4c1380eb1e1c,0.369,False
e6f9e3491c21,0.369,False
ceac62145410,0.369,False
487cf7c2934a,0.369,False
f886b70f7337,0.369,False
c902d6b28e43,0.369,False
5b2a625a8d61,0.369,False
ff54d859e8b6,0.369,False
900252b5cb62,0.369,False
5e73258b1b1a,0.369,False
2eb4ce4cc474,0.369,False
9c2ea9240d73,0.369,False
632c9938d0fa,0.369,False
1fb2ced2fe6b,0.369,False
ea8393c07a4b,0.369,False
01d7d306fe92,0.369,False
d21fe381ca69,0.369,False
d49eef5ce99a,0.369,False
0480521a8dbe,0.369,False
12fe2393e94c,0.369,False
77c4e71406ed,0.369,False
f1e4c37b7ae4,0.369,False
bbc8c48e995c,0.369,False
b7810bffdfad,0.369,False
bb37caa6803d,0.369,False
40d9fdf6b1da,0.369,False
fb2e8f2937b2,0.369,False
8a0817f8ca59,0.369,False
352032910674,0.369,False
fc013e712ed8,0.369,False
be74ec522667,0.369,False
e01adaba72db,0.369,False
73cdeadaa600,0.369,False
b9f7ea856117,0.369,False
8e4d0a5ba116,0.368,False
3aa071b64c17,0.368,False
0f79c42b6ca6,0.368,False
f288a0519db7,0.368,False
b96a1bece753,0.368,False
1fd5ea17bc0b,0.368,False
d3c6c8117199,0.368,False
1e45f10136e4,0.368,False
69d91e29e965,0.368,False
4ee77eb312d9,0.368,False
bbf00b7cbf91,0.368,False
34c8026e8cfa,0.368,False
3eb234b76340,0.368,False
d7752e6f9ab9,0.368,False
4fb9111ecb60,0.368,False
462adcd702da,0.368,False
a886c4a9c4f8,0.368,False
74d986903a53,0.368,False
f684849e9cb4,0.368,False
d88dec355f00,0.368,False
dc7cf65da48e,0.368,False
f57eb25be0e4,0.368,False
22b4ba7e0d0f,0.368,False
94c6527666c3,0.368,False
935c98f4ddc9,0.368,False
09c174155bb4,0.368,False
8c4e254e9576,0.368,False
885a5e8b8a32,0.368,False
0330f37ce31e,0.368,False
cc1f3f57e9e4,0.368,False
491832a4830b,0.368,False
0d9cf54e7539,0.368,False
3ebfc2ca894c,0.368,False
81e8a116606f,0.368,False
319636fc9270,0.368,False
0da02be16fd5,0.368,False
978086eeeb6c,0.368,False
2f316546a48b,0.367,False
4ded8f622c33,0.367,False
ca53b6fa031d,0.367,False
27fac7ccad7f,0.367,False
fecfba2b6525,0.367,False
5a0afa5a43e6,0.367,False
b3241645e298,0.367,False
9f4c3762dcae,0.367,False
0564a4d1bccb,0.367,False
15d2267a8a95,0.367,False
d52091348594,0.367,False
ba785317cb71,0.367,False
c3f764c96213,0.367,False
53fd37dde1c3,0.367,False
53d656646b18,0.367,False
accdb632462e,0.367,False
ded8bc2034eb,0.367,False
8e683a572d26,0.367,False
b54cb1fff1fd,0.367,False
aa328061b168,0.367,False
e0176cecf9aa,0.367,False
65d21b3a530a,0.367,False
e16a669ff628,0.367,False
6b3cd45d9fe4,0.367,False
c5c703023166,0.367,False
a17b83acf683,0.367,False
2d9bd9496a26,0.367,False
96a83364e94e,0.367,False
0ec39a9a5307,0.367,False
ae2de7181a14,0.367,False
1c27984594c3,0.366,False
f68cf0343696,0.366,False
7250b4330355,0.366,False
8f38e734acba,0.366,False
b679d0050ed4,0.366,False
3fa49a70b687,0.366,False
b1c8c0a1209a,0.366,False
b22cd59716ab,0.366,False
241bb2df58c2,0.366,False
cdac9eba2fed,0.366,False
58030ccbf537,0.366,False
a2fc342aca9b,0.366,False
0ddee06a129e,0.366,False
6dc535f417fd,0.366,False
3bbbc33efb00,0.366,False
ac161822e2b2,0.366,False
a40e78292a83,0.366,False
c0f6eb67918d,0.366,False
8415a9108746,0.366,False
d36ba6b5a697,0.366,False
d6dc0e89f995,0.366,False
d76900913180,0.366,False
ac4fd2e13e97,0.366,False
1f533cd8ee94,0.366,False
26902684094e,0.366,False
b030f28e149c,0.366,False
b776a83a8ff5,0.366,False
a13ef79e64c2,0.366,False
6767bef6b128,0.365,False
d14e1bf38e71,0.365,False
d9af07f97d00,0.365,False
4788a444390d,0.365,False
5c341a244175,0.365,False
484d59053084,0.365,False
56b5d8fd6725,0.365,False
8322b3b91134,0.365,False
f150956c5446,0.365,False
334b6fc6cf14,0.365,False
960bd69cf434,0.365,False
43e0bf9e7e8c,0.365,False
bf2717864ae0,0.365,False
918a50ecf6f6,0.365,False
071d10fc8a24,0.365,False
3832ea516e58,0.365,False
ed4d7b18a72f,0.365,False
c2a18c33f77f,0.365,False
c58b7299643b,0.365,False
5df6dfebd1e0,0.365,False
e3db26c8b8c7,0.365,False
abf9bd0c9742,0.365,False
2ea85421888c,0.365,False
86dda0c7139d,0.365,False
f76bf0a76b9e,0.365,False
78bc722e8768,0.365,False
8e2c07b82d43,0.365,False
3a4b03a5b856,0.365,False
7f2b158ad228,0.365,False
5931db8c235f,0.365,False
e36e6e27fea0,0.365,False
5e64859e7bf3,0.365,False
73d53a868c79,0.365,False
c9228e36dd29,0.365,False
55f3f454c1fc,0.365,False
0e277793cd69,0.365,False
ccecc0a69aa3,0.365,False
ee4447ff3663,0.365,False
86659c368ed3,0.365,False
b690ea8a5918,0.364,False
3e5e5f298629,0.364,False
34080d0504ed,0.364,False
f28f110a4fe5,0.364,False
905e5ac3f294,0.364,False
4a7a0ca81061,0.364,False
a24e4baaed8b,0.364,False
19e139d7412c,0.364,False
758863115d32,0.364,False
0aabe290ab0f,0.364,False
217b6bde21ac,0.364,False
979c82831f3d,0.364,False
0c61385ec4c0,0.364,False
46916be6d8e9,0.364,False
d018e11d5a53,0.364,False
99466ee8e75f,0.364,False
15b6642337fd,0.364,False
feef9248f0d0,0.364,False
b1c166fce075,0.364,False
030bcc73f989,0.364,False
b16d882a49ae,0.364,False
08ab686241f8,0.364,False
57e94b1c3083,0.364,False
c979d14c7525,0.364,False
22de24ef1ff0,0.364,False
0c086e3cee34,0.364,False
7c88d2d89753,0.364,False
f9fd6ece097a,0.364,False
fa0da787700e,0.364,False
8840a66693e8,0.363,False
53bd274affa7,0.363,False
68fd79515d5e,0.363,False
932eea43ffb0,0.363,False
1163a699e407,0.363,False
8d87ada2de7b,0.363,False
0fa7bf8cb279,0.363,False
b43fb3e22ab4,0.363,False
ffeca0b8a82c,0.363,False
abf848a78892,0.363,False
26efcc97e57e,0.363,False
730b01262384,0.363,False
acb86a5a2b62,0.363,False
9228939d84e4,0.363,False
bee14434bc0e,0.363,False
0df1a1743de6,0.363,False
9b9c30a8bfd8,0.363,False
e1d5701f6878,0.363,False
e2a3426c8dcf,0.363,False
88ad9f895758,0.363,False
b4d25e0d0891,0.363,False
f46f55972c6c,0.363,False
aca9ac4d7ef6,0.362,False
134f0a3d9d4c,0.362,False
ad2509411f91,0.362,False
2da90c0d889d,0.362,False
780f8af0fd2c,0.362,False
a321c2b39736,0.362,False
783bd5c214bd,0.362,False
3a5e0f60d6f8,0.362,False
e99eb200d15c,0.362,False
ffd9c0b9ee23,0.362,False
d6ab72fbe4f9,0.362,False
b473d7c51acc,0.362,False
9d3c737d16c1,0.362,False
063c68c4c24d,0.362,False
1ae855065b16,0.362,False
3d3f74363745,0.362,False
69072da5c53a,0.362,False
c38fd6e92c52,0.362,False
8913af88faee,0.362,False
2b589dcec8d9,0.362,False
3d12714d6f43,0.362,False
8fd1a89ef5bd,0.362,False
6b9a18fa939e,0.362,False
db140eac83f3,0.362,False
44f82dc8cb81,0.362,False
70fd8a7f504a,0.362,False
a29fea4c797c,0.362,False
952cf1cd2fe8,0.361,False
c9951264dccf,0.361,False
72efa5a3fd6d,0.361,False
74f128282b10,0.361,False
2181aeef8d37,0.361,False
cec6192c2539,0.361,False
e06f5accc119,0.361,False
9dec01cb2369,0.361,False
2d835c22e915,0.361,False
f34ada5f2861,0.361,False
8289490df7dc,0.361,False
7274355a047d,0.361,False
dfd7ba5d11fa,0.361,False
60b23bb07210,0.361,False
e7db2de9366c,0.361,False
c5037ef9d6e9,0.361,False
7d03233a900c,0.361,False
25970e81eee8,0.361,False
c77b5344d823,0.361,False
407e7121f561,0.361,False
a68859f9d436,0.361,False
462f35883109,0.361,False
61d4ced19d36,0.361,False
ae36bf951d83,0.36,False
fff76e0d38c3,0.36,False
d9fa855e30f5,0.36,False
9b07c298ca24,0.36,False
70b9de81bb2a,0.36,False
703fd2adefc3,0.36,False
b98f6e254ae4,0.36,False
1f03fd45032e,0.36,False
fac3bf848665,0.36,False
a10d901c0c63,0.36,False
4dd179cdde8f,0.36,False
530b943ebaa3,0.36,False
049d3be955cf,0.36,False
fb5b8c5fc1e4,0.36,False
05c6a33979bb,0.36,False
422c83a8b807,0.36,False
7ae3aed5531d,0.36,False
51c1a07add18,0.36,False
97d3325759c9,0.36,False
6cf3f4e277e5,0.36,False
608afaa5c1f7,0.36,False
43ae1a9140f7,0.36,False
9460ec9a0b33,0.36,False
ad8f1cbdeac4,0.36,False
b50f0a9bfca6,0.36,False
f61dada686e2,0.36,False
058373a1049d,0.36,False
4c5d06b112d9,0.36,False
c8a90d179ba9,0.36,False
e93bc1ce8426,0.36,False
80169878640e,0.36,False
359c468a59eb,0.36,False
6aec206e2734,0.36,False
5b46d9fa7cf2,0.36,False
09363f1bbd88,0.36,False
1a35893eb0b2,0.36,False
d14b9c60cd96,0.359,False
17f4549b2e3a,0.359,False
91da3ccea548,0.359,False
7783a669d456,0.359,False
e0ea647158d6,0.359,False
d49af83a7244,0.359,False
f9b3b6306c49,0.359,False
16991889eaaf,0.359,False
5e4896bbdb86,0.359,False
0cfd9092054d,0.359,False
cc0c7a60bee4,0.359,False
d528be3f78bd,0.359,False
6610bd85c8aa,0.359,False
89fb3c550632,0.359,False
c71f21f404cd,0.359,False
82d9fd9a2914,0.359,False
ac8774a111e0,0.359,False
ef7f7d58c9b9,0.359,False
ff5bab1b0fb5,0.359,False
38d875213951,0.359,False
7edd359d59f6,0.359,False
2e63f7b97232,0.359,False
68c3075add35,0.359,False
3313d054a50e,0.359,False
9636cdb78ce6,0.359,False
c03bc1f7873a,0.359,False
96a64bc858db,0.359,False
4c451690e1b0,0.359,False
190f08565674,0.358,False
7e52ad280fee,0.358,False
4b7eaaf5cbde,0.358,False
94aa1201ab0b,0.358,False
0ccae8da70fb,0.358,False
462011cfe7fc,0.358,False
0b2e6798e270,0.358,False
5e2cf2df0c00,0.358,False
417d48a3c2f5,0.358,False
e2eb2b7acc1f,0.358,False
45710eeae402,0.358,False
ab920d3ce308,0.358,False
26c72d566d03,0.358,False
ddece5cad3fe,0.358,False
009544d860cd,0.358,False
287abde968c1,0.358,False
3851b86a9427,0.358,False
34838fd8a5f4,0.358,False
e415858c25c4,0.358,False
704759e467be,0.358,False
649e39d70e8a,0.358,False
ed93ef4e8e48,0.358,False
5fe2443b3bfc,0.358,False
5eaa945087ad,0.358,False
6fcc18895482,0.358,False
edeb8205c77b,0.358,False
30620f8ea409,0.358,False
a69d1ff0218d,0.358,False
69dffcabfc0c,0.358,False
4e6e75c919ac,0.358,False
c6253105e332,0.358,False
82c09304b50b,0.358,False
1d4a85077591,0.358,False
3a883771a3db,0.358,False
4a97aa51d363,0.358,False
8d68be240582,0.357,False
a9f78b3e40d7,0.357,False
6c02183c4617,0.357,False
2dd4643c1723,0.357,False
ce8b2b435b48,0.357,False
4e131365990d,0.357,False
7beaa5b4d81f,0.357,False
efe38a5efdde,0.357,False
0ff2b1fd8848,0.357,False
a1717ca783e7,0.357,False
179336090a6b,0.357,False
dda6c557d704,0.357,False
fbbae2721e95,0.357,False
a2460944ee2d,0.357,False
925af3e5df98,0.357,False
25e29e7f7429,0.357,False
dda11121986a,0.357,False
a62dca9189be,0.357,False
b5d99dd43a4e,0.357,False
abd37cb5ba8d,0.357,False
08043d432ab5,0.357,False
781f9cdabff1,0.357,False
15ff9ae2bc62,0.357,False
8070fe20c8f1,0.357,False
c360086ab7c8,0.357,False
2fc957c73ce2,0.357,False
53882f874f1d,0.357,False
cfd60c47945e,0.357,False
85f2edbeeb12,0.357,False
34a7dba58d6c,0.357,False
050ac486f5c5,0.357,False
faf7fb531590,0.357,False
047e3ca62a38,0.357,False
0673524dcce6,0.357,False
66a2f969c183,0.357,False
8754eaee3103,0.356,False
87c0d73c36f0,0.356,False
35d22f123a57,0.356,False
938e7c940da2,0.356,False
6f529700a919,0.356,False
d5d872f748eb,0.356,False
cceef9dba8e0,0.356,False
ca4506e66364,0.356,False
5a56420bcb6e,0.356,False
d35f885103c3,0.356,False
01eb168e9079,0.356,False
1dc5934b0f4b,0.356,False
cf0274d9134d,0.356,False
0edc430f6d73,0.356,False
0e05d473c6e5,0.356,False
2092663f8894,0.356,False
bf619d445b7b,0.356,False
5bfc4d01ce80,0.356,False
597a0bc5ccd2,0.356,False
0328df528cdb,0.356,False
a26da2600fe2,0.356,False
6e2c6f94ef9d,0.356,False
e221960c46e5,0.356,False
787fdd226bd9,0.356,False
fa13635d5c4a,0.356,False
d152a12dc715,0.356,False
e10770ebae7d,0.356,False
121b2e764208,0.356,False
e6794905beea,0.356,False
edcee312dc2b,0.356,False
980f55aad9d1,0.356,False
bfdb8abdf763,0.355,False
650ceda08a75,0.355,False
710f01052128,0.355,False
db76d66e6f0a,0.355,False
6890e0db0680,0.355,False
f0c19b50a474,0.355,False
c92e4fb5ae4b,0.355,False
7795927ff91f,0.355,False
449952e7331a,0.355,False
77388c2203ee,0.355,False
7fa484fe49f9,0.355,False
8e822b603f28,0.355,False
d3baf2c54202,0.355,False
8a99a5b67708,0.355,False
a2e2432c2bd1,0.355,False
f8c10eddfbeb,0.355,False
9a2b59bcaeed,0.355,False
626689e4b3d9,0.355,False
717859da1084,0.355,False
dc2df7ea0670,0.355,False
f1575020d0d7,0.355,False
4e0cf9e086ed,0.355,False
48bcdaf9908c,0.355,False
fcff4662335f,0.355,False
7e7f7a2fb4cf,0.355,False
caa173b16cef,0.355,False
5a9e174dd55c,0.355,False
9b1a2291b14b,0.355,False
b4e0d285a10c,0.355,False
e3558d46d045,0.355,False
2acbfabd3f75,0.355,False
6f69d77e394f,0.355,False
4065d4916813,0.355,False
5de17b2c827f,0.355,False
5595579076d7,0.355,False
6add6708bcde,0.355,False
1811bcd82aa3,0.355,False
6ddd3dc86b76,0.354,False
d65f21f31587,0.354,False
8ab49cd543ee,0.354,False
2a16850c591f,0.354,False
9043032175c2,0.354,False
751fec4db6a9,0.354,False
370c751c4f8c,0.354,False
4c49679d7338,0.354,False
533623dddb0e,0.354,False
1a2e354d44ce,0.354,False
66af188e67de,0.354,False
4905f88d903a,0.354,False
efd59e7ffada,0.354,False
8c06b6ae79d2,0.354,False
c4c94a210f41,0.354,False
726ecaacb3a0,0.354,False
636a3bfc014c,0.354,False
f9c6d7ceb1df,0.354,False
8a6befc9f49a,0.354,False
43fca430d176,0.354,False
c8f8a771ca37,0.354,False
f8081febc3d2,0.354,False
21580b6d7852,0.354,False
57fe16801bbc,0.354,False
8c99fd3a1b8c,0.354,False
110a235494c1,0.354,False
4c90e671cb35,0.354,False
f389f83e5a2b,0.354,False
0e6ded12b9d8,0.354,False
4d25c01353b5,0.354,False
1dd4c41a1418,0.354,False
efd3907ee5af,0.354,False
1408fb49c95d,0.354,False
edc56762de6e,0.354,False
034616bcaa43,0.353,False
fe8bb12434ea,0.353,False
01662ea14164,0.353,False
d146e72662ae,0.353,False
b188031ac5d9,0.353,False
d0eeec601c27,0.353,False
ba9a1be9b053,0.353,False
ec630b8bb9fe,0.353,False
fb977e015433,0.353,False
016d06a65f30,0.353,False
64a0cf8c6a6c,0.353,False
a42720e11aa5,0.353,False
a6598a258e66,0.353,False
9e0a82edcca5,0.353,False
c6a49b230e54,0.353,False
1085ef10e485,0.353,False
2735d10c5193,0.353,False
1fb51dfd39ec,0.353,False
c06a3eed410c,0.353,False
2d45cee97296,0.353,False
2c84b8090643,0.353,False
00d3e91167d7,0.353,False
2991888ddee0,0.353,False
4b2f80302ca9,0.353,False
aea500a5a41f,0.353,False
dcd515603788,0.353,False
e49ec48a52df,0.353,False
2294beef274c,0.353,False
e935bcb64aa0,0.353,False
f7ed7de3611c,0.353,False
88010e5b928f,0.353,False
9941494e8708,0.353,False
1bf90050cbf6,0.353,False
ab9a071a4f67,0.353,False
da0f13659134,0.353,False
910051d39176,0.353,False
5321b8e20993,0.352,False
11cc1e79abea,0.352,False
ff35ad23dc13,0.352,False
03b5fa76958b,0.352,False
2df8c653644e,0.352,False
197c6c260c22,0.352,False
dc8504d3129b,0.352,False
9ef94a4d12e5,0.352,False
3714e0d2a15b,0.352,False
e16cd3eb995f,0.352,False
ab81c6dec2bd,0.352,False
6602803ffb84,0.352,False
304b8d8df920,0.352,False
d93c826b7e29,0.352,False
98ea39ef6be1,0.352,False
411749c44aeb,0.352,False
c74d46342524,0.352,False
4a06140b0a8e,0.352,False
094b8991add5,0.352,False
a00829d804b7,0.352,False
0fe8993aadd4,0.351,False
cf5d172a72fd,0.351,False
3174f7e45891,0.351,False
83cfb05fb4ed,0.351,False
c33de14db6e5,0.351,False
cf127fca8d58,0.351,False
82132d8d329b,0.351,False
7bc0f55ece76,0.351,False
b3cbce39a38a,0.351,False
a3b9a84c33f1,0.351,False
338e662d3069,0.351,False
b0f6a0eff173,0.351,False
d6896a01e543,0.351,False
f8159e2864b6,0.351,False
a033dd45f98a,0.351,False
6621dac0bfa9,0.351,False
dd3801d56435,0.351,False
4c507eb2e810,0.351,False
b541904863fd,0.351,False
99e028a0d8fb,0.351,False
9b69c7c42ca4,0.351,False
6aed3f04eb6a,0.351,False
a7a11b8fd2bd,0.351,False
250b19a66c26,0.351,False
25a4b755a564,0.351,False
41e2a10a8b8a,0.351,False
d3b62a458a37,0.351,False
3f43bfb64091,0.351,False
04381f37e823,0.351,False
400cc4b733b9,0.35,False
4a585435c860,0.35,False
d274dca078c2,0.35,False
cd47ced15b05,0.35,False
1e362a8b5599,0.35,False
04d8cd6d878e,0.35,False
8fe6cfb20d14,0.35,False
3bc669270994,0.35,False
5e60dcf6e0fd,0.35,False
780928eac16b,0.35,False
45cbbe6b4b7f,0.35,False
e2c4d01f249d,0.35,False
85e344921b7a,0.35,False
6e53fec27f1a,0.35,False
221e410b8eea,0.35,False
5f6860b55a14,0.35,False
4189fd950541,0.35,False
9fddcf6dfe41,0.35,False
b3bf81b919bb,0.35,False
706a24e07b2a,0.35,False
91b99b49735f,0.35,False
8199aa499a10,0.35,False
128e47fe9573,0.35,False
8a8813bcb125,0.35,False
aeeeeb8de320,0.35,False
4c7b18c7fe19,0.35,False
d8987a2bde6c,0.35,False
1f89d3836b6a,0.35,False
a61a7186d6d4,0.35,False
cfb408db3772,0.35,False
2d2b414d773c,0.349,False
17d6bf7777f6,0.349,False
ed55d45ca229,0.349,False
56ba7cf9c269,0.349,False
4684d016b0b4,0.349,False
c234492b76f3,0.349,False
77861a254caf,0.349,False
20e9f2ac8a35,0.349,False
0a809381883a,0.349,False
90eff1256281,0.349,False
8ca9398dec0b,0.349,False
1a4a30df482d,0.349,False
1d27e16ca76c,0.349,False
580f094a3152,0.349,False
e81347f957e3,0.349,False
199b799fdacd,0.349,False
cc89fd473760,0.349,False
ab33feee7d22,0.349,False
ad7825389b90,0.349,False
1f46f2ef789c,0.349,False
3fa7b0cd9c4d,0.349,False
25a7d0a3f511,0.349,False
5347c0782d13,0.349,False
f669c893c0cf,0.349,False
0a67a7fc6d63,0.349,False
1d4d3b9ab3f7,0.349,False
935b555341c9,0.349,False
a37ca6929d9a,0.349,False
b61e69d0b5ac,0.349,False
797fbfd541b2,0.349,False
cdbd046f4096,0.348,False
1d2d2c66f76a,0.348,False
6c99286d8583,0.348,False
7e25bf918d0c,0.348,False
3a83ede5dbce,0.348,False
e667ddb7daaa,0.348,False
03b1bfedc0d0,0.348,False
acd836f53353,0.348,False
d2aac51bd2a5,0.348,False
8c52beb67849,0.348,False
c5c15c2fa3ac,0.348,False
ded0b8565db2,0.348,False
f5b4b6795051,0.348,False
43c163f3b53d,0.348,False
f7cd04f868d6,0.348,False
22cce146e6ff,0.348,False
d746b6ad80b1,0.348,False
707dbbce95f4,0.348,False
afce7da9cfce,0.348,False
322d59f1ae9e,0.348,False
aee80a60faa7,0.348,False
6204182e790a,0.348,False
bc60e5971e05,0.348,False
69ff766d00db,0.348,False
8278b1506637,0.348,False
612f756bf71d,0.348,False
eef23bd5fcc2,0.348,False
64d62ed2a3a3,0.348,False
61fbbe61266b,0.348,False
02a4e58a29ce,0.348,False
2eee7a54ef00,0.348,False
eb8805dc0bb9,0.348,False
6cf340cf2369,0.348,False
ebc001d0952a,0.348,False
fae7c8626a59,0.348,False
5e1a71f02e9e,0.347,False
56c73e6db74b,0.347,False
003e108faa68,0.347,False
dd09f52fee39,0.347,False
cac1f0338526,0.347,False
e02213dc37a2,0.347,False
a0f4ee7443a4,0.347,False
56e27aad9830,0.347,False
91a882fd2666,0.347,False
6ab7d7fd4f3e,0.347,False
14f335bfdaf0,0.347,False
6daa2c5e081a,0.347,False
cec2b31ed4b3,0.347,False
e30b29bc1247,0.347,False
9d5830c5a2f9,0.347,False
fd4a7e7dcd88,0.347,False
3fe3c7fb5327,0.347,False
48ca29f27195,0.347,False
75cd3be0f0d6,0.347,False
2e93bbb64a77,0.347,False
e772fff47f29,0.347,False
40e958df2718,0.347,False
74e89766719b,0.347,False
5776778c744e,0.347,False
cd66872e11bc,0.347,False
0408ab4252b8,0.347,False
3e915fb25d55,0.347,False
5fdeb277e201,0.347,False
113fcf7b4779,0.347,False
72867bc75485,0.346,False
1f7a7905c444,0.346,False
200de927f979,0.346,False
38628116e640,0.346,False
53ebc848b790,0.346,False
01f3a70ec81f,0.346,False
9a4d476616f6,0.346,False
de329642847e,0.346,False
dbd842e95fb8,0.346,False
b199c53b999d,0.346,False
da1d2f4e10ae,0.346,False
3a646f730bbc,0.346,False
de63f7a851b4,0.346,False
a57620079e5c,0.346,False
3ba72e5961d4,0.346,False
d0d39516ad1d,0.346,False
69857df901a6,0.346,False
0d1defd5e271,0.346,False
11075559fae5,0.346,False
a350746f6608,0.346,False
92324b8bdbb7,0.346,False
a1299938179c,0.346,False
352b3e573706,0.346,False
b907becb7f81,0.346,False
dec815f51d07,0.346,False
dddedd9c452e,0.346,False
ef3fc16af9e0,0.346,False
8281dcb7ca7c,0.346,False
c40f1412d260,0.345,False
e805abd44685,0.345,False
cad43d853b42,0.345,False
193fbcd379da,0.345,False
e8bbdc7ee13a,0.345,False
7071986ea58a,0.345,False
32e0fc715e38,0.345,False
89dd09752b3d,0.345,False
b32e6db5ed08,0.345,False
ee538ed9ad2c,0.345,False
8211b3fcf027,0.345,False
0664e27e7648,0.345,False
ed1fc1812a52,0.345,False
2ff4a64cdc87,0.345,False
2d100c944689,0.345,False
3be676cec00a,0.345,False
3c30b7781f35,0.345,False
dce139cad07d,0.345,False
0837a29a01ae,0.345,False
83923f308b5d,0.345,False
8488097cf788,0.345,False
0d799a347d34,0.345,False
232f886fd000,0.345,False
d6bfc30e01c1,0.345,False
3dd2382ef53a,0.345,False
5f902b861397,0.345,False
21d32ba7a120,0.345,False
842c13bf29cb,0.345,False
beff040f3f9e,0.345,False
c8d0dac3ad41,0.345,False
d53a2f6d04cd,0.345,False
f436323faa3b,0.345,False
0ab338fbdc28,0.345,False
6f6fcb386820,0.345,False
873d5021774e,0.345,False
42f46d0e61f8,0.345,False
01eaea0c3cec,0.345,False
5e2eb58fdc54,0.344,False
0ad564268796,0.344,False
cca850d4ad9d,0.344,False
76da5b3a014d,0.344,False
87409e286da6,0.344,False
eaef67300975,0.344,False
2b8698240fe1,0.344,False
e237953483f2,0.344,False
04fbb2a27984,0.344,False
ed0f20d6714e,0.344,False
1fd342025ca4,0.344,False
64cc36cddab1,0.344,False
3eb4cbdf70da,0.344,False
94f6610bad48,0.344,False
e423c61f366b,0.344,False
bc2603451867,0.344,False
25a6d1f4e9af,0.344,False
bc8e0bb1b5b1,0.344,False
29efa9a9f687,0.344,False
e29d761bd38e,0.344,False
2c608e1e8120,0.344,False
e2dcae5ded7e,0.344,False
34a245eb5d60,0.343,False
09957697209d,0.343,False
e1f7f33c8c36,0.343,False
920a56ffb9fd,0.343,False
fa0bd1ab8090,0.343,False
b31da2aedae3,0.343,False
561f44301a67,0.343,False
80d062d3955b,0.343,False
7e2a7c48df07,0.343,False
6aec8c8dcc8f,0.343,False
0b3ea08e082f,0.343,False
6c512c296208,0.343,False
4ac95d1304ee,0.343,False
5e6b49f226d7,0.343,False
7eda3155be1b,0.343,False
42efa74c184c,0.343,False
43def6520530,0.343,False
07eafae41d95,0.343,False
b9a3e89399b7,0.343,False
7dbd3b53a32a,0.343,False
6c581c0733db,0.343,False
366bbf05efc1,0.343,False
995ea37e830b,0.343,False
95018e3aef57,0.343,False
b44bddce0ca6,0.343,False
b1019a35f00f,0.343,False
30ded678e9d7,0.343,False
bcad0a73f41c,0.342,False
3d16f6ca37ad,0.342,False
b8c92dccb34d,0.342,False
4a21f5e15540,0.342,False
65b11a47ccc6,0.342,False
ac8dde80dfe1,0.342,False
58166d82a745,0.342,False
a41e06a3aa3c,0.342,False
e7a4376c9d2f,0.342,False
67e0386d3377,0.342,False
781150f78af1,0.342,False
173addf24fc0,0.342,False
3fde5a092175,0.342,False
aa910c87aab4,0.342,False
f77807aba313,0.342,False
f8a5f5b0204d,0.342,False
08d740fa8d72,0.342,False
74e6fe063dc3,0.342,False
927c80ef5970,0.342,False
6062e97ccc0a,0.342,False
2c108fa43d95,0.342,False
9e45df815ac9,0.342,False
154c38eb1bc6,0.342,False
ed5de9593db7,0.342,False
4df936fb3dbd,0.342,False
a6671f8ba843,0.342,False
46d3a1bb27e9,0.342,False
17f3bd224c6c,0.341,False
3f34b005d24d,0.341,False
393b78879576,0.341,False
d982133c630e,0.341,False
fdb50dd874c9,0.341,False
870cf0d2363e,0.341,False
44c4d658bfd3,0.341,False
69202e6df3d8,0.341,False
e9406efa04b1,0.341,False
6c8f451ad707,0.341,False
409d40ef14f5,0.341,False
672763007aa5,0.341,False
168ec51c42b5,0.341,False
ec7c07540424,0.341,False
6ed1cae8a30f,0.341,False
5673347d1d69,0.341,False
8a0debd5f17a,0.341,False
b68cc027429b,0.341,False
56d6852ac4e4,0.341,False
8088f45aba40,0.341,False
a3f02695a75e,0.341,False
a0c48301424b,0.341,False
7065aa663632,0.341,False
230260a75064,0.341,False
c9f0c63f8946,0.341,False
89df17242d5f,0.341,False
10c596b9cb9e,0.341,False
0f2f0a431cc4,0.341,False
68b294077796,0.341,False
84a288f0d868,0.341,False
2e86fe1e41cd,0.341,False
aac39e78d67a,0.34,False
ccd2dd0930a7,0.34,False
7dd291813ad4,0.34,False
8468e049cada,0.34,False
0fb9416452d4,0.34,False
09f73f83bfd3,0.34,False
5ac4b6014a16,0.34,False
db2b0b0e7a68,0.34,False
790110bd6ecb,0.34,False
1d876d00e333,0.34,False
88bf80f7aadf,0.34,False
e65604c775d8,0.34,False
75931b2120cd,0.34,False
f6f86a777524,0.34,False
93211a5046cb,0.34,False
4c7654f838ad,0.34,False
4c1ca162a942,0.34,False
868855850bf8,0.34,False
3015a33a391e,0.34,False
13fa669981a5,0.34,False
7b7d8849737c,0.34,False
743a587356d5,0.34,False
32984369fcc7,0.34,False
5bf642c9fff5,0.34,False
e661967530f7,0.34,False
0de251a0efe2,0.34,False
b3d3557237ca,0.34,False
508f5e4f54de,0.34,False
b49a4d9383c1,0.34,False
f3123a4e8329,0.34,False
33f75aef0236,0.34,False
0ffba686b45d,0.339,False
e8ab3311c59a,0.339,False
a185f7a5b1ad,0.339,False
e2096c6e9e21,0.339,False
0be31d6414ef,0.339,False
99b8ff1302f0,0.339,False
4c5e7c3b505e,0.339,False
bbe583bd2441,0.339,False
2050a6bd3c75,0.339,False
4cfd7b2771e9,0.339,False
d8ddaffa5d88,0.339,False
6d19689384cf,0.339,False
60223d056eac,0.339,False
d35818734090,0.339,False
e0b91b34765b,0.339,False
9b17ce3427e5,0.339,False
03b59a9052cd,0.339,False
a5a81a36ac8f,0.339,False
2a1696787607,0.339,False
dcccae431513,0.339,False
d70a3af5d015,0.339,False
34030a8fb1c3,0.339,False
dcf1894715c8,0.339,False
9f15cf8c2dd9,0.339,False
8017e89d51ea,0.339,False
1d3151bb9393,0.338,False
8d6677a00854,0.338,False
a09e619318b1,0.338,False
545d1f6e42f9,0.338,False
c027e2732291,0.338,False
5f31a438f32f,0.338,False
b46d66096fb8,0.338,False
6c75ce457795,0.338,False
f25dbfcfaa47,0.338,False
87a32a3e911c,0.338,False
fe6400b6d86c,0.338,False
90e87e984da6,0.338,False
43e9ccbfa9ba,0.338,False
b4c78daffc98,0.338,False
f488c5ef795c,0.338,False
1f0006c67d45,0.338,False
d4b591f69574,0.338,False
d2c6a2bd51df,0.338,False
f009414a44d0,0.338,False
63823f5f6feb,0.338,False
b825762b3ec1,0.338,False
d90e0ebf20ed,0.338,False
c69478ee587d,0.338,False
277534988c95,0.338,False
a3ae9eae42e0,0.338,False
507efaac67e6,0.338,False
87166884220f,0.338,False
667062634ea2,0.338,False
c105f5b5e6f4,0.338,False
82687caf6e70,0.338,False
07e6356593b8,0.338,False
9f8963fd7b72,0.338,False
4b8550de3674,0.337,False
b7f40d8817a6,0.337,False
75d19f041371,0.337,False
94c0aef63eba,0.337,False
c8ce8f58886c,0.337,False
b2fb535830b8,0.337,False
0e3ec41ca95d,0.337,False
da2799cadef5,0.337,False
57dc76bcafd3,0.337,False
87ab9096e7ba,0.337,False
0cb41ae55eca,0.337,False
3fe140803f46,0.337,False
7c3ee97c20e8,0.337,False
f53fae550c75,0.337,False
73e49298f2e6,0.337,False
38a0ca26f452,0.337,False
a33ebefe26e2,0.337,False
5ee1a3cd7abb,0.337,False
0d2e5705af55,0.337,False
0d2c7f34438c,0.337,False
65b3ed6abc3d,0.337,False
a8019a5f1af9,0.337,False
cf94757328b4,0.337,False
1f6eaa8a733b,0.337,False
38314c48c29b,0.337,False
e50c5f3930b5,0.337,False
dd30ab6d7fc9,0.337,False
a9301cefabc5,0.337,False
ea799cb9b2c6,0.337,False
adec5a0c1e24,0.337,False
0e93d599649f,0.337,False
5d8e6a4531d2,0.337,False
924791e637cd,0.337,False
18786d325711,0.337,False
467250469fbd,0.337,False
afb7cf0100a8,0.337,False
8bc03765bb8d,0.337,False
bc08fa0198e4,0.337,False
31a3e59cb58f,0.337,False
e11611b6ca62,0.337,False
544b55d5dbdc,0.337,False
299754fc2bb8,0.336,False
d2f6523862c0,0.336,False
673270ae2212,0.336,False
ae75d51aea1b,0.336,False
a364ba886f7b,0.336,False
effc96528ab7,0.336,False
82c123a8070b,0.336,False
17f7f3bc7805,0.336,False
8b6c9f2e2f10,0.336,False
106344e08397,0.336,False
1e2287d6fda3,0.336,False
1e9eb03b97b2,0.336,False
6680d132bb1f,0.336,False
647f16f9399a,0.336,False
958abe2f3181,0.336,False
e32cdb7185c8,0.336,False
9b20bb96f85e,0.336,False
33ede43274c3,0.336,False
828d53e2b1b6,0.336,False
b680bbdf8ec5,0.336,False
8a22e1e2f4b4,0.336,False
1321be8293ab,0.336,False
b77c44e10748,0.336,False
4571e29e50f1,0.336,False
f50e8818dcbc,0.336,False
c3d1e8f8cad3,0.336,False
1f18e7e27e8b,0.336,False
0d10c41e427a,0.336,False
0b87be073bc0,0.336,False
e778f20e4972,0.336,False
e8903fdb88c3,0.336,False
9c26c96f55dc,0.336,False
e7ae06e144db,0.335,False
8d2b4a9313eb,0.335,False
4b487b57f57d,0.335,False
6abcd04aca6b,0.335,False
dc9b4859a3ca,0.335,False
64799c275bd2,0.335,False
41ebb3f68aac,0.335,False
cb0b063fb4d1,0.335,False
e17afbb84906,0.335,False
4cd67e6acf55,0.335,False
7f123a947397,0.335,False
aea6832ef80e,0.335,False
047025dfda25,0.335,False
be0daa041ca3,0.335,False
3bc1e4db6ded,0.335,False
6bf512e0c611,0.335,False
8ce873bd0acc,0.335,False
40f971ccfc4c,0.335,False
9f0af7dbf055,0.335,False
0c323ba5ba74,0.335,False
25b0d6a8bdd5,0.335,False
5cb7984b5aa5,0.335,False
a1a7c39f5d4e,0.335,False
2d4340d575de,0.335,False
0a4b8231562c,0.335,False
eb456c819cfe,0.335,False
29b1b452b7f6,0.335,False
18fa6acc939a,0.334,False
697f626fe963,0.334,False
9a32648e8a68,0.334,False
f15c5e149465,0.334,False
5880a09cf35c,0.334,False
df0af2b563f2,0.334,False
594248c8d9ff,0.334,False
b3b95c600285,0.334,False
621223f4ff5b,0.334,False
dc9121798297,0.334,False
68615cd395b1,0.334,False
cd901d7f8173,0.334,False
63aa11e36bb8,0.334,False
6f52776c57b8,0.334,False
d58cf8ae5d11,0.334,False
f93dab4007a0,0.334,False
d6a1623e4aa5,0.334,False
6a21202e3bfd,0.334,False
9268f9173ec9,0.334,False
d215b1c661a9,0.334,False
2158fc55c237,0.334,False
ec55d46e3ffe,0.334,False
9b4cb7b50f55,0.334,False
3f9de66b68f2,0.334,False
09b5552bfdf6,0.334,False
8ff407218d32,0.334,False
59db409d44f7,0.333,False
2e61c1d0e929,0.333,False
5ab71217f6d9,0.333,False
7ce2ed9c46b9,0.333,False
c583678b8519,0.333,False
216fa9dd068b,0.333,False
c7885ef1f6bb,0.333,False
8a94d52d5286,0.333,False
52f7ac452b23,0.333,False
64e6e0e67c8c,0.333,False
bce61e6dff57,0.333,False
1ea537ec7aaa,0.333,False
56bb04a65be9,0.333,False
ee72c25b7be0,0.333,False
66daaca60414,0.333,False
65d59652ffb9,0.333,False
346d97122bb0,0.333,False
4c7ae6ba1310,0.333,False
73f0ff2214de,0.333,False
937845375d12,0.333,False
24c908382d27,0.333,False
e6240392301e,0.333,False
b47d40356e75,0.333,False
d760532b3e4f,0.333,False
9a9ea367f2fb,0.333,False
bc9b86720476,0.333,False
b404283b9811,0.333,False
2942251a0ca0,0.333,False
4313d3d4df90,0.333,False
672ecdbc744a,0.333,False
b543ac5f4ddd,0.333,False
1bbbee0d2e3b,0.332,False
49e3e1dd4b50,0.332,False
0ad8baf50f65,0.332,False
f1425690efa8,0.332,False
11cd6ee41bdd,0.332,False
ad69a0a3a334,0.332,False
525864cd43d1,0.332,False
7e06069425c2,0.332,False
914a784a1c51,0.332,False
a6480218d927,0.332,False
7dfb9de0e9d9,0.332,False
bdd3ff2a4f98,0.332,False
97763fd340d9,0.332,False
6637b36006b7,0.332,False
37f99969ef15,0.332,False
2348a621482c,0.332,False
987546da8ec2,0.332,False
c4ad4e790498,0.332,False
e8646a366a91,0.332,False
0126c7755078,0.332,False
bdf723055aac,0.332,False
786fa6167208,0.332,False
5f92a49954af,0.332,False
7a729d990b57,0.331,False
452932c9cbe9,0.331,False
5405bbc21494,0.331,False
fb3367b4526d,0.331,False
d059f9306c43,0.331,False
9b74dcbd3d36,0.331,False
63af4c313cd0,0.331,False
0689bbd883c6,0.331,False
d94d01b0eaee,0.331,False
61fc702b5598,0.331,False
c36892b2b884,0.331,False
ee00ad521b07,0.331,False
97fb023e78bd,0.331,False
9e72b896822e,0.331,False
c6b5b63c80ce,0.331,False
9178c131a5b3,0.331,False
c66bc86faaaf,0.331,False
6af482302eaf,0.331,False
66f2b1ffc756,0.331,False
9a1448692fca,0.331,False
4f91f02b8fb4,0.331,False
bc749cfd5b12,0.331,False
10c4b00630ec,0.331,False
e3de2e467822,0.331,False
af9bc50d844c,0.331,False
8950adce6c91,0.331,False
966c9fc5691c,0.331,False
83c997bd2937,0.331,False
0f8e8eab21e3,0.331,False
84d51c7899d4,0.331,False
8e807fc11562,0.331,False
d29b65251a8e,0.33,False
27521088dcdb,0.33,False
d60fea2879f8,0.33,False
60d7d6f2f7b2,0.33,False
2c9d738477d9,0.33,False
73ad05bea5a6,0.33,False
1c7240bba23b,0.33,False
b82c6308489d,0.33,False
bf480c60d093,0.33,False
a7fcd5980a90,0.33,False
188549218e6a,0.33,False
749ed711f313,0.33,False
1188cd937266,0.33,False
5888050b5019,0.33,False
3ae4d75bec9f,0.33,False
7281ab594311,0.33,False
6ddfbb4231fd,0.33,False
cc3b5fc8088b,0.33,False
d057ba67bd68,0.33,False
6d5530352ad2,0.33,False
989c33acc07b,0.33,False
6aa63803342b,0.33,False
47ee61809fcb,0.33,False
09837d7a53a8,0.33,False
109e8ca3c45e,0.33,False
c7bc6ad033ad,0.33,False
1ae6e9592608,0.33,False
878d637f4f22,0.329,False
d6740def183d,0.329,False
5763ec0cad27,0.329,False
a7f2d611a828,0.329,False
03b6a4b1f18c,0.329,False
cf9b808e098f,0.329,False
0afbd732610e,0.329,False
4c09383d9c2f,0.329,False
cb465be39b60,0.329,False
0c36b5dbb097,0.329,False
02a3f61a4bd1,0.329,False
d653f0942985,0.329,False
3cfd0d04bfd1,0.329,False
f9a17b664249,0.329,False
5c467f4488c3,0.329,False
0eb5ba33de8f,0.329,False
b11849a45191,0.329,False
07e85970ece1,0.329,False
ad8d2c57dd52,0.329,False
f8604a346ce7,0.329,False
b64ca1a7a87d,0.329,False
afb396cbccdc,0.329,False
918ed4e958a7,0.329,False
dc8cdad9af82,0.329,False
8241f0c2a206,0.329,False
b51a62b1b56d,0.329,False
8f7920930645,0.329,False
b00845ceea68,0.329,False
82435738dc09,0.329,False
ce6840ad1164,0.328,False
69e938c65034,0.328,False
03389a1eaa66,0.328,False
f5f877764493,0.328,False
2a20f5789a42,0.328,False
8c0bd10c67d3,0.328,False
cc62be1c3c18,0.328,False
f98f4ddd2455,0.328,False
ce39754ca765,0.328,False
7144392e8111,0.328,False
bc11aed523f4,0.328,False
a2ca71139f91,0.328,False
d339366b9481,0.328,False
edae47a32eac,0.328,False
09a05cba2692,0.328,False
776040886ccc,0.328,False
4ca1a6be5242,0.328,False
32d2d8ff9099,0.328,False
576b75c6c26d,0.328,False
11b578710de9,0.328,False
9ab64794f6ca,0.328,False
c45301dc9b5f,0.328,False
4a79ed37516d,0.328,False
2fc88d6ed643,0.328,False
71dd1d35f1f1,0.328,False
a63136b91e36,0.328,False
922d2b360682,0.328,False
9e4a0c45f35a,0.328,False
891cfcd3bfb1,0.328,False
d03a8cda059f,0.328,False
f719d418b0d8,0.328,False
0ce2298a4c5d,0.328,False
a01cf39caf4d,0.328,False
01134c3defb5,0.328,False
39bca6175953,0.328,False
3a6c2123145b,0.328,False
b5c0d04d05b0,0.328,False
7bbffeeecd93,0.328,False
c7a0bfbdca1b,0.328,False
d79a00500dfa,0.327,False
5d81932c0309,0.327,False
f31b3ebf82f0,0.327,False
0925df879fe3,0.327,False
4866f625907e,0.327,False
a421a43d6228,0.327,False
f84572ea4e71,0.327,False
21ce958d4005,0.327,False
4000c5cf8d9b,0.327,False
5fec2f0b3db4,0.327,False
ae72d89f0235,0.327,False
7d478fb27ac8,0.327,False
152cdfa8b42d,0.327,False
71721b2b52cc,0.327,False
b80d015d695d,0.327,False
f67a00b08ead,0.327,False
a62ad7049f79,0.327,False
4b9afe96ce98,0.327,False
451541ef1639,0.327,False
3641605f6e88,0.327,False
180e58149678,0.327,False
a280b6f9422e,0.327,False
73e5adda4a31,0.327,False
005be6564587,0.327,False
8a5405803f1d,0.327,False
fb01136b5ac0,0.327,False
45c04f2ebd7c,0.327,False
1492025db8b4,0.327,False
671806ae264c,0.327,False
bb67509966a6,0.327,False
f14c1e9a2a23,0.326,False
010e688d8cd5,0.326,False
cb9f4f949625,0.326,False
268012960644,0.326,False
7dc6c0b391a1,0.326,False
8868cb63ad83,0.326,False
32f6f5f406aa,0.326,False
f646ca987ad0,0.326,False
ec5543ae7555,0.326,False
0aef567dcb97,0.326,False
367ff7bbb8c2,0.326,False
16f40c5dacb7,0.326,False
4aae38453785,0.326,False
fbec681781ba,0.326,False
ec5dd6a28020,0.326,False
d524f9cc0d82,0.326,False
c9303d204d47,0.326,False
1fa38ccbb2e8,0.326,False
44861294269e,0.326,False
849d2b42266a,0.326,False
232f64b6b98f,0.326,False
c16149299978,0.326,False
416b5fb5057e,0.326,False
cb7001ab7ea2,0.326,False
95d169f3656b,0.326,False
30afdba43f2c,0.326,False
d4af98b5da0b,0.326,False
c35ee02393a5,0.325,False
450d02a6aa64,0.325,False
e0ad2dd0cb0c,0.325,False
42192793facc,0.325,False
51edfa265684,0.325,False
b05d338b29fd,0.325,False
4a0a61c31f07,0.325,False
df698cf799bd,0.325,False
24cbb7dac956,0.325,False
cf4deec00e9d,0.325,False
f78af11ec671,0.325,False
78f23712cc67,0.325,False
cc24c3d3aa3f,0.325,False
afb84bd47224,0.325,False
fa1489472289,0.325,False
7e1e4078f9e5,0.325,False
2ea61aa8d8b7,0.325,False
10695f573bf6,0.325,False
c5fdad07b345,0.325,False
6d228b50c23a,0.325,False
e3c2682fd4b0,0.325,False
576482202fbd,0.325,False
548745a17069,0.325,False
23cee68434d6,0.325,False
b4e8a7a1b66e,0.325,False
9db690823a66,0.325,False
603a0dc66f81,0.325,False
4e102f53ac66,0.325,False
8dd619f1d822,0.325,False
f9fabe7db288,0.325,False
0bb9a7591c19,0.325,False
2220537dacaf,0.325,False
260818a46b8f,0.325,False
c8d7efdd0ea7,0.325,False
dff133f3fab6,0.324,False
20ea7cac9c6e,0.324,False
b415c4e1774e,0.324,False
7cbbe5be7131,0.324,False
e00ac98d50c6,0.324,False
ef93718cf201,0.324,False
28a2474b39b2,0.324,False
7c4f74a379d0,0.324,False
1df58fa43ae1,0.324,False
fa42ba057af7,0.324,False
fc6b2921a422,0.324,False
5309d9c281fd,0.324,False
899f7d1fc296,0.324,False
e663f8232d7e,0.324,False
0eec9594961c,0.324,False
81fce893666e,0.324,False
2ead30deca56,0.324,False
5325a6d2b08a,0.324,False
34ef68d90e33,0.324,False
cda7387289d3,0.324,False
334024cb9963,0.324,False
b4097981c226,0.324,False
e7398183712a,0.324,False
e42f0a6acd5d,0.324,False
90db0bd03f22,0.324,False
89df991a856b,0.324,False
0c6151671f49,0.324,False
938e21820135,0.324,False
b2667c7b1131,0.324,False
ac243aae0263,0.324,False
93f36d7ab6cd,0.324,False
7c7624283e9b,0.324,False
0ecfefe4f705,0.323,False
2c98fd6a663e,0.323,False
7b0d75e774d7,0.323,False
6d1585ca6f16,0.323,False
cbddbbbeac68,0.323,False
8778fe35d777,0.323,False
d54e0c1eef49,0.323,False
541b516bdb57,0.323,False
f464b3b0ada0,0.323,False
3d7a9be5b013,0.323,False
d1bf06a47919,0.323,False
de6576ec0555,0.323,False
f0f42bc798c1,0.323,False
8b17432a8155,0.323,False
ceec578e7eca,0.323,False
452d70f88572,0.323,False
6062634238dc,0.323,False
9f0c523771ca,0.323,False
19c640ccc345,0.323,False
ddffacad8115,0.323,False
d946caff1512,0.323,False
f6ddb934f459,0.323,False
9b18d37eacce,0.323,False
ad568d0593c9,0.323,False
e37fd24da5fb,0.323,False
c46ac8ea35cb,0.323,False
c90d5502ba8b,0.323,False
bd384b7c4f0b,0.323,False
e1428457d992,0.323,False
f03a216d3443,0.323,False
55b378838f22,0.323,False
fb0141455382,0.322,False
721ea47260fa,0.322,False
e3c97a80b7e8,0.322,False
dee9ec8415f3,0.322,False
72ef2750d16a,0.322,False
e43ae1e6e22f,0.322,False
2126151dbabe,0.322,False
c1c9098d88a1,0.322,False
9fb0d2757e04,0.322,False
0586f8a25ce6,0.322,False
2a14db02cfc9,0.322,False
4d987a063810,0.322,False
d7f1b398e3b9,0.322,False
710e11811be3,0.322,False
f829e3236100,0.322,False
47023391c259,0.322,False
a6503e5d75a2,0.322,False
51ff43a5767e,0.322,False
88d8ce010623,0.322,False
2d996334c95c,0.322,False
199006085d9f,0.322,False
267309d0b0e1,0.322,False
6820332e1d8f,0.322,False
b066d3e74362,0.322,False
3bf3a5296d64,0.322,False
2455c102bee1,0.322,False
8e0bcccc18ea,0.322,False
75caceb03f63,0.321,False
ef5b318c6001,0.321,False
6097262d023d,0.321,False
8684a8fbaffe,0.321,False
a06c121a265c,0.321,False
3b7720acbaf4,0.321,False
f7548fea7e60,0.321,False
b51974b3d997,0.321,False
92d66bf3492f,0.321,False
dd8b8ab1374d,0.321,False
889321ddafbe,0.321,False
b4a158757885,0.321,False
80b072efccd4,0.321,False
c3560f3f63de,0.321,False
cf17b5ccb079,0.321,False
c443f3b3cda3,0.321,False
bc498aa93cf8,0.321,False
f996382434d1,0.321,False
d9e5557b3a74,0.321,False
1aba956b257a,0.321,False
06935d4ab020,0.321,False
0503159a1949,0.321,False
7aa53782a6a7,0.321,False
57db7a7174ed,0.321,False
bae01e0d6246,0.321,False
7558c6b4e26d,0.321,False
ca87615291f4,0.321,False
133dbf93fb63,0.321,False
c4c98833a521,0.321,False
9f7c9d409e9b,0.321,False
2028d3f3fc11,0.321,False
204de47879e1,0.321,False
1e6c96fcb5d3,0.321,False
44515e69b87a,0.321,False
e67cf7f67dae,0.321,False
9220296a19af,0.321,False
e15230737a7f,0.32,False
44aabcb76ee8,0.32,False
875237ce802d,0.32,False
6ef8b69c2079,0.32,False
35e23b2ebc82,0.32,False
0ba4cb1024a8,0.32,False
0011dde39d99,0.32,False
69b3a944ebe9,0.32,False
6c8fe393d063,0.32,False
8e11c969f194,0.32,False
4713d6a1c1fc,0.32,False
296c7f3646b5,0.32,False
ba98bde30709,0.32,False
fa54ec9ec315,0.32,False
728e8395623d,0.32,False
1dc7842c9ad7,0.32,False
3c47f03a5181,0.32,False
2724285644dd,0.32,False
c7eae5b735b0,0.32,False
1bfa25794246,0.32,False
8f332c69ddf7,0.32,False
9ebc689bf985,0.32,False
3b802a2ad184,0.32,False
1c0497a02f43,0.32,False
74fc273bdbc1,0.32,False
0570c4729585,0.32,False
3c829f2d498c,0.32,False
75453fbb2623,0.32,False
21bb830a4f7b,0.32,False
14817c9e1c6b,0.32,False
97f581a84b52,0.32,False
e64f702f0fdd,0.32,False
209081c44a5d,0.32,False
f38802bf5e77,0.32,False
6ae212716ef4,0.32,False
d6b0bc8af1c1,0.32,False
4b3de2f9b274,0.32,False
44edc7e89ff8,0.32,False
cd8840e41c82,0.32,False
9d2874bd1494,0.32,False
724351e312dc,0.32,False
486c6dd44971,0.32,False
4b6e1a763793,0.32,False
0a18c012f7f9,0.32,False
8a27fafef53b,0.32,False
27bb145ff2df,0.319,False
26b7c5b7174e,0.319,False
412371a8a4c4,0.319,False
c7ad94aac237,0.319,False
1b1806c5f8bf,0.319,False
a4d6f1887abf,0.319,False
56ae594a634b,0.319,False
6993050447d9,0.319,False
6838a679e350,0.319,False
1d662edc7363,0.319,False
57060e12812f,0.319,False
03231af5de94,0.319,False
9dd9376f19ec,0.319,False
72d9f55ca7cd,0.319,False
1d348f8fb1cb,0.319,False
0bee7d6e5662,0.319,False
4562fef34c8f,0.319,False
b21978bf8c71,0.319,False
be12ff1b7f83,0.319,False
34cf0e296479,0.319,False
bd6647d88dd6,0.319,False
bc9d2e9df7c4,0.319,False
152629dcc228,0.319,False
3236824cdc34,0.319,False
71db2762184d,0.319,False
0e92b96986cc,0.319,False
35ce2165cc93,0.319,False
024ed743e284,0.318,False
c16c504b7ac8,0.318,False
46e9312c994d,0.318,False
39d3d49fe483,0.318,False
d31575868f46,0.318,False
062d824b96b8,0.318,False
e77322b33a32,0.318,False
6374cbf9c444,0.318,False
33e1dcb8df51,0.318,False
725338edc843,0.318,False
a934bab73047,0.318,False
7ec65a4a22c7,0.318,False
1a61f77080b3,0.318,False
7c322fd42794,0.318,False
e09100a3a49a,0.318,False
d4e541602e19,0.318,False
86623ca0ba71,0.318,False
8dd1bf2fc923,0.318,False
dbe15b649fbe,0.318,False
d52769f50e36,0.318,False
9fe659282459,0.318,False
71f94c5dd084,0.318,False
bf0ef66882d1,0.318,False
abc2aae60ec4,0.318,False
adb9ee5c0d3f,0.318,False
f459873dc31c,0.318,False
f949bc77c52c,0.318,False
bc3dde0f7fbb,0.318,False
86995c5ec137,0.317,False
948f11c66fe3,0.317,False
fdc953009911,0.317,False
ae8df90e421b,0.317,False
5a2a846f2fcb,0.317,False
9755e2042e3b,0.317,False
a85652bd5dbb,0.317,False
93790d54b3c4,0.317,False
2b351a3958aa,0.317,False
d5e19941f64b,0.317,False
35af5503a2f3,0.317,False
0b0efb2b0e20,0.317,False
941206dd8a8d,0.317,False
86d291b171a7,0.317,False
a90b9615f8ec,0.317,False
e4c25033dd0c,0.317,False
ac1ffe493c6c,0.317,False
78d6a5552cd6,0.317,False
f87f19139cf1,0.317,False
514b4a4f34e9,0.317,False
85641c5d9acc,0.317,False
2ccbf0fd9b41,0.317,False
62d961968b61,0.317,False
19eb3f6b2113,0.317,False
413b283cd443,0.317,False
4259b2027f16,0.317,False
4e00d4ef50c4,0.317,False
98086caecfee,0.317,False
269857a30b4f,0.317,False
c48737c3b495,0.317,False
3308ee50bba1,0.317,False
b3cf26ed5d94,0.317,False
4d4e6031629f,0.317,False
4a3843c9b48d,0.317,False
31871b736f85,0.317,False
1d7c2928f10a,0.317,False
473a96a5c19f,0.317,False
8e64e241b8c7,0.317,False
b8d5929a924f,0.316,False
8f5b21600511,0.316,False
c52e7a904db8,0.316,False
7a71f43912e8,0.316,False
827a3b7a918a,0.316,False
a1b6a827cb81,0.316,False
04d331608737,0.316,False
c70d74ad5386,0.316,False
640a64f8fbaa,0.316,False
b0b8563bc765,0.316,False
b70557592167,0.316,False
1eb26b53974a,0.316,False
2ab110c8a8fb,0.316,False
195eb6d7e398,0.316,False
101d86efc301,0.316,False
0f87a75d4395,0.316,False
4b47d11454f8,0.316,False
6267c462dd02,0.316,False
a3070421f3d8,0.316,False
312d1b377c21,0.316,False
ed9ae4def07c,0.316,False
877d5a232927,0.316,False
0ac523c15643,0.316,False
7839260e4137,0.316,False
e1c9bff79bed,0.316,False
5a0594ad2924,0.316,False
cc3991983e83,0.316,False
62d72d8cfc67,0.316,False
62a03a75b0bc,0.316,False
7e30d0ce4add,0.316,False
0797fcfe7b06,0.316,False
c627421fa9bc,0.316,False
715463e0b086,0.316,False
d0b81c8e029c,0.315,False
7d0942d4ba71,0.315,False
385394dc6998,0.315,False
0592ce50ae97,0.315,False
fc6c8b512a46,0.315,False
8c18c68f05bb,0.315,False
690557a721fb,0.315,False
f4fd47066213,0.315,False
21eaac93f849,0.315,False
62448e7ae5df,0.315,False
a575aefea064,0.315,False
6bace9bf5145,0.315,False
f19aa6bb09b0,0.315,False
7429e83a3e39,0.315,False
07cbbe13a4ad,0.315,False
3fb91a4d491e,0.315,False
32f77ff0b168,0.315,False
9c2d9f43edf4,0.315,False
ef156d8b4801,0.315,False
bd51da7a7b82,0.315,False
861ad5b85045,0.315,False
50af680aa777,0.315,False
5301d1bff094,0.315,False
288f79f9d08e,0.315,False
8df73c725b14,0.315,False
13541c23cc6e,0.315,False
cdcd9d9d04ca,0.315,False
cb1fcd5d446b,0.315,False
e395146dd793,0.315,False
6f8f0fd2da4a,0.315,False
0ebbd4fe2353,0.315,False
bf86c35b0303,0.315,False
7d2e18b7e5d9,0.314,False
ae216059eb64,0.314,False
38eb4ce92495,0.314,False
b9819d265797,0.314,False
90134de588d3,0.314,False
69e62f70c4db,0.314,False
8cc422ba2076,0.314,False
81ea4812e143,0.314,False
58de4e1576ac,0.314,False
00ba1e774c1f,0.314,False
3b002ca19736,0.314,False
ecde5386ea81,0.314,False
eba438d3e850,0.314,False
eb6b567edf37,0.314,False
9de19c7528ae,0.314,False
a020a993c70b,0.314,False
4b8d1cd4dc05,0.314,False
a269712b0c9a,0.314,False
3c6de88fba71,0.314,False
c517b20f2467,0.314,False
d2dff162dd89,0.314,False
8f801f77dc4d,0.314,False
e46bf693000e,0.314,False
a2578ba0c64c,0.314,False
a87d9676cc56,0.314,False
01c2dfbd24bf,0.314,False
5cf943bd352b,0.314,False
7ea47001e40e,0.314,False
5d1dfdeda458,0.314,False
333e0fbe154d,0.314,False
5d15fb7c0894,0.314,False
d073956ca963,0.314,False
c9fc026f329c,0.314,False
457c2bc1b1f7,0.314,False
1e922eb3b5b7,0.314,False
1440154793cc,0.314,False
197fba137d39,0.314,False
19384f18d54f,0.314,False
063f34df13e9,0.314,False
b94fae6c13e0,0.313,False
d8d9e2a13442,0.313,False
3e0a9572612b,0.313,False
900b9a321552,0.313,False
46e3ff354360,0.313,False
b972ee5eaf6f,0.313,False
ca982bd826d6,0.313,False
4718680a7f1b,0.313,False
5728b3cad9b8,0.313,False
a1b234902cb3,0.313,False
ed84a7110038,0.313,False
b0505ca381b0,0.313,False
be5256d2051a,0.313,False
35938aafdcc4,0.313,False
6133e4680cf2,0.313,False
451f875145dc,0.313,False
c2ba370ead79,0.313,False
7ab09699aeeb,0.313,False
71cc88c30c1f,0.313,False
e41a731bd7d4,0.313,False
1ef8bea185a3,0.313,False
f8e31e335a4a,0.313,False
8390548c4b5b,0.313,False
ac88c3cb4c58,0.313,False
e97007afd3f1,0.313,False
07a23f48eff5,0.313,False
da00d893fbf8,0.313,False
8408940a8797,0.313,False
f7f45d53acb5,0.313,False
f7aaf70508c9,0.313,False
96127f64491f,0.313,False
e8b7fdafc85a,0.313,False
578cdd846df1,0.313,False
82bfd6031b26,0.313,False
395341b623f9,0.313,False
104365157cba,0.313,False
092b375bf263,0.313,False
a350e12ed111,0.312,False
47facff8ef41,0.312,False
be7d909caa85,0.312,False
f59f23ab3c2c,0.312,False
dcffc6d1a252,0.312,False
233dfef7a239,0.312,False
00ff724d17de,0.312,False
4abff5881edb,0.312,False
1e77c4c238d8,0.312,False
920a28ae9fbb,0.312,False
939b9a38dfd9,0.312,False
147a161a12de,0.312,False
c26a777052a1,0.312,False
82ba8b2238f4,0.312,False
730fc11d5c89,0.312,False
8c76d48c06fa,0.312,False
044b9c5c2780,0.312,False
90581f36e32a,0.312,False
39f1e95002d5,0.312,False
ac9edb31381d,0.312,False
d21fa0a9a98a,0.312,False
9b841231b27b,0.312,False
28fe770c45a8,0.312,False
9b67e442b365,0.312,False
7df9fd4d3250,0.312,False
8e7420c3d288,0.312,False
71df722a9c13,0.312,False
883d659c6756,0.312,False
7be3cb98a342,0.312,False
eb96ea71d2ed,0.312,False
e2bf724678bb,0.312,False
9fb7f8318a85,0.312,False
d69e52e3da05,0.312,False
e42f78538049,0.312,False
b3433e0d63d3,0.311,False
9bcadb14fa64,0.311,False
fb4d4e2e9179,0.311,False
270991fbd059,0.311,False
b36973f07b3a,0.311,False
60c94963e904,0.311,False
5981e6abf81c,0.311,False
8f2e70ef428e,0.311,False
28e398c154f4,0.311,False
5a44c49aadad,0.311,False
5a4445524e5c,0.311,False
da34c0b0c278,0.311,False
b3b336294de5,0.311,False
7e0125023b98,0.311,False
c51ed64df550,0.311,False
84125bc90c93,0.311,False
8a69e544f5b9,0.311,False
dde8ff6c3533,0.311,False
9cd4e7346751,0.311,False
2d940c4efb6c,0.311,False
7c33193284a8,0.311,False
97d33b537dd6,0.311,False
a931c597d4ce,0.311,False
926fd9059a10,0.311,False
343c114e939a,0.311,False
41c0c3eba5ae,0.311,False
0e18bf49aa95,0.311,False
6596df3666b9,0.311,False
f85e29e44efc,0.31,False
dac64d2a360e,0.31,False
62b44126fdce,0.31,False
713f0f045f93,0.31,False
267626c15e82,0.31,False
0e8c11d1e5a3,0.31,False
69dddbfc0083,0.31,False
e7f4bb4947da,0.31,False
9c393570218a,0.31,False
22eb7bcbb30f,0.31,False
cfe57a0d37d9,0.31,False
1a5f81b45064,0.31,False
2cbf0baacdd6,0.31,False
64c849ae185e,0.31,False
e84e7a2a001a,0.31,False
de5d22dd0f6c,0.31,False
ff0a3758581c,0.31,False
8ad7104a87eb,0.31,False
15c95e8cab21,0.31,False
24f82bb00741,0.31,False
af945b95c1f2,0.31,False
c254be708aa3,0.31,False
20ad347ac1db,0.31,False
e3723a6ea1b2,0.31,False
fcf1225e37f2,0.31,False
82f929951032,0.31,False
1bb5971cb350,0.31,False
6aefae9ef11b,0.31,False
7c969db74baa,0.31,False
2a9089999313,0.31,False
4a0e25cac29e,0.31,False
9430a279e4f2,0.31,False
7cbd25ffd50c,0.309,False
09f987b8f4c1,0.309,False
6b3714d94b3e,0.309,False
7c7bb9ddd501,0.309,False
622515df146e,0.309,False
04c23f19e79e,0.309,False
b406fb8fd2d1,0.309,False
2a5132a5aab9,0.309,False
4320503c0c8b,0.309,False
e5e4137bcb03,0.309,False
fd4438ef8540,0.309,False
a9ab3eb33e07,0.309,False
a7f1de1ebb4f,0.309,False
9d926e2a47d5,0.309,False
d8ffadd679c1,0.309,False
45c36f0edcbd,0.309,False
dbba64dbf509,0.309,False
154083e8ace5,0.309,False
0dd9c2f818d3,0.309,False
cf2c9bcf4d93,0.309,False
44775580a381,0.309,False
895a21f8e49d,0.309,False
ffa0cc797daa,0.309,False
b627d64089d7,0.309,False
9c4891eeeb9f,0.309,False
fffe902f4105,0.309,False
df819e610a2f,0.309,False
56e008f2faa3,0.309,False
80826c58c248,0.309,False
0b259e9961a5,0.309,False
9e0851c3cef1,0.309,False
0afe198628f3,0.309,False
38ce574d6006,0.309,False
17ed93fed8d9,0.309,False
a36226b16a21,0.309,False
3ad88ac268c9,0.309,False
0e9d498b34c4,0.309,False
22de5e1c445f,0.309,False
8330c63be278,0.309,False
f9c9386e1a51,0.309,False
268346ab6768,0.309,False
67b0390697e8,0.308,False
716929dfcd78,0.308,False
fac04bdbcdbe,0.308,False
ab464b5eb422,0.308,False
100046382e21,0.308,False
33438f1e7401,0.308,False
1236e72888c5,0.308,False
f8842d760cec,0.308,False
988ac866f82b,0.308,False
ea07c65658cf,0.308,False
5035d408bf58,0.308,False
6094b0203061,0.308,False
54c59a9a95d6,0.308,False
11f04201c0b6,0.308,False
44bdaa7d677b,0.308,False
e413d8bd811e,0.308,False
5c1411fa4852,0.308,False
58d60d39a484,0.308,False
28d4ae764a72,0.308,False
6c9b84a9741e,0.308,False
4eaee038f3c2,0.308,False
22c22063d1eb,0.308,False
c598f4be31f0,0.308,False
2e9151aab78f,0.308,False
762333257b13,0.308,False
c40d786de5a0,0.308,False
be735d3dd073,0.308,False
af8442f99549,0.308,False
9d8f8a963f28,0.308,False
2a64cf70564d,0.308,False
92ea47fa446b,0.308,False
bd409ce33f5d,0.308,False
74e9da20d25d,0.308,False
d684b667bf73,0.308,False
e1a2cde4de52,0.308,False
dda8d5c5c16b,0.308,False
433989e9379a,0.308,False
54a394eeaa07,0.308,False
07e44fcdb8b3,0.307,False
854b1c42eecb,0.307,False
c458c18c9aa2,0.307,False
73ef5c0efed8,0.307,False
b57fdd8c8efa,0.307,False
e5dedc2c1f1a,0.307,False
22e36aecba22,0.307,False
501b07044b1e,0.307,False
5049d8c7f0ed,0.307,False
891f54bd994d,0.307,False
bccdf1e75037,0.307,False
27a28b05e595,0.307,False
63a74b3c69d4,0.307,False
5b3bec944b49,0.307,False
0503fb5042e4,0.307,False
d3a2c1154623,0.307,False
6ee4b1a284f0,0.307,False
eecf50561928,0.307,False
221081d2e23a,0.307,False
33acec7a34f5,0.307,False
2b6810b7ae31,0.307,False
4c51641f5068,0.307,False
1bf69c5f9b38,0.307,False
3653b0d0cdad,0.307,False
6420e5d039d2,0.307,False
8819c2d01451,0.307,False
29e09c31fdef,0.307,False
f5143bac2263,0.307,False
b6e7e339a2a5,0.307,False
b4ec1a75a4b6,0.307,False
bfd01709c517,0.307,False
c8611e826ccf,0.307,False
0d6fa326e2ae,0.307,False
c6816d98527d,0.307,False
11c862fb966b,0.307,False
4efd2272b6e6,0.307,False
edb0cd8f160d,0.307,False
0377ac06e5c0,0.307,False
1e41ed38c72a,0.307,False
f1e56dc66ca2,0.307,False
b1dc1ce8c07e,0.307,False
3bbcc1b9a2c3,0.307,False
5ddc86c8149c,0.307,False
f3fc5a32e1ed,0.306,False
73839cce3efa,0.306,False
91ac8366c1ae,0.306,False
927a61a236ba,0.306,False
50824726d1fc,0.306,False
203fa142f74e,0.306,False
54f08a2aad4c,0.306,False
422bd482d9c0,0.306,False
fe8ec6e1fda9,0.306,False
c4971607e38b,0.306,False
5438fc10cf6a,0.306,False
3d7ad395273e,0.306,False
4c3f7353c1a7,0.306,False
090e10f3c517,0.306,False
8cbf2deff792,0.306,False
0a15fdd56578,0.306,False
eca9b8c26072,0.306,False
7aa7f6400b48,0.306,False
f58e13e5df45,0.306,False
a09839091598,0.306,False
d8ed42a70419,0.306,False
23b52579593a,0.306,False
6bc843719cb3,0.306,False
b20232e39269,0.306,False
b116f4f5b78c,0.306,False
39935e645055,0.306,False
2b696c410d67,0.306,False
b038097f0c44,0.306,False
ec02e17457a5,0.306,False
fb72640fbf95,0.306,False
0564d2325b30,0.306,False
2722152b8969,0.306,False
81a9d3dd5547,0.305,False
474243f5c42d,0.305,False
938db503fd45,0.305,False
38f9f4dd26fa,0.305,False
385a672333e0,0.305,False
e1d741fb0132,0.305,False
2c44499499b3,0.305,False
a04da1571055,0.305,False
1f1965694175,0.305,False
995a692f138e,0.305,False
90639bcf034a,0.305,False
2b82683883ba,0.305,False
c081ced5021a,0.305,False
c90d85799f61,0.305,False
e46ed4d91d4e,0.305,False
c72790a91142,0.305,False
865a5078dd8c,0.305,False
a717e490dd17,0.305,False
6b6a86d5d140,0.305,False
df63f5cbe44e,0.305,False
d022ed92907d,0.305,False
970df34a629b,0.305,False
9546cab0c972,0.305,False
65d4fe161b38,0.305,False
719b19f1e696,0.305,False
779cfd93a882,0.305,False
09a58f74d2e0,0.305,False
06c807910269,0.305,False
40dd8d24ac0e,0.305,False
68cc3bd24779,0.305,False
9a372e0faafb,0.305,False
9eeb54ef2d06,0.305,False
7b82eac686b5,0.305,False
d574306de087,0.305,False
3dc6f50061f5,0.305,False
714374056b7a,0.305,False
a796456e17c8,0.305,False
5546c8721df1,0.305,False
a0cadec59fa8,0.304,False
9efc22478f1d,0.304,False
306c82f3f45c,0.304,False
bd430739b494,0.304,False
269503c14175,0.304,False
96abf71e0532,0.304,False
77484086c118,0.304,False
3282a77d8ed6,0.304,False
09352a549b3f,0.304,False
5da3131a6a69,0.304,False
9fa2b9b47706,0.304,False
6e122bfa499b,0.304,False
b027b4173f18,0.304,False
3d5bd056ea8f,0.304,False
f5f3663afec6,0.304,False
d13f36a28587,0.304,False
73d1d68a3d08,0.304,False
7bb0122a1e33,0.304,False
b60a74b72aa4,0.304,False
1c33406b9269,0.304,False
01da5770b4b6,0.304,False
5538b7a583d2,0.304,False
d87612fb3d6f,0.304,False
df497fe894c0,0.304,False
2311336799bb,0.304,False
f1863d6808f9,0.304,False
a977240e447e,0.304,False
28e910538fc8,0.304,False
d5703b705629,0.304,False
d186f243288b,0.304,False
dcbdc66cb563,0.304,False
7996357883af,0.304,False
0664f75c044b,0.304,False
cceb0449c2bc,0.304,False
07ef184313e8,0.304,False
30608001fc3c,0.303,False
6b0e576af45f,0.303,False
dd731409bf8e,0.303,False
73c0d2aa9712,0.303,False
71e89279a98a,0.303,False
b98509ee5c1a,0.303,False
95bf4890bc4e,0.303,False
d74c14d3b560,0.303,False
49f28a5c7778,0.303,False
ee76599e82f1,0.303,False
5083ef85b72a,0.303,False
d7290c06d0d8,0.303,False
450bd96376c5,0.303,False
3c6d5b32430c,0.303,False
33dc34e1d3ec,0.303,False
1982226c963e,0.303,False
227ac122dd40,0.303,False
c4f6433dbc4b,0.303,False
29de79dd0645,0.303,False
6efac3ea4057,0.303,False
298b10bf31b4,0.303,False
64fcfb5b4541,0.303,False
2b948fa0b8ae,0.303,False
6fffec579f5c,0.303,False
67019e49fe96,0.302,False
a2641de259b6,0.302,False
d9b123978a8e,0.302,False
921220184c6f,0.302,False
3f17f8f644ae,0.302,False
41e5874aa29e,0.302,False
6b5aac534665,0.302,False
dea7dd28da42,0.302,False
41daf6cdde23,0.302,False
d482235b5bf0,0.302,False
d7cbb9f51f60,0.302,False
ad8d223c8d2f,0.302,False
5bcf87f3d8b9,0.302,False
9027d794c5ea,0.302,False
d6eef19591d8,0.302,False
5c839c1e2075,0.302,False
975ec09b70c2,0.302,False
fdc729604a9b,0.302,False
0ae79b14ab92,0.302,False
fb445264a3a3,0.302,False
02a752a937c8,0.302,False
203e030166ce,0.302,False
a28ffc8cc08d,0.302,False
0ed60764eab6,0.302,False
b76e9bcc1a99,0.302,False
0c0bb19be774,0.302,False
1ee88b5e4f7c,0.302,False
e2a922fd7714,0.302,False
57ff54a4dd44,0.302,False
105828d7752f,0.302,False
da70bd509c06,0.302,False
a39ac7c1c927,0.302,False
a13c6110a8ba,0.302,False
d5e2ca56404c,0.302,False
b4415b572548,0.302,False
c2056e6be239,0.302,False
afb973faf1af,0.302,False
32d6a3608744,0.302,False
533794c327fd,0.302,False
8cdbc47b52cc,0.301,False
dd1885c21aa7,0.301,False
6eed5ff4cec4,0.301,False
c54102a6a6be,0.301,False
290455d60b12,0.301,False
3b0382fba6cd,0.301,False
01cfe3052320,0.301,False
75dcc804b0f6,0.301,False
1c8ff6d8eba3,0.301,False
9e56ab3f7cda,0.301,False
18ee11d11acb,0.301,False
41ebd62c62c2,0.301,False
a36a61fec5f1,0.301,False
0cf49eeedbe0,0.301,False
bedc17c504d4,0.301,False
a0b75542ab35,0.301,False
73241b00aac3,0.301,False
68620012981b,0.301,False
4867887da739,0.301,False
e935bc970378,0.301,False
5375e67ab019,0.301,False
57b6a8c336f3,0.301,False
7fe866208a00,0.301,False
46fa6fd03f6e,0.301,False
fc98c18f668a,0.301,False
1f7de2867d35,0.301,False
c2678333e6a3,0.301,False
289f87f02082,0.301,False
28562794bf39,0.301,False
5f1a458e3a03,0.301,False
1191dc0a1811,0.301,False
31840a9bded7,0.3,False
521806b10a6b,0.3,False
810ac2689e89,0.3,False
74894aff299d,0.3,False
5166c77dfb93,0.3,False
6796a79f321d,0.3,False
6e196e9237f5,0.3,False
b0e59dc7868a,0.3,False
adf6ceaa2554,0.3,False
bfdeec266c4e,0.3,False
b40938672ea3,0.3,False
c3ce259200d4,0.3,False
bba221b7e727,0.3,False
cc2e07a6bed3,0.3,False
fe59056e43af,0.3,False
d39dac7b1015,0.3,False
4f8f902c0ccc,0.3,False
2789d1e8377f,0.3,False
27cb0a52685a,0.3,False
fb79d3ecdc3f,0.3,False
6484e3cb0657,0.3,False
a3c7a41b0881,0.3,False
bdb33af84672,0.3,False
8b2d4b6163c4,0.3,False
1b6c929b6571,0.3,False
69b06cc9fe42,0.3,False
0926c3fbb0b1,0.3,False
0dbf922c2d2f,0.3,False
347f145631d2,0.3,False
1a871655676a,0.3,False
52d692d4ee64,0.3,False
62bae826fcec,0.3,False
7c4a1501a973,0.299,False
33fc1b2fed0f,0.299,False
3007b93ac0cb,0.299,False
71cc906de8c9,0.299,False
3840a3266774,0.299,False
0eca37e147f3,0.299,False
9124d0fc2045,0.299,False
76a023fdff07,0.299,False
ec621989114d,0.299,False
c2873072d9c3,0.299,False
32e9002f6d46,0.299,False
698d9ab71bef,0.299,False
2a04917d1735,0.299,False
bd2f9eda921c,0.299,False
7c6cf2b20074,0.299,False
ed80353060b7,0.299,False
9734b06a08b7,0.299,False
f1ec1af0adc1,0.299,False
ad1cf957ae18,0.299,False
1a9547c2c542,0.299,False
6fc56c662c79,0.299,False
a7b514d6d6da,0.299,False
5870f03ed870,0.299,False
4899afc65158,0.299,False
28c8c8f89a91,0.299,False
eab63df8d90b,0.299,False
b63544c3d900,0.299,False
b867bde253f3,0.298,False
e0c1f9abf4ab,0.298,False
a95595eb7767,0.298,False
0387447cb02e,0.298,False
719d6b4f4499,0.298,False
1fe6d0be4cdf,0.298,False
4ee80dd316d0,0.298,False
1a603691eb88,0.298,False
555d5760cd9e,0.298,False
36951c906d1e,0.298,False
29a29969445f,0.298,False
02780eb2f4f2,0.298,False
00bebac74ba5,0.298,False
364075f85872,0.298,False
10072bc04f84,0.298,False
e01af5143afe,0.298,False
270140874aad,0.298,False
6a64e9d6ffb3,0.298,False
6ae38f624cca,0.298,False
99b84dbb6166,0.298,False
c4b0fd07e288,0.298,False
c4a452ee5709,0.298,False
e8c3272ece5c,0.298,False
a0676501e284,0.298,False
43adf1a0c22f,0.298,False
c080a87f6da7,0.298,False
97f5a636fed5,0.298,False
db88cfd9a41b,0.298,False
a5ccd4c9c6ec,0.298,False
974c52dcbf4f,0.298,False
836cc6d8e999,0.298,False
1ea437d8cb07,0.298,False
ab08eb2c6b7a,0.298,False
623f0a71641e,0.297,False
3564321087d6,0.297,False
6de4914a61ff,0.297,False
b8da08e2798c,0.297,False
6fd06b4d66d9,0.297,False
92972a6edac7,0.297,False
e59a0a137c8e,0.297,False
6973c6946b87,0.297,False
0de5cc8da923,0.297,False
307abc0a14ca,0.297,False
d2e8feccb218,0.297,False
03461f7dfd45,0.297,False
81e2c75fcd17,0.297,False
8e1560f674fa,0.297,False
131711ed5cfe,0.297,False
7ce9d3643590,0.297,False
e9c32b4e2f7c,0.297,False
0e4ca464a9f8,0.297,False
47fb967a18dd,0.297,False
568764b2b31a,0.297,False
ebfccae24cf9,0.297,False
544e95bf250e,0.297,False
d56f0bbf2b28,0.297,False
68667e354d75,0.297,False
6d43361772be,0.297,False
2820f19f41c5,0.297,False
764832245bf8,0.297,False
da35667983aa,0.297,False
0015fc0a5b4e,0.296,False
420ce76c6ea2,0.296,False
583e7fbf6ce3,0.296,False
14f7b7755c1a,0.296,False
ed4611dc6843,0.296,False
ce575ab50410,0.296,False
b27d4efdc8f0,0.296,False
036d66c045c9,0.296,False
ee3e097cbe59,0.296,False
dae680edecd4,0.296,False
2e3929419417,0.296,False
a3e0211bdc11,0.296,False
71670a13b0c7,0.296,False
f626856abeed,0.296,False
455f85ee80af,0.296,False
26bd8f070dec,0.296,False
d309b319e225,0.296,False
0acd388c23b3,0.296,False
d561434232ef,0.296,False
8ba548c95d05,0.296,False
a0551e119bae,0.296,False
7fd67f82e8fd,0.296,False
56373939b048,0.296,False
7f039236aa59,0.296,False
9629371f0d9a,0.296,False
363bf9919cde,0.296,False
cd9905a6d11d,0.296,False
483e52bdd062,0.296,False
cfd83ca80bce,0.296,False
1529dacee291,0.296,False
d099d158009d,0.296,False
31d401dcae16,0.296,False
a7978b67d054,0.296,False
28590d5f54a2,0.295,False
aad3ead08116,0.295,False
e9dc413bdaf3,0.295,False
e9168fdb0c98,0.295,False
5ce5eb7c274c,0.295,False
93f28da45e64,0.295,False
47ffbb5f83f8,0.295,False
47b684d26401,0.295,False
a8c172620080,0.295,False
964781663c8f,0.295,False
5690e73fc587,0.295,False
3c2681afa81e,0.295,False
bbce1c5b05b7,0.295,False
d58755445fd0,0.295,False
99fdb86f26e6,0.295,False
1f66ddafc33c,0.295,False
b7f26fc2da31,0.295,False
695f31442d93,0.295,False
697f921b807b,0.295,False
476fcb0ffdfd,0.295,False
d9a718c1552d,0.295,False
1d1cb5223b72,0.295,False
042b584843db,0.295,False
97207bb44aa5,0.295,False
12717a7e060b,0.295,False
42b328222780,0.295,False
043cc8dfd525,0.295,False
88a81bf9c633,0.295,False
c8d81a0b5bc6,0.295,False
31d7b3c84ee3,0.295,False
4ecafd3ee420,0.295,False
5ee6c2ac740a,0.295,False
69e2d385df82,0.295,False
9a51408d76c1,0.295,False
80e4bf16cd66,0.295,False
0ba4c62af98a,0.295,False
c0cd87624b16,0.295,False
88ccb0c05862,0.295,False
90dfa9523765,0.294,False
ba513bd2a9a2,0.294,False
0ac50f3db110,0.294,False
58cf97ebb608,0.294,False
cb70762ba6f1,0.294,False
b0bd0847444f,0.294,False
8fc1c3532388,0.294,False
33b4844e3ac3,0.294,False
ef93a00a9cef,0.294,False
767536112baa,0.294,False
f1464e9aea8f,0.294,False
a133981e8ff9,0.294,False
11e37427d82f,0.294,False
74c3110dae73,0.294,False
dd7c1d9d8e8e,0.294,False
5fe8045f679a,0.294,False
fc14fe3879f6,0.294,False
6d0be4494bf8,0.294,False
ab3b823f2b3f,0.294,False
ce4b4363c48b,0.294,False
d15b82a9ac90,0.294,False
010b6e64a0d2,0.294,False
759b049c965b,0.294,False
4783057f0f6e,0.294,False
45e596219380,0.294,False
9e3fb7bbed12,0.294,False
3b57afc0f6eb,0.294,False
ffb5d900534a,0.294,False
49187141ede8,0.294,False
c178ed683608,0.294,False
d79e741775fd,0.293,False
e1d083826688,0.293,False
a04f714d042f,0.293,False
2cebbdc50b72,0.293,False
f74ae73e2597,0.293,False
abc7cad24a9e,0.293,False
b91527808cfa,0.293,False
2c1cfdccb47c,0.293,False
19c11357f425,0.293,False
26f404e6a2d9,0.293,False
90d454063349,0.293,False
4b2626255620,0.293,False
639eeca9c583,0.293,False
dec5f615738f,0.293,False
c1a6e521bfeb,0.293,False
d503f2f38bb9,0.293,False
f361b0deedb4,0.293,False
e08d2be2280b,0.293,False
be71c3a485d3,0.293,False
992c914914d1,0.293,False
ed370720698a,0.293,False
8662713fe4d3,0.293,False
ae12149aef6d,0.293,False
a95dbf8dddcd,0.293,False
75612e20adbb,0.293,False
d02e40ed36aa,0.293,False
9fa40cb558e9,0.293,False
2023634041f5,0.293,False
5ea92479f1d0,0.293,False
e49d36dff029,0.293,False
0ee520c8b9e8,0.293,False
f806af88275d,0.293,False
a1604e2a48f2,0.293,False
7d81911834b9,0.293,False
4e334a7b8c64,0.293,False
86a669c52774,0.293,False
c0d8922d0af9,0.293,False
0951d7cc071a,0.293,False
6a25bd3ac5e7,0.293,False
fcd33bb5c67d,0.293,False
d02c55a82be3,0.292,False
a120429131eb,0.292,False
cba5f02f231b,0.292,False
f54316e28904,0.292,False
22c79795582a,0.292,False
45fff78d93ad,0.292,False
c7be7a5c4959,0.292,False
6fde082d0659,0.292,False
9426f2474c87,0.292,False
6ee60a95ef22,0.292,False
572ac2e0f191,0.292,False
3050b2ff8c27,0.292,False
c10dd525f5d5,0.292,False
ee0f3d8d21ab,0.292,False
30cdf154a948,0.292,False
21220ff4d5ef,0.292,False
16dee69bcb4f,0.292,False
beb35f02aca9,0.292,False
300c9779663a,0.292,False
3e2c47cd9004,0.292,False
a96709c75ccf,0.292,False
67196b153cf9,0.292,False
144d72940879,0.292,False
ecc2fc935527,0.292,False
ce8ea8e8ab77,0.292,False
bdf4066324b2,0.292,False
5344c4eff2d1,0.292,False
662f242cc35c,0.292,False
1059cab95514,0.292,False
aa4fe12cfc87,0.291,False
bfab5b35ad7d,0.291,False
242f32afaea5,0.291,False
8e7ea20a7ed3,0.291,False
13b8133f0244,0.291,False
6d667617fb03,0.291,False
f209c8614b83,0.291,False
a2ab5cd44083,0.291,False
ea0ded733e49,0.291,False
3a850fd332fa,0.291,False
0dceec4f1226,0.291,False
46f7f72897ab,0.291,False
ed54ed7f3afc,0.291,False
588e32e04bce,0.291,False
4f45f7c9b500,0.291,False
e886a477c12b,0.291,False
e64be870016e,0.291,False
1cb75ca6931c,0.291,False
b13ef0eba20b,0.291,False
9767fd3420ff,0.291,False
5e3340188f28,0.291,False
8702e7c9aaaa,0.291,False
e01ac3bd105c,0.291,False
fa2fa64f6fd6,0.291,False
220403064fb0,0.291,False
0aab4c548b7b,0.291,False
a6f0421e7ed6,0.291,False
7048b147b43a,0.291,False
cfcab75261f3,0.291,False
4dd3d996f8d3,0.291,False
b02ade74667e,0.291,False
115a8be603f9,0.291,False
57a518463f39,0.291,False
dc2878421d07,0.291,False
84c6a3ceea0d,0.29,False
f31dc73328ed,0.29,False
d2487e042269,0.29,False
4b6ec429b828,0.29,False
0fe5641ca2bd,0.29,False
cfcd0edc8603,0.29,False
5349d07da2eb,0.29,False
fae991810927,0.29,False
c4de4a71bb4b,0.29,False
79932fee5693,0.29,False
985f222ead2d,0.29,False
d5298edaa0eb,0.29,False
30c6c4d088f5,0.29,False
5be7f0ed3c46,0.29,False
7ca1c0c5df4b,0.29,False
effb1902b905,0.29,False
2aa44eb2a901,0.29,False
092f31c85e0f,0.29,False
398f8cc56785,0.29,False
945f53bfb4de,0.29,False
4c072d3c5d53,0.29,False
15f0a49ecc4d,0.29,False
e0ab5dc0ff27,0.29,False
f5ec3b6aba4a,0.29,False
a67e03403582,0.29,False
586d53c18c63,0.29,False
f4cb79638fd3,0.29,False
6372104d1913,0.29,False
41aa3b8b6388,0.29,False
157cf8ba8805,0.29,False
50440e45b835,0.29,False
7f16c6cd0265,0.29,False
7a7e2843e87d,0.29,False
0d8ae97ea437,0.29,False
9abd853a576f,0.29,False
f936da550ab9,0.29,False
e33b7f7d830c,0.29,False
b954a8a8c0c3,0.29,False
bd2678c4e38e,0.289,False
f1f459f025c8,0.289,False
bd7f739a69c7,0.289,False
00f91afebd70,0.289,False
9c1446fb3203,0.289,False
18422a3138a3,0.289,False
c872b42a1325,0.289,False
c2000f146485,0.289,False
b941b183eefb,0.289,False
5c34b9932454,0.289,False
4ccf96ad17b8,0.289,False
97fe9747e149,0.289,False
4af0ebda1887,0.289,False
5dbac4167442,0.289,False
14f29e470448,0.289,False
ec35d3febdf9,0.289,False
c4db8cb37981,0.289,False
099f928136e3,0.289,False
571fecd7eab6,0.289,False
8abf14028079,0.289,False
2b4b171b0f86,0.289,False
71c62c15a99f,0.289,False
dec5436cf0e3,0.289,False
71a700064a0a,0.289,False
3b118bf480ee,0.289,False
7121d9d2d9fc,0.289,False
d57437b3dcda,0.289,False
04a5493d33f8,0.289,False
e5125a986c06,0.289,False
922e5d546be0,0.289,False
a0ff89d1f9ec,0.289,False
3ea32f0f0ad1,0.289,False
3ea8f8cf0309,0.289,False
909c4b5508d5,0.289,False
1e9125c54d74,0.289,False
cb3db4eb0b7f,0.289,False
d8c59e27ec64,0.289,False
84470fd9274e,0.289,False
f6990a55970c,0.289,False
f388cea31348,0.289,False
0b12fb9b9b54,0.289,False
7b0fa306befa,0.288,False
41f4ed133910,0.288,False
652770d79dc6,0.288,False
674144bfc131,0.288,False
61e1d2a3be52,0.288,False
cbe47e35e23f,0.288,False
b2d00a82e772,0.288,False
5e0cec664172,0.288,False
b21f57a6c2e9,0.288,False
82b63eec4a75,0.288,False
83482257044b,0.288,False
f1747eed6220,0.288,False
7c7f0711e20a,0.288,False
ebf6cd80bdde,0.288,False
163301b257bc,0.288,False
e9d048308040,0.288,False
9c03d0a4cc0b,0.288,False
83ac13eb97c6,0.288,False
c108265db1c8,0.288,False
df234d8529e2,0.288,False
2cf3605be1b6,0.288,False
2d75d841f68b,0.288,False
aa70f4aa4351,0.288,False
6639b0b1c32d,0.288,False
a36ee2c3b8fb,0.288,False
2ca6701cce7f,0.288,False
27cd4a365a29,0.288,False
37d25228e79c,0.288,False
366b4e690eec,0.288,False
56f26d142c8d,0.288,False
4f4443c71ecc,0.288,False
335022490640,0.288,False
83f2dc5e499d,0.287,False
a850df644a33,0.287,False
b7da1f189fa6,0.287,False
17dcdc0a0a61,0.287,False
9c0b59b92dec,0.287,False
0d92509a789d,0.287,False
4f770d366d82,0.287,False
d6bd7013b951,0.287,False
f6c5927dab7c,0.287,False
f18b49e7b414,0.287,False
843048a1fd1d,0.287,False
dfc325369bd4,0.287,False
2bf01407dc24,0.287,False
d3a8fbcef217,0.287,False
d9ea92f3659d,0.287,False
2614af221d05,0.287,False
650cc8991f51,0.287,False
e04b1b8c6934,0.287,False
e188876258d9,0.287,False
1f4227b3037f,0.287,False
9f99dfe68403,0.287,False
41a7419e5ea2,0.287,False
6161e1933b91,0.287,False
cbc154b78250,0.287,False
1d753d44eae4,0.287,False
fcf5cff0b581,0.287,False
be44745c9e61,0.287,False
14bc23ea1842,0.287,False
4588aa66f47c,0.287,False
83086a7db65b,0.286,False
bcb0c1c3410d,0.286,False
159e6ed08fae,0.286,False
e7fbba733ada,0.286,False
d6c776e99774,0.286,False
d7e1b55258ee,0.286,False
0c2e657fc836,0.286,False
0754b536f151,0.286,False
ad9a17585817,0.286,False
3a80402772c9,0.286,False
7033a70652e1,0.286,False
2f405fef3407,0.286,False
6c16eff5ce61,0.286,False
f6b032b7d060,0.286,False
ba54feb12db2,0.286,False
58f3e897a108,0.286,False
9f5ea81cc8d8,0.286,False
625275ecb224,0.286,False
1dcc56682f17,0.286,False
e77f5f65ec25,0.286,False
1d1e1c0cdd9e,0.286,False
0f8d8488d719,0.286,False
5aabf48ce3f5,0.286,False
f1ecf476455a,0.286,False
9b7e8cf3b6d3,0.286,False
9c306883afd4,0.286,False
ec1065af0178,0.286,False
605e7cf50961,0.286,False
4d7adcbc9a48,0.286,False
c2339fbccc97,0.286,False
61c7e3b377bd,0.286,False
1dd29e13d3f8,0.286,False
3d65fca3a6fd,0.286,False
a1365b979b71,0.286,False
89ab475c2433,0.286,False
23029ced4a6f,0.286,False
e0c967419a1a,0.286,False
5ea221cb03c5,0.286,False
08cd81d984b8,0.285,False
441a8c704cb6,0.285,False
27ff3279fcae,0.285,False
69001e1e6064,0.285,False
d3764c59f3d6,0.285,False
683f51d10978,0.285,False
2c1ee9a270b5,0.285,False
edd5e38ceb4f,0.285,False
ee115ae587e6,0.285,False
b854cc03e688,0.285,False
8f6f3d92450a,0.285,False
c1cf2a623ffb,0.285,False
fea1a4ca1781,0.285,False
8e78e1b3dd16,0.285,False
ff9204cd5145,0.285,False
39abcf74f543,0.285,False
d3a1b7a54d92,0.285,False
b0dd2bcc5283,0.285,False
ef0b829141fe,0.285,False
f0e5eabb3454,0.285,False
7f24d0fae7ba,0.285,False
494635a3071a,0.285,False
eb6c5bb2e392,0.285,False
9f23ad433497,0.285,False
35b3bb6fcab8,0.285,False
a2831ee9e3c3,0.285,False
20b1aa33907e,0.285,False
e9133d19d531,0.285,False
b3734faa2ed3,0.285,False
8bd946e07cd4,0.285,False
a321d286df4e,0.285,False
eabc878c29c4,0.284,False
827fbad7f3b5,0.284,False
81a1fa36c8a3,0.284,False
7e1a9462de60,0.284,False
f7d7abeb8c8f,0.284,False
c5f276fd1902,0.284,False
b69623d97446,0.284,False
98b0b2d6fd88,0.284,False
5b29d8e1f366,0.284,False
5fdfd7960903,0.284,False
cf8914c12b1e,0.284,False
25bdcc1500b8,0.284,False
657d91bcb6d9,0.284,False
2018e6eb69c5,0.284,False
897aad947b94,0.284,False
c7aa942bbe84,0.284,False
ccdf0210787a,0.284,False
1c7ba3ddda94,0.284,False
26e085166fb1,0.284,False
3716598b2ce6,0.284,False
8b941e11d506,0.284,False
aa915afdaab6,0.284,False
6cf9a49c33fb,0.284,False
a8458cfe62e5,0.284,False
bf7a24d58203,0.284,False
0616600eb8ca,0.283,False
3579a7ff5221,0.283,False
310a607bbf12,0.283,False
26ec3688da15,0.283,False
3b6ddd7e82fa,0.283,False
d1c8d40c6f96,0.283,False
a6b3655e2d62,0.283,False
3b23a24f8f8a,0.283,False
d48cb10c32e3,0.283,False
6a6017159ce7,0.283,False
df4c612fb90b,0.283,False
237089af32fc,0.283,False
65c1a7c83d80,0.283,False
67a9dedcef69,0.283,False
65344f17f39f,0.283,False
25eef42c37f3,0.283,False
ec7eef839f9c,0.283,False
b3bfa9ad2f41,0.283,False
e7edf5dc7073,0.283,False
9dbe062c9e5d,0.283,False
45b579d24931,0.283,False
46ba01c16437,0.283,False
406c2268ebce,0.283,False
40349a1f1de2,0.283,False
78ac721b3e01,0.283,False
f8e7040545fa,0.283,False
155f747e41b9,0.283,False
c3324c4f84c2,0.283,False
4b0f7ab6483a,0.283,False
96b65d0404fe,0.283,False
4df805779cc5,0.283,False
01b4ccdf4d35,0.283,False
4e7c05b3729d,0.283,False
99159c2af7b4,0.283,False
54001a4163a1,0.283,False
8240057c3bb6,0.283,False
f1018afcaa8e,0.282,False
4a6a42d06fe5,0.282,False
b5a7f16b0f31,0.282,False
554724f42c0d,0.282,False
c290764d09b1,0.282,False
9b16e16dbbef,0.282,False
b02369d25b95,0.282,False
a4cead2cc58e,0.282,False
641f12d857f1,0.282,False
9f400657fa26,0.282,False
03484b34c97f,0.282,False
9bda84c34b8c,0.282,False
adb2795f25aa,0.282,False
d9f6d2317b48,0.282,False
a7e817d52b4d,0.282,False
ab02f22778b2,0.282,False
6eb2b533d50a,0.282,False
d7adcf8031b8,0.282,False
95d33c99cd64,0.282,False
0b7b2f9a18d7,0.282,False
bcb3e6604b0c,0.282,False
82161f2ba741,0.282,False
7be01eaed882,0.282,False
e6bd1aacac0a,0.282,False
cc1cf8e0f40f,0.282,False
d18359f401e4,0.282,False
5886b166b6e4,0.282,False
07d3e1751d1a,0.281,False
e2d845eacf10,0.281,False
9626a83d8c0d,0.281,False
697c66328bc5,0.281,False
3a74ceb9cc0f,0.281,False
a96eceee18d1,0.281,False
a8e558945149,0.281,False
bfbfd4cacd5d,0.281,False
b1cccac7161a,0.281,False
04d47f5cacb1,0.281,False
af29c6e7b708,0.281,False
7b57b8559752,0.281,False
1246889e4569,0.281,False
779c4cd9e33c,0.281,False
596d66c278e4,0.281,False
5c4fb6f35884,0.281,False
c3d9aee1a6ba,0.281,False
12c786dbd2cf,0.281,False
62c99b8e119a,0.281,False
4423850334b0,0.281,False
60e8740f6386,0.281,False
16587d44a327,0.281,False
450b5e5f8a96,0.281,False
6535c7b41fed,0.28,False
d802c1c55730,0.28,False
4eb971a3f9ee,0.28,False
585436305a28,0.28,False
103d54b0a1c9,0.28,False
f076f8aa6439,0.28,False
2eda92858ad4,0.28,False
a79f87e67964,0.28,False
ad898248e019,0.28,False
06abe83af6c2,0.28,False
f4382df4087b,0.28,False
6834d6ebb2d3,0.28,False
fb4662dce7d0,0.28,False
66fda295b387,0.28,False
df1fc7925e6a,0.28,False
3b84301365d2,0.28,False
cdc2b676415f,0.28,False
65c0aeeb8bb0,0.28,False
6462a28a4b8d,0.28,False
1396e3ddf4f5,0.28,False
9acd18fa1d99,0.28,False
ed859c98331c,0.28,False
ed54ad6c13c8,0.28,False
5dd4fe4bc6fb,0.28,False
b76db7351f34,0.28,False
ed8cb511a745,0.28,False
5c7a7b975136,0.28,False
7fc0a8ee8b7e,0.28,False
c57c30e8c403,0.28,False
63c993bac549,0.28,False
7dce12eaee53,0.28,False
9e78c258c725,0.28,False
e5e8dcf5343a,0.28,False
087278f0a59e,0.28,False
fc3ef03fe064,0.28,False
cca7e963178a,0.28,False
34362fd0c83b,0.279,False
8d807918bab7,0.279,False
f1bd43d11218,0.279,False
0eebc873f6df,0.279,False
0a36a8b98d80,0.279,False
87d2aca8cb01,0.279,False
4c774b0e6f60,0.279,False
f21ca6aa715c,0.279,False
b66865a965ac,0.279,False
4a072e18b1bc,0.279,False
49437eea9fe9,0.279,False
e963d2f1d605,0.279,False
b4a6794bd662,0.279,False
c75e4a6d27d6,0.279,False
ec6775bad39b,0.279,False
19f16eadceee,0.279,False
7a57dc6d9f85,0.279,False
e5a6e428aa21,0.279,False
20e7d4613382,0.279,False
cca2b433119e,0.279,False
63558d785b6c,0.279,False
f912b41771e5,0.279,False
e6dac48cb214,0.279,False
3fd008ac8c32,0.279,False
e0f83d41a396,0.279,False
6c2e6f65df89,0.279,False
27c6b19ca75c,0.279,False
fb7b15694bce,0.279,False
a78dce2bb6a1,0.279,False
af29658ee15b,0.279,False
ab6b5837f9b0,0.279,False
6a2ee5cf8275,0.278,False
53a1fbc15f8a,0.278,False
f2556008bd99,0.278,False
8db73f4fc97b,0.278,False
b8b834fa44ef,0.278,False
b8b48645c570,0.278,False
5a8c630c5968,0.278,False
b7f03195986b,0.278,False
8cdea9f82ac3,0.278,False
492ca3cb008a,0.278,False
ed2c49025c65,0.278,False
ade6e0ae5d53,0.278,False
2da4eb398517,0.278,False
04bc77cf498d,0.278,False
3cb1f28db5cb,0.278,False
e0a174521c3b,0.278,False
235cf75f8d25,0.278,False
d41a9a7d7d5a,0.278,False
6966283c9075,0.278,False
f31b6bcbca21,0.278,False
f4e2cbe0892f,0.278,False
31d744872ad1,0.278,False
33856154c4aa,0.278,False
df46f90a6e4e,0.278,False
2290c2849091,0.278,False
e33e5dfe4cc1,0.278,False
ca01bfcbc7cb,0.278,False
e510f2b78ad7,0.278,False
788e158512fc,0.278,False
45c9f76ed79e,0.278,False
7ccd5280f5d3,0.278,False
ea33484b5f1a,0.278,False
f7e801d9a9d9,0.278,False
e995532bc488,0.278,False
a3a4a496286d,0.277,False
3e4e1efb1636,0.277,False
2f3a560f4737,0.277,False
a7427608c012,0.277,False
2c0388b7d36f,0.277,False
d288e72cc31b,0.277,False
71e4868c82d6,0.277,False
bf34af880b10,0.277,False
bfa6f1f24ef2,0.277,False
a8bb4dbce06a,0.277,False
786fdd1945e3,0.277,False
1e4261eef920,0.277,False
ca245561df22,0.277,False
04464426a941,0.277,False
44873a28bec4,0.277,False
9bbe3e6fd786,0.277,False
f7f70423d531,0.277,False
ea78a03bb477,0.277,False
c75c2eaccc53,0.277,False
8c611c16ffca,0.277,False
b6b5e0775866,0.277,False
5cc150f1ead4,0.277,False
484f5d09692f,0.277,False
eddb7bae2c71,0.277,False
edc0b2b2554f,0.277,False
9a134f481f00,0.277,False
12f411a37961,0.277,False
5a0393203c16,0.277,False
10620bb0c06e,0.277,False
0ae5009a4408,0.277,False
8e726cdf6477,0.277,False
f00f4aae16ff,0.276,False
9b81e38ced8c,0.276,False
1e50a36dba8e,0.276,False
07f7f9869142,0.276,False
9f514431f0f6,0.276,False
7b057d025fe7,0.276,False
4d5868763772,0.276,False
c25f2dfbf200,0.276,False
277a8fe9c8e2,0.276,False
27e3217763c7,0.276,False
f98681bcb4b5,0.276,False
e0d9ee2772e2,0.276,False
24597c76b758,0.276,False
102480533467,0.276,False
efbd993bad7f,0.276,False
b33e11b20eaa,0.276,False
93f029d066ce,0.276,False
53cff7d853ec,0.276,False
42d12c9d3612,0.276,False
495b53c8d595,0.276,False
d0f551264758,0.276,False
233234fc2b55,0.275,False
a49e86b161cb,0.275,False
89cfa19306bd,0.275,False
f875bfa29b11,0.275,False
e7b213cf1a4e,0.275,False
11e2d6eda7a4,0.275,False
f6acd6ffe0c4,0.275,False
18fccc0df2e9,0.275,False
7b4c6b3e8508,0.275,False
aba0cc625e79,0.275,False
d94267afac66,0.275,False
a81832e29b68,0.275,False
0eca0ef2637a,0.275,False
72cef2fb706e,0.275,False
fed9579f1c6b,0.275,False
f213d195d4ea,0.275,False
d383faa83c47,0.275,False
cf0d32819ddf,0.275,False
93b347e56e4f,0.275,False
b0c91ebced15,0.275,False
373fafdd15cd,0.275,False
f6e502590ab6,0.275,False
af6da856e99b,0.275,False
cf0e49356eca,0.275,False
3ab32131c438,0.275,False
b34595df4442,0.275,False
f4d90e28bd3e,0.275,False
8c99e98cd61f,0.275,False
8c33b5640dc8,0.275,False
ce53666eebfd,0.275,False
b4d9248e8e81,0.275,False
5ffc25751fcc,0.275,False
44b1a96154ce,0.275,False
5d5b7401813d,0.275,False
8cb422a930c9,0.275,False
46fd95c7f523,0.275,False
4a2d614ee6ee,0.275,False
1212fb4f4d6c,0.275,False
11d8a0d78c30,0.275,False
4a145a0e8271,0.275,False
f798b3e66ea6,0.275,False
5d525131944a,0.274,False
f6ac703f3cf7,0.274,False
5dd184c7b5f9,0.274,False
55dc5a9cd1a6,0.274,False
49dcb29efa98,0.274,False
524f762afae0,0.274,False
87802f4de3ce,0.274,False
0a693b0039b3,0.274,False
3d59aa30f42c,0.274,False
f9ab00dca691,0.274,False
62d2005d0ec3,0.274,False
f62c9ca81bb3,0.274,False
822bf3053070,0.274,False
79ea1eceb4b8,0.274,False
620ed8c09464,0.274,False
e6247958cb55,0.274,False
1f729f6a0e08,0.274,False
e9c500a0e671,0.274,False
177cca5244d1,0.274,False
12b019152ee2,0.274,False
06b8b66d6e12,0.274,False
d9824364e460,0.274,False
31131fdc3853,0.274,False
30d10f04681d,0.274,False
7efd64aa1cbb,0.274,False
166000d625b0,0.274,False
81218b58d874,0.274,False
3aeec893ca74,0.274,False
2cd270330f26,0.274,False
d9edae28a0a2,0.274,False
0b7151afac09,0.274,False
2b660d26522e,0.274,False
f63a3485b95e,0.274,False
c45912f0c3a2,0.274,False
a24640b57216,0.274,False
207a7d0542b2,0.274,False
ae71e680d4df,0.274,False
5b5f24f970b7,0.274,False
1c9a738ae61d,0.273,False
b1ce6c023d71,0.273,False
3b0d1fa03421,0.273,False
fe129281f5b1,0.273,False
4abef00c02ca,0.273,False
2dd4e767ef88,0.273,False
55ff493b90b1,0.273,False
5a0b5a18593e,0.273,False
547d5c349f50,0.273,False
54d51c844b83,0.273,False
bcd6b5a7cac4,0.273,False
bd70de570428,0.273,False
49f93279163d,0.273,False
ba0fe7448910,0.273,False
5eaf86390a10,0.273,False
1c348cf9b07d,0.273,False
61ef43ba66b8,0.273,False
cd0e010fccbc,0.273,False
e03d16f6acb5,0.273,False
b11e743ebd07,0.273,False
4d657f4090ff,0.273,False
064bdd395d24,0.273,False
993fb9ac8f80,0.273,False
81aa92e34b09,0.273,False
52c8fa288564,0.273,False
bea2e2cf3cc6,0.273,False
6abe72b15b95,0.273,False
d252a41f2f19,0.273,False
b730c54b032b,0.273,False
2e50af84dd0b,0.273,False
85b9a54630ff,0.273,False
1bf73238f16e,0.273,False
454d8daedf94,0.273,False
3e60313facef,0.273,False
66d1daede854,0.273,False
494226b80a7b,0.272,False
c0d22815de05,0.272,False
7fe2f85b7a7e,0.272,False
87cee9394e91,0.272,False
7ecd11ea3954,0.272,False
9a51c4747309,0.272,False
fbb4e6fa1d2e,0.272,False
df364e4120ce,0.272,False
60a3d09fae18,0.272,False
444fe152126d,0.272,False
435b9ac8bb13,0.272,False
f337af22a8d6,0.272,False
100e08db7804,0.272,False
b02be458bbe8,0.272,False
4773130ec8ae,0.272,False
5756c399ce7e,0.272,False
936a634e0e13,0.272,False
533efe5ecbc0,0.272,False
ed84d3e247e3,0.272,False
2d881a3d514a,0.272,False
96c416a0369c,0.272,False
fde42ecc3cbb,0.272,False
fe25fb7cb1b3,0.272,False
833a7aa9a8af,0.272,False
35adae2e6f4c,0.272,False
d81ff49055f5,0.272,False
901ba81e386c,0.272,False
e4b2decf2c6e,0.272,False
75a74ca52b9f,0.272,False
76ad817687f2,0.272,False
a375b5495abf,0.272,False
1915a0e3eddd,0.272,False
7cf16d4d05f6,0.272,False
e85be1542057,0.272,False
f194db725e92,0.272,False
7acf2aab4a84,0.272,False
3cefc084d6ab,0.272,False
3798234ac1ef,0.272,False
68427a70910e,0.272,False
ce9f18796253,0.272,False
8dc4c500edda,0.271,False
b9d95a766aae,0.271,False
c01cf165513e,0.271,False
0c6d03deadcb,0.271,False
28de95809e7f,0.271,False
043a3caccc82,0.271,False
3d6b69cc6b1d,0.271,False
b107e0b0a561,0.271,False
766d6bc9d97d,0.271,False
e0e7b418b35b,0.271,False
4140b543d151,0.271,False
42287b812942,0.271,False
570e9a1275d4,0.271,False
44a48f9b11ba,0.271,False
4198c301a875,0.271,False
10891984544e,0.271,False
1f1258cf499e,0.271,False
e53fb2daabf0,0.271,False
6472f62789a4,0.271,False
d3f85953903a,0.271,False
380bb3b98876,0.271,False
06b7bc73471c,0.271,False
069c84ad88d2,0.271,False
ae72b7a2af8f,0.271,False
2949d43c7210,0.271,False
71e0ed4101ec,0.271,False
83104878da4b,0.271,False
8e84be988a17,0.271,False
35455d28b27e,0.271,False
6d1679657e9b,0.271,False
061b67a15706,0.271,False
d833f5d59b99,0.271,False
a963ffb04359,0.271,False
f33286857864,0.271,False
9b225d63a365,0.271,False
bbf92feb4f97,0.27,False
908b97e22039,0.27,False
39aa9a6bbb0b,0.27,False
ab172eaa9aa6,0.27,False
36af5bc2a3c3,0.27,False
7f27a0aaada7,0.27,False
6f09982a1c0c,0.27,False
fb56e3843466,0.27,False
6f05ceb9f6cd,0.27,False
61ded9931d5b,0.27,False
b25c066715f2,0.27,False
219268759e92,0.27,False
a32af9dbe7ca,0.27,False
e6b24612f67b,0.27,False
8c7c02e2df2c,0.27,False
1762586d841b,0.27,False
ef936886b307,0.27,False
5a0da0530b79,0.27,False
4eb3a696d0ce,0.27,False
f0f9288f2bf4,0.27,False
5e9796a2b265,0.27,False
799b615dac2d,0.27,False
07a58e6fd8f4,0.27,False
c9a7dc232806,0.27,False
60e1f1d000cc,0.27,False
c26ff6fc54ee,0.27,False
4a5a5d9304e3,0.27,False
c3307197353b,0.27,False
5c7db21eed3e,0.27,False
9583559a0318,0.27,False
de44d190bc2e,0.27,False
3d9e1bc9a31f,0.27,False
d07ecb8385ab,0.27,False
c43963843807,0.27,False
be4d75d4ee80,0.269,False
05571de6032e,0.269,False
6f3bc3d1be63,0.269,False
39fbf73d3a2a,0.269,False
10adf1a159b0,0.269,False
95404fab99f2,0.269,False
d00f89c0251c,0.269,False
0c9352800ab5,0.269,False
f5a2a1cfcf60,0.269,False
7bd6af3628b8,0.269,False
0c041a3aa0ce,0.269,False
43953d543d92,0.269,False
0c5c64af5313,0.269,False
59fc161c31ba,0.269,False
bc9fe4c3a70a,0.269,False
093936a04378,0.269,False
b5cc1a95ebfb,0.269,False
5967387b97b4,0.269,False
a8857c361616,0.269,False
d7ad98391469,0.269,False
ed437dafff23,0.269,False
9a9784f5f4fd,0.269,False
6b78ccce2395,0.269,False
7f84babeb98c,0.269,False
12fca9d8b996,0.269,False
53b73650531a,0.269,False
32d8f2a2fa1b,0.269,False
3564cdb06563,0.269,False
a9248aa85a14,0.269,False
8750da6b38d1,0.269,False
91c7d7b07ce5,0.269,False
8f5c14038146,0.269,False
4adf3bba4d93,0.269,False
da0984e38f3c,0.269,False
2c50b37a94e2,0.269,False
869eabd49dfb,0.269,False
29d70bd8a858,0.269,False
cf1b2617da5e,0.269,False
0b748c1193a1,0.269,False
f4910bc251ac,0.269,False
224f323cc914,0.269,False
7716efe0b0fa,0.269,False
e1d5a7961cef,0.269,False
4b957c06b238,0.269,False
2b492307efbb,0.269,False
414eea2dffe1,0.269,False
2d89f3890ece,0.269,False
c95150af2cd2,0.269,False
08d954ef0f7d,0.269,False
9af7eb32695c,0.268,False
a8c280ef4280,0.268,False
af7cd4d0c10e,0.268,False
c1f7cf090fa3,0.268,False
8200eb9457d6,0.268,False
43c9f80240be,0.268,False
eb50ab703972,0.268,False
5a35b8d699ed,0.268,False
437114b738fe,0.268,False
4269518732d7,0.268,False
1ea413cdfffa,0.268,False
2f64d074f6c6,0.268,False
84c58780d04f,0.268,False
2dd184e62539,0.268,False
0d7736e20280,0.268,False
576860739969,0.267,False
935f46a70014,0.267,False
99fff6a8c163,0.267,False
13e7502af8e7,0.267,False
53dabe09dae4,0.267,False
bd0a161dd136,0.267,False
7cbb726ddd68,0.267,False
85db9512e4fa,0.267,False
eaf5afdba55b,0.267,False
601471eafbc5,0.267,False
7eb92371d2ad,0.267,False
d98b3b24b8af,0.267,False
853816620fdd,0.267,False
91d1b77e5bd5,0.267,False
aed1def18236,0.267,False
739aa529b785,0.267,False
7ae90c1ad24f,0.267,False
8867a22065fa,0.267,False
9512c5ed5a85,0.267,False
c0c435df63b0,0.267,False
f27fb8a5dc96,0.267,False
01a430739dae,0.267,False
5bda2b00a740,0.267,False
c3e972a084c6,0.267,False
6fd1d7c0c657,0.267,False
70d638f9c550,0.267,False
a6e1382f9aa4,0.267,False
2b38a4bf8ab3,0.267,False
e07b511017c7,0.267,False
9469d516af31,0.267,False
5b195cebc897,0.267,False
27fcb7c5bccf,0.267,False
84a00a810bc9,0.267,False
400d620e86b6,0.267,False
e078d876e81a,0.267,False
e3c7cd948df5,0.267,False
890e424ce67d,0.267,False
1e7413fb4e5f,0.267,False
1dee37e54e45,0.267,False
f1a92a157e8e,0.267,False
c7900291b78c,0.267,False
4662e50ea553,0.267,False
4745e4a2bc4c,0.267,False
ed4fa64d391d,0.266,False
d251a7dc6fae,0.266,False
aa15e924d543,0.266,False
d86d6bc058a1,0.266,False
36df001d6e2c,0.266,False
36a4b1aa9c5a,0.266,False
da6626730828,0.266,False
b89d7e026e69,0.266,False
5c5c978123d5,0.266,False
e3c11b438b20,0.266,False
e2337123ed01,0.266,False
a2d8d599e5ae,0.266,False
6777f293950e,0.266,False
6a279ba7e390,0.266,False
d353724321d8,0.266,False
79b8c859b55c,0.266,False
9f9251696a6c,0.266,False
826d603cba47,0.266,False
89466ae4890d,0.266,False
9bbb3b09f857,0.266,False
1b0210d9bdba,0.266,False
49844b337ef7,0.266,False
98db1c89d9fd,0.266,False
4daca6923d2b,0.266,False
5d1a61bec80b,0.266,False
e5520da23ab8,0.265,False
b890f74e418f,0.265,False
a12415326d6e,0.265,False
5b3ce72e22a1,0.265,False
e6feb2558a22,0.265,False
7538cc3dbd08,0.265,False
b1f907287737,0.265,False
4b7116ee9b6c,0.265,False
28434df1de7c,0.265,False
03f907523f7e,0.265,False
19d4c5a81e8a,0.265,False
f3a26cf0125b,0.265,False
ba32b6163456,0.265,False
1bb2d7651ff0,0.265,False
72ada4a15f22,0.265,False
3941a24e4cfd,0.265,False
5df3d841ddf8,0.265,False
b5556330f586,0.265,False
6e004de43f63,0.265,False
b52007287ed2,0.265,False
6d2cf99f0918,0.265,False
35c401f8e728,0.265,False
83c2f4bd7d43,0.265,False
0d77b4f30aa5,0.265,False
7a4823d96c49,0.264,False
419a272e94a7,0.264,False
3de243647bb6,0.264,False
75743c011af1,0.264,False
86b2ed95d92c,0.264,False
40eb9aeed354,0.264,False
4bd63103a970,0.264,False
3c1676afa6b5,0.264,False
f3dbd1d5ff2a,0.264,False
3cf11bb7e326,0.264,False
c523a8e76f09,0.264,False
c9e6810095e4,0.264,False
3b5dc84e0805,0.264,False
4f93bcc54147,0.264,False
2c9b62e68c35,0.264,False
ac7bd4c4c570,0.264,False
7922fa405498,0.264,False
900bf328bae8,0.264,False
507e01aee30b,0.264,False
bff27bf0928d,0.264,False
4400cc9ce84f,0.264,False
687c3d620efd,0.264,False
70260c2dd6a9,0.264,False
3d8147787b81,0.264,False
dd99dfc423cb,0.264,False
bc0dad553d45,0.264,False
851d472e4d71,0.264,False
5bc00f1dcdd2,0.264,False
97e27bbfad7f,0.264,False
14231116a4de,0.264,False
3ca3a89b8dae,0.264,False
9b8117386434,0.264,False
6dac71513ab8,0.264,False
57cae3447297,0.264,False
041c55c9ade7,0.264,False
487210242145,0.263,False
ba7f61cc89b2,0.263,False
2f570b736ac6,0.263,False
b5b099098fd4,0.263,False
f96512cdb8e5,0.263,False
1e184582d306,0.263,False
1ccb7054722c,0.263,False
8a1de65148a1,0.263,False
730958912623,0.263,False
2988c963f777,0.263,False
b74cbfe15be8,0.263,False
c3bddd6e9360,0.263,False
749f0a335d4d,0.263,False
e70174f24e9e,0.263,False
ef875ce0d35e,0.263,False
c1e0ec9069a0,0.263,False
07ad76e382b0,0.263,False
957676afd3cb,0.263,False
c38e6fc01294,0.263,False
11d3c430fc3d,0.263,False
40209731f940,0.263,False
bd9606d30c3d,0.263,False
33e9b18492fb,0.263,False
6db9c71df256,0.263,False
c85dea6ab53d,0.263,False
f0f5b8a1c711,0.263,False
d0b167ba8c9b,0.263,False
675c9aea8cfa,0.263,False
7749914055c8,0.263,False
cd152c9cbb4f,0.262,False
11eb425c10b5,0.262,False
3c653a564bc4,0.262,False
d09f98965882,0.262,False
4cebbeb39488,0.262,False
081bb257925c,0.262,False
76c04ad63b1d,0.262,False
1745fa8cb34b,0.262,False
47ae89b04e47,0.262,False
6b5e60740292,0.262,False
16fca6351d6b,0.262,False
6df6e9c7e54f,0.262,False
50be74478a0f,0.262,False
6e974ae30e09,0.262,False
b1159f4002ba,0.262,False
3ec72d9a3e0e,0.262,False
a256fa8be8ee,0.262,False
65c230da13bd,0.262,False
821c6fb1e8f5,0.262,False
72e4c3e5d8f7,0.262,False
616fd47e974e,0.262,False
9fc24869e8cc,0.262,False
04123be394a6,0.262,False
fb7555b80142,0.262,False
391cd5ccc739,0.262,False
5ccaf9802f50,0.262,False
fdcde210f693,0.262,False
d0da81bf4739,0.262,False
dadf1bf0d90b,0.262,False
9b30f2980e5a,0.262,False
d841bca56137,0.262,False
36193f3542dd,0.262,False
030b6c40ab13,0.262,False
2d7916afb5b4,0.262,False
e92dc3587f85,0.262,False
a6c1c3fb62b5,0.262,False
7f8dcf44bc71,0.262,False
4a2f56e9290f,0.262,False
29b7c93e6c45,0.262,False
638cfa5409b0,0.262,False
c4613d3a952c,0.261,False
8f55733518a2,0.261,False
0494ac110600,0.261,False
2225856d412a,0.261,False
412648b95911,0.261,False
b8aa83a96abf,0.261,False
59d89fe041c3,0.261,False
186fcdc87645,0.261,False
eb1712b3f90f,0.261,False
f4b0837dab7a,0.261,False
bd549ca8f43c,0.261,False
aa79bbf2723c,0.261,False
1630becb50a8,0.261,False
e55fb625e776,0.261,False
92fe1ffdf623,0.261,False
447471ea0c80,0.261,False
dae750c421e0,0.261,False
ae35cc84366c,0.261,False
7c7b0abba35a,0.261,False
cf8ac01f39e0,0.261,False
b6c7de9f4ed8,0.261,False
fc263c8d237c,0.261,False
b25705a5ecc5,0.261,False
65055ca71ed2,0.261,False
cf21fabcfbd8,0.261,False
10a7ecdd5220,0.261,False
e7f7f8ed0c29,0.261,False
a0f5cbbb0e56,0.26,False
f75166cc2fb5,0.26,False
dec28982b0c4,0.26,False
a0d805ee4212,0.26,False
fc862fdbe136,0.26,False
b4a97e62d3d6,0.26,False
d4f6b55521d4,0.26,False
45c35e36a043,0.26,False
5e58d585c70c,0.26,False
98c15ded4bf5,0.26,False
16a0ca1d4020,0.26,False
8cba20910cb3,0.26,False
f2eb8902c4a8,0.26,False
c5c1c59394d2,0.26,False
7f7109554de8,0.26,False
7f5cc66f5fca,0.26,False
1c85aede4030,0.26,False
4ba73d3b97c4,0.26,False
deed3470d977,0.26,False
ded4145f0607,0.26,False
0835457102cb,0.26,False
255d631952f9,0.26,False
753f0d370fdf,0.26,False
7539240f9b6a,0.26,False
42554ae69e2a,0.26,False
75b914791567,0.26,False
cadba328ddfd,0.26,False
b6f02dce34fd,0.26,False
3b8e26d4cf07,0.26,False
7f4ce8069856,0.26,False
7beeeb944c8a,0.26,False
f29fb165a57a,0.26,False
707b406b082c,0.26,False
0d909b4c1f70,0.26,False
ad71f7aa19a5,0.26,False
d9bdc0a10d05,0.26,False
7ce4f545c503,0.26,False
eb41ea5be4a0,0.26,False
31ae5d98d981,0.26,False
12e7937435a2,0.259,False
dedc97b4f2f1,0.259,False
8a93d7a167ac,0.259,False
a3100251278b,0.259,False
bdb1d8327123,0.259,False
6421d213acd2,0.259,False
55320597e9e5,0.259,False
40eba9a9b4a1,0.259,False
bc66cb7f1a5f,0.259,False
4eac0fc0f746,0.259,False
59802c325501,0.259,False
affab857359d,0.259,False
717318bd10a0,0.259,False
688a81524bb0,0.259,False
c4f588827f91,0.259,False
5d3e51d0a72d,0.259,False
da4ab8bfd9fb,0.259,False
72160b7127b3,0.259,False
04c1eb7db905,0.259,False
31d24addf43e,0.259,False
466837dd5ee8,0.259,False
fab2421c85bc,0.259,False
5f50e54a9f7f,0.259,False
ab075526b2f1,0.259,False
34fc968da801,0.259,False
457e5a9560ea,0.259,False
78641e1b2980,0.259,False
92353e30550d,0.259,False
f44bf207d592,0.259,False
ff3c9406f729,0.258,False
55490eba605d,0.258,False
4557c0eb977a,0.258,False
d481bfab63db,0.258,False
449e1f5f06ea,0.258,False
b9bdccd84355,0.258,False
7a0aae0d952b,0.258,False
30b0f3c0bf86,0.258,False
9b3b93139c98,0.258,False
39747a2ce398,0.258,False
99ed7ed56efb,0.258,False
0c846c53a625,0.258,False
4f7bd1ac1853,0.258,False
2b77335e0bb6,0.258,False
70903623cad6,0.258,False
ed92e7f4bb91,0.258,False
1f788b78d932,0.258,False
c23fe2d7353e,0.258,False
db7247b87d3f,0.258,False
ff0ab5696711,0.258,False
b716c8a75e12,0.258,False
cf16414639e6,0.258,False
de7187d767d7,0.258,False
2ef702cbda84,0.258,False
920003987820,0.257,False
a10c501c4711,0.257,False
b4d3cb8e13bb,0.257,False
6c3ca78d5e58,0.257,False
d80e03f40ad5,0.257,False
dfb5e3b53efa,0.257,False
60501ee687a2,0.257,False
ecf3d8d427f5,0.257,False
a9950d96a66c,0.257,False
0d9390312f62,0.257,False
bdc77b91db24,0.257,False
8ad85976dad5,0.257,False
d4abd5aef482,0.257,False
2c663ce53cbb,0.257,False
e5b13a75f638,0.257,False
97590c20840e,0.257,False
d0f4b0f018b8,0.257,False
dae0d42270d0,0.257,False
2b7792d324ce,0.257,False
11057b184166,0.257,False
7d80d5b7f1b5,0.257,False
621254e774e4,0.257,False
058e550ea612,0.257,False
bb15e2a473aa,0.257,False
0cd52af45371,0.257,False
08f1492ca450,0.257,False
53d6bb14e0a6,0.257,False
5e4aa29bf1e9,0.257,False
d76e5e9771aa,0.257,False
100a5a85b4e5,0.256,False
58a317c3a2d5,0.256,False
fb24e09ff357,0.256,False
8f334892a0ca,0.256,False
8f57d71e6a00,0.256,False
48ff54f77f9b,0.256,False
3047a5710fa3,0.256,False
999c0a12210f,0.256,False
351ed86d3f2a,0.256,False
99473f5bc742,0.256,False
6a6d99b25717,0.256,False
63f3f5d9be8c,0.256,False
3fc707120103,0.256,False
4d7b53f5cb3c,0.256,False
06d94fcac487,0.256,False
fefc96fb7318,0.256,False
0a1c6af84749,0.256,False
21b047b2cc77,0.256,False
4db3f6bff06e,0.256,False
a22e0cabf848,0.256,False
90ea097c0bbf,0.256,False
78a14549d9db,0.256,False
4c86aac7523e,0.255,False
4e8689644fe0,0.255,False
7beea307ae32,0.255,False
0b693658ff5b,0.255,False
bcfb311ea0d2,0.255,False
d4650063ff57,0.255,False
1f6595ecb0e2,0.255,False
d5d9fa65e98b,0.255,False
53d79d421bad,0.255,False
894a28a65b3b,0.255,False
fb054510ea71,0.255,False
50fc6aaa3c0c,0.255,False
c7fe96ed3889,0.255,False
139ee0de9827,0.255,False
d575123186a8,0.255,False
ce46acc60876,0.255,False
e3722a1e027e,0.255,False
9df3d8b2aec0,0.255,False
1b9841c63ca5,0.255,False
4a3a79877823,0.255,False
ede40a47379b,0.255,False
11eb138817f7,0.255,False
27594a2b8ddd,0.255,False
03961227150e,0.255,False
28bc0ecbe9ea,0.255,False
1d282b637da4,0.255,False
ea43fda2d045,0.255,False
67e3f32b684e,0.255,False
3794a9e62427,0.254,False
c2e5c9553518,0.254,False
c75c592cf79a,0.254,False
7a46fec6c489,0.254,False
177c74dfa4e8,0.254,False
2a2246e75e5d,0.254,False
4a034f456b47,0.254,False
a5f785ca0a0d,0.254,False
4ab0c676e251,0.254,False
2d7be0731d62,0.254,False
bd99f1b74922,0.254,False
bde2e9cbc54e,0.254,False
052bc214b5fe,0.254,False
a4feae22db7d,0.254,False
3db22bfbe626,0.254,False
13a76231cff8,0.254,False
eb172a56eb7a,0.254,False
1d1930b2896c,0.254,False
30a84ef55074,0.254,False
7ff52ebd8cd0,0.254,False
cf01c95a0375,0.254,False
2503b070bef7,0.254,False
f7d95ec4eec5,0.254,False
6453cff01a41,0.254,False
517556d23b3f,0.254,False
3f68448a0078,0.254,False
fc4c0511fd7a,0.253,False
0990a8b6ccda,0.253,False
4c85c4fa71c1,0.253,False
3e99cba8cde5,0.253,False
a93e6ba701fb,0.253,False
67c54e45a9fd,0.253,False
ac17f9198132,0.253,False
e8f7b2ba5705,0.253,False
6fff328f5655,0.253,False
b17db9ca97a5,0.253,False
78f0be447da9,0.253,False
4eda8d0530a4,0.253,False
7311bc2d1be3,0.253,False
447f19639641,0.253,False
ee581ad1e6c2,0.253,False
906c584ff01b,0.253,False
1657b5ad818b,0.253,False
5bf470cb03a4,0.253,False
f3425f787f9e,0.253,False
d06f2aa07986,0.253,False
870e8c60b6d1,0.253,False
098354a78b47,0.253,False
e05510a5d04a,0.253,False
ad0c5ec89b47,0.253,False
44a7494702d2,0.253,False
7dcb38755987,0.253,False
d64f1ede3fab,0.253,False
db399869e0f5,0.253,False
cf47d38e476c,0.253,False
cf08f7e97450,0.253,False
c04b53717d39,0.253,False
aec5ca13dfe8,0.253,False
db1ee8067932,0.253,False
c8e9caaa5427,0.252,False
669d530e6ab7,0.252,False
99a7199b051c,0.252,False
4d16b2ba8376,0.252,False
20b4c60b7627,0.252,False
3fdc310f7b69,0.252,False
d17f1c04c795,0.252,False
2f375f0140db,0.252,False
19130276619f,0.252,False
a9f91c1a175c,0.252,False
400258920c61,0.252,False
e1e2f715954f,0.252,False
2049f16f9fb6,0.252,False
125505d7d3f3,0.252,False
823558046efc,0.252,False
5ba0938f8050,0.252,False
25dc56da407f,0.252,False
acef85713c0c,0.252,False
214da7c25348,0.252,False
e764fefed500,0.252,False
38197136e5f4,0.252,False
c2f238f28793,0.252,False
b23ff7261883,0.252,False
61c2dca9677b,0.252,False
754df5f18f6f,0.252,False
9b1659ddf0c3,0.252,False
db74d66bea66,0.252,False
0cf0cde6785e,0.252,False
436c39528bde,0.252,False
e74e949166fc,0.252,False
af1dbd7e0a2b,0.252,False
99882a6a1de8,0.252,False
4f0dea91439d,0.252,False
dcf245247977,0.252,False
98707abc0bba,0.251,False
cd4844d43298,0.251,False
45647bca9588,0.251,False
b4debab1c8f8,0.251,False
c3559b4b716a,0.251,False
5f088f37fb00,0.251,False
ab0fc921f329,0.251,False
aabea10616d2,0.251,False
26333ad20c67,0.251,False
60106b84c4a3,0.251,False
f5f8a58e8d78,0.251,False
e874fdfec127,0.251,False
1545c425e3c8,0.251,False
c9a699379bcd,0.251,False
a7d8d8c0fc72,0.251,False
7343fe0977bd,0.251,False
cb1c9c1ada90,0.251,False
49a5b0ecfeda,0.251,False
9099bd1535c6,0.251,False
2ecc294cff94,0.251,False
f1a1d3465446,0.251,False
54167a9a49be,0.251,False
973cdaa14907,0.251,False
b178519895c5,0.251,False
1f27bcb73ab0,0.25,False
a066db9c7306,0.25,False
a0d761f0664b,0.25,False
bdaeff93efc8,0.25,False
b29d3bac9d9c,0.25,False
14d843bc7315,0.25,False
2e8210c19384,0.25,False
a7797d884549,0.25,False
01764f84925e,0.25,False
39ffaddf4694,0.25,False
9dff75c69189,0.25,False
111f0bbc34cd,0.25,False
29c125f5107b,0.25,False
9ce94ee77256,0.25,False
bdd3b306fd93,0.25,False
8f3b45548b0b,0.25,False
bb8ad5c4e3b9,0.25,False
3c3da96b25fe,0.25,False
6a16193a559f,0.25,False
906ef444eedf,0.25,False
321f4e36e3f3,0.25,False
d2f944c2b0a5,0.25,False
acb0ea3095ae,0.25,False
faac206425fa,0.25,False
3e2e41e30ba6,0.25,False
a29d44c2e8f8,0.25,False
f49a5ac2fb46,0.25,False
6b6ceae009dc,0.25,False
5eec8b36a0c3,0.25,False
34c0b225cfd7,0.25,False
991036c06509,0.25,False
0dd4519aaaff,0.25,False
7682d2a1b41f,0.25,False
c2d0606b1a1d,0.25,False
915db4cccc21,0.25,False
27812c64f3aa,0.25,False
a8914f63c36d,0.25,False
9c8dee6443d6,0.25,False
f328449720a7,0.25,False
19341008a0d2,0.25,False
307d3259b1e7,0.249,False
3e1484642464,0.249,False
19da829fbae3,0.249,False
04ef0cdc77cb,0.249,False
18a2a8a54235,0.249,False
6cb45620c278,0.249,False
ffd7102851b8,0.249,False
83284a063e22,0.249,False
2e953da70820,0.249,False
81639d6096a2,0.249,False
8c0bb6442a2e,0.249,False
6a67e64a1faa,0.249,False
17b9695289c1,0.249,False
8a4dc93921c7,0.249,False
abe01b15b4c9,0.249,False
35e0b9734ab2,0.249,False
ec3d325c4b08,0.249,False
7d842e82684c,0.249,False
bf379836639c,0.249,False
986f6785cfe9,0.249,False
e5a192b30eda,0.249,False
40a94065f579,0.249,False
22204bd99623,0.249,False
08693aeafeb8,0.249,False
4ccb1162a79d,0.249,False
c2d8b399bac8,0.249,False
f34f4bb09a4c,0.249,False
95e3777b90c3,0.249,False
62637c95978f,0.249,False
247bbefa5f88,0.249,False
bf33aa2e58e5,0.249,False
57aae5bf0e8e,0.249,False
c795eb2ed880,0.249,False
f5f5ccdb6f01,0.249,False
da3b3d9e8d50,0.249,False
5e2c1f299212,0.249,False
9507129febae,0.249,False
38ebe747db54,0.249,False
2e6e8e14b179,0.248,False
2a5e69e6fafa,0.248,False
2e22f504661b,0.248,False
2f2a980281f3,0.248,False
628b457d5b86,0.248,False
e38192d74266,0.248,False
b8ae44ef3afd,0.248,False
63d47b765c70,0.248,False
1ed5f65393b1,0.248,False
bb136846857d,0.248,False
aa68428f6123,0.248,False
f766e622e75a,0.248,False
d5bfcae58ead,0.248,False
3df452c67a09,0.248,False
046f6ef2ccb4,0.248,False
e053f29479de,0.248,False
564a38db5720,0.248,False
7a0fc43d7ba0,0.248,False
efd59e200392,0.248,False
4ec5e5570a1e,0.248,False
bab6fa69cabb,0.248,False
27984fe18abb,0.248,False
a7a09e746b08,0.248,False
3e34e4a190bc,0.248,False
f240f497bd16,0.248,False
073e2ce75daf,0.248,False
53143952a6ce,0.248,False
49acb87f03aa,0.248,False
0d57b6fa2207,0.248,False
4ada250a279a,0.248,False
b3d6e70ce0c8,0.248,False
b5de20134754,0.248,False
3032d496d17d,0.248,False
68a1f21efe36,0.248,False
be42f2f2cd42,0.247,False
f64c24f034cc,0.247,False
ff803702da50,0.247,False
ccd96730fecd,0.247,False
4db2cf470b9b,0.247,False
454f5f5862a2,0.247,False
a005e582f1ce,0.247,False
63a0e2ac241c,0.247,False
b43ef825b6e4,0.247,False
aaedcfba8871,0.247,False
8d2ea922f0dd,0.247,False
2ab8911c1e3f,0.247,False
880d65171316,0.247,False
7130bedcf7ed,0.247,False
43c1d1043fb1,0.247,False
e8b1a1f6fee8,0.247,False
c9ff142f27fc,0.247,False
fa3bde175293,0.247,False
82739af1039f,0.247,False
7f05193be920,0.247,False
f6cc45950011,0.247,False
1531f7144cd5,0.247,False
7f60a1133c50,0.247,False
61dee84ec2a1,0.247,False
27248a5f4a59,0.247,False
c62e181a5009,0.247,False
edae7e292b1a,0.247,False
378516c69eae,0.247,False
164c90732ae8,0.247,False
939d7c25398c,0.247,False
eec7442dd8ec,0.247,False
bf76983eeec1,0.247,False
6d11b2838522,0.247,False
6cf7df77337e,0.247,False
5e8e01fbe84c,0.247,False
e25e7afcc6b1,0.247,False
37bfc3ccd16b,0.247,False
b00a07ddce9b,0.247,False
94a78881fdcd,0.246,False
371bcac5c4c0,0.246,False
0cc04a47cccc,0.246,False
f8968fd44108,0.246,False
d1c7dc61d7ab,0.246,False
0894b6e2c72b,0.246,False
1995430825cb,0.246,False
e95ddd2ff521,0.246,False
bddc6428eb46,0.246,False
38f24db61e2c,0.246,False
8c51da32d09d,0.246,False
c404b8906efa,0.246,False
5ec824342bf9,0.246,False
c38ebd2cb00f,0.246,False
eb8178e73d5d,0.246,False
32c1da7a101f,0.246,False
a82594d972aa,0.246,False
5e2fc63c23eb,0.246,False
4c0631871bce,0.246,False
622b111abedc,0.246,False
3e914ef43cca,0.246,False
761b7c83417e,0.246,False
1e64a9fe4759,0.246,False
abebf4faa4d6,0.246,False
9b55ab7b8a97,0.246,False
6b52c818307f,0.246,False
4e29966fec45,0.246,False
00138ca10e54,0.246,False
0bc77eb4c694,0.245,False
2ed1fff52e78,0.245,False
032be831b725,0.245,False
50721c6d5c34,0.245,False
8f7449bd7d92,0.245,False
3d8f5bcfbe8c,0.245,False
ce7e6d0fc79a,0.245,False
46d7541acfb3,0.245,False
0a10f40c17e9,0.245,False
462c8547dbc9,0.245,False
7a5cd75ce8e0,0.245,False
c20d05da84e8,0.245,False
b1272a8c23f4,0.245,False
ad616bdc0103,0.245,False
7ec6ce5eb257,0.245,False
68fc35d480a9,0.245,False
794b4436fca6,0.245,False
6877dbbc5f9c,0.245,False
52c422e3c302,0.245,False
58f622c6c83f,0.245,False
f4eac2285836,0.245,False
378a596a557c,0.245,False
e34261d7e4bb,0.245,False
9b2bb82560f7,0.245,False
976f7c9051ef,0.245,False
45770117e3f6,0.245,False
7980087eccc3,0.245,False
f77486d06772,0.245,False
bf1c3d3bc59e,0.245,False
e87d9e89e9e6,0.245,False
80ff209f5cc5,0.245,False
33276d93a11e,0.244,False
912e911e77ae,0.244,False
6f5bcdb3a51a,0.244,False
9c52b3ffc117,0.244,False
b7df4f99a191,0.244,False
0791cd9f0635,0.244,False
2c72eb185e07,0.244,False
c4b754120aa1,0.244,False
8d88b718d785,0.244,False
2ddd4e9dfe30,0.244,False
1d665a605994,0.244,False
7c03e7833a52,0.244,False
5bb147bbe4b0,0.244,False
e00306abeb06,0.244,False
5c84eb0fb9a0,0.244,False
cc82cb2227cf,0.244,False
b23395c1e788,0.244,False
d9766442088a,0.244,False
093cde647409,0.244,False
36c9d3d1cc87,0.244,False
0aa59eaed595,0.244,False
ee83fe0f5959,0.244,False
2290ba512761,0.244,False
1614977bf1ef,0.244,False
69618c00ea97,0.244,False
e3335c0eaeb2,0.244,False
ae55725421a2,0.244,False
3b0e8efeb849,0.244,False
294b79c398ac,0.244,False
4056f361b00d,0.244,False
bd76d9f17d06,0.243,False
0f6591c0f172,0.243,False
1c2f9e08f1a3,0.243,False
12af4465a275,0.243,False
9096c0541bdd,0.243,False
d132816ef789,0.243,False
f4b1adefc99e,0.243,False
a59cf6d2b7da,0.243,False
c97eea456d39,0.243,False
9088c236f639,0.243,False
78abfdefdf7b,0.243,False
dc27e31f4872,0.243,False
ecac4f339359,0.243,False
22b0453aebe7,0.243,False
43ec9af655b1,0.243,False
0654b2d9986c,0.243,False
ea35d349dae2,0.243,False
6d7847111086,0.243,False
f8f415a1ce16,0.243,False
129fca413fbd,0.243,False
c72c0acbf94c,0.243,False
d68fba14f513,0.243,False
aaa030eb2244,0.243,False
eb833cbfca9b,0.243,False
e48125e46daf,0.243,False
668c05adb95a,0.243,False
e7ba96287f13,0.243,False
e2509a115b64,0.243,False
4c4bcba4b768,0.243,False
4de11faf6f93,0.243,False
f2eaf50c3e87,0.243,False
dadec9f8a0ed,0.243,False
919c5204b68e,0.243,False
5beaa73135f6,0.243,False
e1d3b57088bf,0.243,False
a96dba5bebe0,0.243,False
bac9070a74d7,0.243,False
911ee06c297c,0.243,False
4532d4bb51df,0.242,False
6714df4cc1fd,0.242,False
1133d5ebf013,0.242,False
106839d2d7b1,0.242,False
b7c09d5d62ef,0.242,False
af20b9d685c3,0.242,False
fb1c646c0640,0.242,False
a76f098e29d7,0.242,False
ab60e8b8ae27,0.242,False
c28efdcdfd37,0.242,False
12ca8000b48c,0.242,False
2ca9ee69d1a9,0.242,False
417548dfc744,0.242,False
0709699bdfcc,0.242,False
22f8c0f7db70,0.242,False
f6066c460f47,0.242,False
5bb0f3f983a7,0.242,False
6eec439e2aab,0.242,False
bafe62df7896,0.242,False
0129c8bffda8,0.242,False
592862f755f8,0.242,False
3ef8fd839b89,0.242,False
4ff8d262fded,0.242,False
249caf26e76d,0.242,False
2f54f3e2eac1,0.242,False
e10349748968,0.242,False
65e2fb265925,0.242,False
1855901ef561,0.242,False
1724c837d64d,0.242,False
bc4993086442,0.242,False
0a400209a82a,0.242,False
c7e001806627,0.242,False
7ae7a5db0c02,0.242,False
f5406d4386ad,0.242,False
31d7a5e953d3,0.242,False
432944e29c1a,0.241,False
767abfddb887,0.241,False
ca3d3925856d,0.241,False
9da62b7ab724,0.241,False
38792d7b5a9c,0.241,False
ba1f1b07cdd1,0.241,False
0200cd2e6f71,0.241,False
de59128332ae,0.241,False
e6154c7a0ab8,0.241,False
266eecac5718,0.241,False
ec085efed2df,0.241,False
130e9e5cfc29,0.241,False
873b5c51819f,0.241,False
affd4c19c6a4,0.241,False
10b8604417cf,0.241,False
4106bb244d77,0.241,False
cba8602a866b,0.241,False
3daa4047b0c1,0.241,False
abc4fe21f295,0.241,False
d3cccb01c593,0.241,False
8f93477cba9b,0.241,False
7b4b2a2faeb2,0.241,False
f75f6dc33797,0.241,False
961f20dd23ef,0.241,False
190a1d089199,0.24,False
e84fc1731e60,0.24,False
3ecbc6ddaa4f,0.24,False
83bbba7e9e2c,0.24,False
30cee1fde66a,0.24,False
62e341269463,0.24,False
3213f1135628,0.24,False
75634aa87031,0.24,False
99257b7531d3,0.24,False
ccb9d47fea0a,0.24,False
a9863accac64,0.24,False
121cdb832bcd,0.24,False
5d7bfe3ba520,0.24,False
527b85277d8c,0.24,False
b6a531ab6c0b,0.24,False
090265f94ede,0.24,False
46bee3bdd796,0.24,False
23cb35868ebe,0.24,False
c8885f954a3e,0.24,False
1d349a6590b7,0.24,False
c1e3e21dd5a3,0.24,False
ec847fe51015,0.24,False
aaccdc3d2fbe,0.24,False
34c4220d482c,0.24,False
d9e6d86dde23,0.24,False
58b477c90f1e,0.24,False
01a0259a708f,0.24,False
619f48366067,0.24,False
4b19c8475ca3,0.24,False
6905509e34e5,0.24,False
570969a27018,0.24,False
395da45c1f79,0.24,False
2d9861cf99f8,0.239,False
003bd069579b,0.239,False
2605af209a06,0.239,False
5c2d82b29619,0.239,False
0017043f04dc,0.239,False
b4e38100f382,0.239,False
0f6dc12cdf4f,0.239,False
0408ea8519fa,0.239,False
dee5d770fd23,0.239,False
c567b1abdec5,0.239,False
098fcbc1db03,0.239,False
8fba8cf59366,0.239,False
125954269a1e,0.239,False
34f2f7344120,0.239,False
f99d4efbaeb0,0.239,False
e72069a27977,0.239,False
be8a300ca9c3,0.239,False
3945ebde8625,0.239,False
104ee91a7ca9,0.239,False
7e6a5d85194d,0.239,False
fb3877bcc5b4,0.239,False
1ed3526610e2,0.239,False
2830493a9bf2,0.239,False
a0113ac3f810,0.239,False
08ca489f86d6,0.239,False
7a799ea17142,0.239,False
bbe96cbbadf0,0.238,False
98eebf9424ac,0.238,False
cd724d2f6f84,0.238,False
fa0cd11acf38,0.238,False
3c6c598aab37,0.238,False
2a57e8297dea,0.238,False
06b880ec8de4,0.238,False
44b7959519f6,0.238,False
aca9cce95d75,0.238,False
dafee556d10f,0.238,False
ffb8cb4382b1,0.238,False
909581cc26fa,0.238,False
3b0a096cf4cb,0.238,False
1f9cc52acca3,0.238,False
9328f74b0ada,0.238,False
b3f18741747a,0.238,False
da9c85d70013,0.238,False
e009acee01d3,0.238,False
f753c3c88e9e,0.238,False
aba7ae10839f,0.238,False
8ef2d1853f2f,0.238,False
5bea3e528bde,0.238,False
1b9815933845,0.238,False
35a0446fbae1,0.238,False
1e9bda66cedb,0.238,False
e9111019b45b,0.238,False
bc36534743dd,0.238,False
472b15839494,0.238,False
2f871ed3be6f,0.238,False
faacd68b3333,0.238,False
ba6849806912,0.238,False
411b36de5578,0.238,False
f6ba830ff171,0.238,False
d9574c64cd27,0.238,False
eee21ee8f07d,0.238,False
2a21abfdb80b,0.238,False
2a137979efd8,0.238,False
1b9cd04e57ac,0.238,False
4042b9dc121d,0.238,False
8c381302c84e,0.237,False
b0aae108110d,0.237,False
2aff09c44abe,0.237,False
85d60fb60f2d,0.237,False
0c4947ebde96,0.237,False
bfcaf6e77801,0.237,False
49256c730494,0.237,False
18e8590b1576,0.237,False
0b5ad08ebe5e,0.237,False
2f76c9d822ca,0.237,False
c39c29a5fd91,0.237,False
bfb439bcddaa,0.237,False
8f6234611af6,0.237,False
aeaa435888a9,0.237,False
b2a9bdc21351,0.237,False
943281b0a7b2,0.237,False
a1b020a834bd,0.237,False
ba1b716dfa64,0.237,False
89cc2afc59ee,0.237,False
4222108ed5f2,0.237,False
9a76da05c5d2,0.237,False
60a4934ebb79,0.237,False
8414d41ddd8e,0.237,False
375ad0ae509b,0.237,False
207253a389bd,0.237,False
857ce6b912b7,0.237,False
90fb0688ae1c,0.237,False
bc3de902d74e,0.237,False
da55d6a7b80a,0.237,False
4dc860226cff,0.237,False
d60d4bed3e08,0.237,False
aafa33a22592,0.237,False
5570fdebad82,0.236,False
0ac3602a3087,0.236,False
b89249440734,0.236,False
3f3d82ba357d,0.236,False
4476572b5ce0,0.236,False
ed75bc996416,0.236,False
2d7cc03a6436,0.236,False
451e2154e10a,0.236,False
6a296b942b6f,0.236,False
f7082d28b852,0.236,False
a8ae28cf548c,0.236,False
05f324b8db87,0.236,False
a87767ce522f,0.236,False
eb48d116daf3,0.236,False
c5df314badbd,0.236,False
ef3748ed682d,0.236,False
4b6f4a76202c,0.236,False
54dbad6718ab,0.236,False
003784be18af,0.236,False
51051df37025,0.236,False
d9e58808aede,0.236,False
7e57d9f33088,0.236,False
739af20f0264,0.236,False
ec7f78acbedf,0.236,False
dadd6e2c6eef,0.236,False
7b313ca09757,0.236,False
7d7a9ad7a8de,0.236,False
0edfc2cb6afd,0.236,False
8878d478a333,0.236,False
af5d9dff31a3,0.236,False
c7d6b1020fd5,0.236,False
343d64ee0286,0.236,False
3887dd525af0,0.236,False
c2dbd5e1fe2d,0.236,False
104b2f1c2aa5,0.236,False
72cef759ca28,0.236,False
fbe7d1d2ab47,0.235,False
8e654ba913ec,0.235,False
cc6891390a40,0.235,False
eac2992c60da,0.235,False
3fb6c97a1331,0.235,False
3e3f4f00964c,0.235,False
584737e67972,0.235,False
2b5767d26a3f,0.235,False
72d5e1dbcf73,0.235,False
e75006b50b99,0.235,False
8d3643fd1514,0.235,False
837e1584bccb,0.235,False
e984a2b7b8a5,0.235,False
4e310420ddfd,0.235,False
d3a2339e0070,0.235,False
0adfb49734e1,0.235,False
c960ee19a380,0.235,False
f8cda38ee740,0.235,False
849760e5f803,0.235,False
1f2850fb9da8,0.235,False
9af6de81276e,0.235,False
14bbde7c27e6,0.235,False
e3bdd56860b5,0.235,False
cafb1f6f3720,0.235,False
5759a034ed8e,0.235,False
2130e14ec37f,0.235,False
9a74e773a50f,0.235,False
2a4d63c11c46,0.235,False
bfa31917275d,0.234,False
e4933f7c6d74,0.234,False
a44175988fb9,0.234,False
d5e800556154,0.234,False
42343ed41a07,0.234,False
6c7c7311733a,0.234,False
c62c7ae8e6f3,0.234,False
891ec2c00c84,0.234,False
18650ecf03c3,0.234,False
9c5fcb583d3e,0.234,False
8f1b97e08837,0.234,False
01d5b48a582a,0.234,False
e3f6794e8150,0.234,False
fa01d57b6bcd,0.234,False
37a92c99fa9b,0.234,False
37cd5df881fc,0.234,False
c4eb34b62794,0.234,False
131675076de7,0.234,False
9d7a4df93230,0.234,False
a15c93e3b399,0.234,False
4174f5d5d2ec,0.234,False
625a703a5555,0.234,False
cb5e37e2a604,0.234,False
783c3cd2f611,0.234,False
23d5421f4532,0.234,False
f52c136af09e,0.234,False
addc2cf17909,0.234,False
86149a776586,0.234,False
c8c696b7aa1c,0.234,False
43469160cf87,0.234,False
a709df0b9326,0.234,False
7453cd932dd8,0.234,False
e2927e270c9f,0.234,False
e5b872ba0b7c,0.233,False
3cd515900825,0.233,False
4e6b01c9681c,0.233,False
4e6ce02151ee,0.233,False
3daa521986c4,0.233,False
7957101e0a5d,0.233,False
723c2d99cdda,0.233,False
3ff76aee1f4f,0.233,False
a8d540a49d52,0.233,False
fd82be35ca3b,0.233,False
fd85bbbe535c,0.233,False
fdaed3393e7b,0.233,False
f4ec37589c3b,0.233,False
93b45da754d4,0.233,False
51a5514f6b2c,0.233,False
9c9fc008782c,0.233,False
8c0bba14a304,0.233,False
16fd4cff40b7,0.233,False
0a7ad098d353,0.233,False
136686d7b84a,0.233,False
a86da5a6cd3e,0.233,False
43bebdd0b510,0.233,False
d6439aa36198,0.233,False
bd8dbd5409c0,0.233,False
f94981baafb3,0.233,False
d6ee0ca637f3,0.233,False
a6b8e05ce25e,0.233,False
d453dd38750d,0.233,False
9719b6fa9476,0.233,False
94513acac764,0.233,False
d0c350b431ce,0.233,False
6a8b75b48666,0.233,False
3e8b73c6e9cb,0.233,False
a3de8a50329d,0.233,False
dc761ff0b634,0.233,False
78715979d9a1,0.233,False
f124ee17137e,0.233,False
3f574cafeefd,0.233,False
bc07fbdc5edf,0.233,False
deb075dc1258,0.233,False
b8ab5a4c624c,0.233,False
59f903b1e7ac,0.232,False
803331a30182,0.232,False
f3c1fda32939,0.232,False
04fc62e2197b,0.232,False
2507d85f3a61,0.232,False
80d06709e57d,0.232,False
3a60b177d642,0.232,False
0bbdb482f3d6,0.232,False
130c8bb762ab,0.232,False
132906a1fb92,0.232,False
cb49264f0c99,0.232,False
d847de835a6c,0.232,False
c73b1a7bbbdf,0.232,False
b8d07b49dd4f,0.232,False
a0389c932516,0.232,False
e612f0d9b13b,0.232,False
63d43a551420,0.232,False
8139cbc8015f,0.232,False
616a745417d9,0.232,False
2fce1deeb4c5,0.232,False
1fc514f01497,0.232,False
f8709bbf7c32,0.232,False
f36ea29d38b8,0.232,False
817b73e5b729,0.232,False
d6ee41d64465,0.232,False
5947bd3196a1,0.232,False
11baf47fbe9d,0.232,False
bcbc0cdb8425,0.232,False
9ffd5dcfc770,0.232,False
e431477376b7,0.232,False
ae96b92f3120,0.232,False
4451d625c7ad,0.232,False
bde9b782e59f,0.232,False
7c03f30eb450,0.232,False
89f128cf2c09,0.232,False
b2a38ade70f3,0.232,False
3eded97e14aa,0.232,False
b6961d324729,0.232,False
a1335d0b1565,0.232,False
8580bd24698e,0.232,False
6061cfff72cb,0.232,False
76a41366d0d4,0.231,False
a9f4fa0c16be,0.231,False
d2b458f7a8aa,0.231,False
bf92b9135839,0.231,False
109d04221584,0.231,False
b324c655dec0,0.231,False
8aac0b03e75f,0.231,False
354866e163fc,0.231,False
1778e8008606,0.231,False
e823b4937b76,0.231,False
6fb635db3207,0.231,False
f6214f497311,0.231,False
c3a8b733d2db,0.231,False
d0583db6df6d,0.231,False
6e54f4ec0001,0.231,False
f13229c6ee68,0.231,False
41b7c66d81a6,0.231,False
83c2bf7ba406,0.231,False
ea3e2cfbb25a,0.231,False
92a53da4c008,0.231,False
210b6223c1b7,0.231,False
7426eecffaef,0.231,False
b050c6ae3c70,0.231,False
06927b1c98f5,0.231,False
51c7885343c5,0.231,False
1daa6017e0b1,0.231,False
fefef1342c8e,0.231,False
04d4a2c96b47,0.231,False
22f857a5344e,0.231,False
85e1118826b3,0.231,False
67ced5e1919d,0.231,False
49ad44d55f02,0.231,False
085c965b5335,0.231,False
96fb7af74cb6,0.231,False
cc1a0a3d618c,0.231,False
58f8a68bc08b,0.23,False
41346824b296,0.23,False
18515fe0dae1,0.23,False
e9913839da1f,0.23,False
c3ca836e40b7,0.23,False
162625460ff0,0.23,False
5e5a114de2ae,0.23,False
2453260e357f,0.23,False
7e1ad1d73bf4,0.23,False
f16f6832daf5,0.23,False
c526f5d8f84b,0.23,False
680352738fc4,0.23,False
b3f61aef52e0,0.23,False
ed54ef058a92,0.23,False
6837a806ca24,0.23,False
573dc83189ef,0.23,False
df2aaf4c5bd5,0.23,False
df9d02bdb814,0.23,False
9bc76f67d99a,0.23,False
fc2c7535ec7a,0.23,False
4e6c5fe4043b,0.23,False
cef91d78d7d3,0.23,False
986d4f5db7e1,0.23,False
3a75c9391993,0.23,False
170ebfb44d82,0.23,False
4a5d4ca4ba68,0.23,False
8276055b8839,0.23,False
c9e362fd4d8e,0.23,False
13b87b314a48,0.23,False
6a2bfb35ec2c,0.23,False
8d4fcf075dc4,0.23,False
958e2f6134f0,0.23,False
f0eed4593120,0.23,False
47b578119705,0.23,False
57d2f9a57a41,0.23,False
1fb9aedf67fa,0.23,False
73ac85d9977d,0.23,False
1d091723cc46,0.23,False
6b2a39541886,0.23,False
941cbc80e758,0.229,False
079522d752da,0.229,False
4c64c4cd78bf,0.229,False
92656e31517a,0.229,False
2a19328abfd8,0.229,False
7944c27779d4,0.229,False
11113ef8c828,0.229,False
436dc46c6b11,0.229,False
bc9f9b555684,0.229,False
1a2f1573b255,0.229,False
cafb7ed6c29d,0.229,False
3636748a0cf1,0.229,False
56e624bfc52e,0.229,False
3784c923cee4,0.229,False
9d7cf000fa38,0.229,False
b3b94307bd32,0.229,False
b8d905277636,0.229,False
80f691db9f49,0.229,False
3da6591dbc91,0.229,False
7590d96d7b83,0.229,False
0d3b37d561af,0.229,False
91c098411c9b,0.229,False
87945d9b48d0,0.229,False
ddf5007b3cd0,0.229,False
2e32d0608aee,0.229,False
7d2ea8083cc1,0.229,False
c66b789e26fd,0.229,False
d09b15dd8a8d,0.228,False
f0e2bb2091cf,0.228,False
957f3ae54607,0.228,False
009852bdcc55,0.228,False
30f42ae4d81d,0.228,False
7503e0b6fdd5,0.228,False
2576e44a2fce,0.228,False
dcb130903e97,0.228,False
cdddb41f65ba,0.228,False
64396cedd93e,0.228,False
9c8ae6527a54,0.228,False
25d24ccc62a8,0.228,False
5a551fdb9b22,0.228,False
6957da9b0f31,0.228,False
a7df4d54fa87,0.228,False
7410663a9346,0.228,False
275c11284950,0.228,False
97c780a34bdf,0.228,False
7bc126e3b668,0.228,False
18cc27b60cf9,0.228,False
db05913ada4b,0.228,False
f9ee6628f3be,0.228,False
ae36fe6ecf6e,0.228,False
6834435e55aa,0.228,False
f67d7e490d78,0.228,False
590967543773,0.228,False
c4bc923131f3,0.228,False
42a7f2d6d8ed,0.228,False
f7283c346b39,0.228,False
8cc65ff63fe5,0.228,False
87fafd02af82,0.228,False
c2dcecea22f0,0.228,False
d7b3748827a7,0.228,False
444bab6ebf4b,0.228,False
79c674d718cd,0.228,False
2ee54320fa63,0.228,False
a7bcb2f14369,0.228,False
0fab716a1bf8,0.228,False
980cead77f63,0.227,False
6ad3508437e9,0.227,False
7a198f12310f,0.227,False
1d9a063a0606,0.227,False
4d2f879efbc3,0.227,False
2112b3987fad,0.227,False
2708fbe1c20d,0.227,False
a6cce1e6de59,0.227,False
311e84943126,0.227,False
646bf148a81c,0.227,False
86a198a107b0,0.227,False
dc31740a5a37,0.227,False
b63cbcfbb6a1,0.227,False
5e9fc13d01bd,0.227,False
75463f172dc4,0.227,False
7ece98ce2422,0.227,False
4be27a05f322,0.227,False
1d8d509f220b,0.227,False
d8e27d97916d,0.227,False
d6186f222193,0.227,False
d15f7c5bb363,0.227,False
020ea564ba28,0.227,False
003140d5d783,0.227,False
75ca7869004f,0.227,False
772bfc0c9ef0,0.227,False
b4597d04cd2c,0.227,False
4ed933944bcf,0.227,False
fc73a0842fcf,0.226,False
e333379a1992,0.226,False
768fb78a2a08,0.226,False
fc354ecb1e8a,0.226,False
8bf350d4bac4,0.226,False
fbe9b63c68cf,0.226,False
c6338dbfcee2,0.226,False
48850dc47f75,0.226,False
d6e26345a024,0.226,False
75f3d80969da,0.226,False
541b8a71e269,0.226,False
1bfbe4f47b80,0.226,False
e2e652372303,0.226,False
29e60a60cd81,0.226,False
f2da8acf9994,0.226,False
978b5241698f,0.226,False
7ae5a9a82e2e,0.226,False
271f42a16082,0.226,False
273515b6856f,0.226,False
7e7eeeab8cae,0.226,False
12a6fb24dc7b,0.226,False
6fed1e6c7ddb,0.226,False
d7e3cb31653a,0.226,False
46c11adcb665,0.226,False
b72b7a354952,0.226,False
ba1309d6af90,0.226,False
0030d73cd8e6,0.226,False
66fd35b55b6e,0.226,False
ca303ea48212,0.226,False
863d9b7c797f,0.226,False
a60370a298fd,0.226,False
0e129cf9f7cf,0.226,False
44ceb6fad54e,0.226,False
acb9401c8e05,0.226,False
699d3b15d86a,0.226,False
d5c6834d7d54,0.226,False
b85f56c71b80,0.226,False
0bde26fe035c,0.226,False
8131f779452e,0.226,False
2faf76efd852,0.226,False
786396bedf8a,0.225,False
808bc2f05251,0.225,False
0f9b2c856d62,0.225,False
ae6fefe3bc45,0.225,False
2857f2e3cc40,0.225,False
8de5241b5371,0.225,False
4ccd77eb0c9e,0.225,False
63cf99a00000,0.225,False
012b05cae088,0.225,False
bf76b8688547,0.225,False
23310b4c4790,0.225,False
dc97146f9075,0.225,False
dccd1c428d42,0.225,False
eaf1f6f14e2f,0.225,False
e9e8a4052274,0.225,False
9e67549b9ed7,0.225,False
9b884193330c,0.225,False
93c5a0784674,0.225,False
d924b952a6f6,0.225,False
e217afcb8184,0.225,False
07d05800573e,0.225,False
dd4eff1d4643,0.225,False
9dcb4c98eda4,0.225,False
15c94679c11b,0.225,False
0892f04934eb,0.225,False
de95bdc6ce17,0.225,False
e617a252746f,0.225,False
e60ee750fae8,0.225,False
0434810b05dd,0.225,False
93cc41f601dd,0.225,False
d7f826d36b01,0.225,False
a6e0b8d10535,0.225,False
f3537f5d0243,0.225,False
2ebb623fcbef,0.225,False
f350a07127e3,0.225,False
947870e33d73,0.225,False
341b5aeb129c,0.225,False
7d810117d2bd,0.225,False
132ce2c8c445,0.225,False
307ffc4fbef3,0.225,False
b1f19c6e54c0,0.224,False
7e2190feb8a4,0.224,False
8fcd7e5e2645,0.224,False
7005edb78e57,0.224,False
da579f0c6bfc,0.224,False
dc6d35b28238,0.224,False
ac2fd378487a,0.224,False
275a668668f8,0.224,False
a7211300e0b3,0.224,False
79474706186b,0.224,False
b7671652f45a,0.224,False
7dfe51dc1dca,0.224,False
0a767d8c30cc,0.224,False
2e9d71bb21ee,0.224,False
2c79c2e10f23,0.224,False
b27bef03d863,0.224,False
508602a3f973,0.224,False
2f2e2073e726,0.224,False
9e78a4e35a91,0.224,False
0bb7d3a1963e,0.224,False
1390ba3e222a,0.224,False
b9b20b9ee811,0.224,False
30f18517cc83,0.224,False
8c1b58788d1c,0.224,False
c233d41b75f4,0.224,False
aced82428c10,0.224,False
f4f2cfe837e4,0.224,False
13b1cdab1d59,0.224,False
ffa0f9a53fc2,0.224,False
00aa4612f188,0.223,False
7ea60ad1da2b,0.223,False
ef7c5ed29316,0.223,False
4505f52c5ce2,0.223,False
6467311b9b29,0.223,False
e8c372f579c6,0.223,False
09500c653948,0.223,False
56f4b7b04005,0.223,False
f2603d2baf00,0.223,False
88ef41878630,0.223,False
842e6a00c9af,0.223,False
e86310ac9d0e,0.223,False
1d123b0ce593,0.223,False
034a846bf6ca,0.223,False
8e98cd4a168b,0.223,False
5ab876d3f2ab,0.223,False
59bc1b30c328,0.223,False
ea45cbf5362b,0.223,False
e5d2773a76c5,0.223,False
26f835d4a23e,0.223,False
f20c9f98c213,0.223,False
112fc54edb7a,0.223,False
dbecb3f565c7,0.223,False
0bf0c97c6898,0.223,False
70f715c1c71e,0.223,False
ba4f70445c04,0.223,False
b87c1f71964b,0.223,False
dcbccc4cda38,0.223,False
8962db56b619,0.223,False
3e80493b4bab,0.223,False
bfefd6364a2d,0.223,False
e7dd34379fc0,0.223,False
c6a06864f9cc,0.223,False
c34c66a1eb8d,0.223,False
2647c936e3c6,0.223,False
0e9bf23ad574,0.223,False
076391a41527,0.223,False
5bf0388ddaf5,0.223,False
548b40794c2a,0.222,False
00e36f056eb4,0.222,False
2ed41640064a,0.222,False
9cd715a68976,0.222,False
e93a690b2c99,0.222,False
c226afc2acde,0.222,False
8ea2287c47ec,0.222,False
995cf7299c2c,0.222,False
726083b73327,0.222,False
f0b226032354,0.222,False
d8e6ad26a1d0,0.222,False
f6b0a774fcb4,0.222,False
c3fb6aa00cfb,0.222,False
47b3a4e6ec6e,0.222,False
abeae58f122f,0.222,False
74e1741b2b48,0.222,False
7770ffc484d3,0.222,False
0acf3b2c2004,0.222,False
7a0de77cd368,0.222,False
97b298ffae43,0.222,False
d9de3b8d4164,0.222,False
6489aa0727f7,0.222,False
cdf765e9e611,0.222,False
99c5d6ac0862,0.222,False
e3f132b53fc3,0.222,False
34500330f97e,0.222,False
db914399427e,0.222,False
2ab7a1a53823,0.222,False
47ab8e3f209b,0.222,False
bd17efbd1c28,0.222,False
ebc505bfbee0,0.222,False
84524af3b83c,0.222,False
5b8aded9de73,0.222,False
e36adbc7d1ac,0.222,False
6142a939960e,0.222,False
250aab59124f,0.222,False
600293e28530,0.222,False
4cb4018e0db6,0.222,False
2417ca9d7781,0.222,False
818bf0f240a5,0.222,False
8118c0340952,0.222,False
07e771ac1b51,0.222,False
832dd013b05f,0.222,False
8507dc246bce,0.222,False
009d3daab8eb,0.221,False
630c67f0d729,0.221,False
84d68ad9196a,0.221,False
6822911440d9,0.221,False
cf3486185345,0.221,False
f708a96e3d62,0.221,False
bc7d042b084a,0.221,False
81a0223756b5,0.221,False
dac3f4b3313f,0.221,False
537a12346222,0.221,False
5925d863b3c2,0.221,False
38f1b29b8847,0.221,False
7e7bf7afb21f,0.221,False
f84a6d85f9e0,0.221,False
941863f6841c,0.221,False
43a64f36c12f,0.221,False
31bee2138ee0,0.221,False
3de898213532,0.221,False
e1348495ab23,0.221,False
33d24eb58704,0.221,False
e0afd9a458dd,0.221,False
ac6792c00b7c,0.221,False
82a6f959829a,0.221,False
d229e7b6aa67,0.22,False
c217a60839d6,0.22,False
7ea1eed49634,0.22,False
628394af3271,0.22,False
fb0da5945265,0.22,False
2de6a84814cd,0.22,False
db825563b627,0.22,False
50bfb41d98f2,0.22,False
0bdaead8ce2b,0.22,False
4ec448881f27,0.22,False
2df6ef340bf8,0.22,False
f5c62259829e,0.22,False
8905e26fefbf,0.22,False
67e75967071b,0.22,False
a97a3793f39c,0.22,False
288c88f85cc0,0.22,False
203c3a87201a,0.22,False
830963fd9d11,0.22,False
c914191b0c49,0.22,False
49b51025cd99,0.22,False
49f34031fe3c,0.22,False
7b71a93bc371,0.22,False
ce357c0de1aa,0.22,False
49d48c803993,0.22,False
2f440ac11d0d,0.22,False
5eaf828dfee1,0.22,False
1d56ce63b2a7,0.22,False
51c43c120023,0.22,False
9d72975b4b71,0.22,False
01991184ed3a,0.22,False
8ddb5df9056c,0.22,False
b9f6c0324884,0.22,False
915f61467cbc,0.22,False
5436c8045893,0.22,False
b18aacbd4cd3,0.22,False
0d1e5f0adb1a,0.219,False
03862c37f764,0.219,False
8f61dd430909,0.219,False
ce2698d7d653,0.219,False
04cdacc2554e,0.219,False
9c7ae1643d32,0.219,False
273c11a94283,0.219,False
4342cdafe03a,0.219,False
030aaadaecf5,0.219,False
2f2946d4488f,0.219,False
da1c759cc6d1,0.219,False
6bcc5115e451,0.219,False
4fc74be22ea1,0.219,False
72f0f3c8efca,0.219,False
82007a15c4d8,0.219,False
655b8dc80b5b,0.219,False
bd951781882c,0.219,False
5592f28d91a6,0.219,False
e81b696d23c6,0.219,False
712ebf1c6569,0.219,False
d722b6a6aeb7,0.219,False
e71a9d8f94eb,0.219,False
e717df5064d7,0.219,False
5de85aa3e28d,0.219,False
fed200ecf2b1,0.219,False
f0c65f2e2990,0.219,False
5e691eb3a2b1,0.219,False
31f66251d754,0.219,False
3aaa8ddd9fcf,0.219,False
28b225b0d4d6,0.219,False
eca8c2e3dbd9,0.219,False
b80dff367f39,0.219,False
4c4f987900ee,0.219,False
34e4a17642eb,0.219,False
2d6fce63f81b,0.219,False
2f7ba2e1e0e6,0.218,False
5c019936b950,0.218,False
f7aeeb850189,0.218,False
03ab27868d7a,0.218,False
44270b4b20d5,0.218,False
85e3eb343693,0.218,False
8bc1bcc7afbc,0.218,False
c39b92033247,0.218,False
5eaa65ee8ea6,0.218,False
d533b5554608,0.218,False
190be44a84a9,0.218,False
4bc7e11ff2d9,0.218,False
7d103ba32e62,0.218,False
d86c6e045eab,0.218,False
2d7371042c15,0.218,False
829f967bc52b,0.218,False
787ea01332cc,0.218,False
d3f8669d337f,0.218,False
453cbac075c8,0.218,False
88a0e8da582f,0.218,False
3f71253f1721,0.218,False
115ef6dcaee9,0.218,False
1b928465271e,0.218,False
83196450dc32,0.218,False
7e648cfcc118,0.218,False
2cbbf2370d68,0.218,False
05691c595c45,0.218,False
892aa02d4a4e,0.218,False
81112382d3d0,0.218,False
11b3516f2e7b,0.218,False
f8552a1263a3,0.218,False
72b7a6d943f8,0.218,False
ffc7730faf04,0.218,False
2d80f1f3ea73,0.218,False
2ba57ef02f7b,0.218,False
31b1ced49988,0.218,False
9c04062f6610,0.218,False
65fd4c404ab0,0.218,False
82d1050f90bf,0.218,False
78a0a0952f2f,0.217,False
7266e6f33056,0.217,False
8c65792fba45,0.217,False
2f98cbeb7511,0.217,False
3fc2c792a426,0.217,False
67eb09fdc387,0.217,False
567b198054cf,0.217,False
f28c0a4a17f3,0.217,False
bfa94db7fe63,0.217,False
679f09e62acf,0.217,False
388b74443f06,0.217,False
5350c7559a0b,0.217,False
95c0beae76a6,0.217,False
0a2929000ebb,0.217,False
64d9ed8b97e3,0.217,False
c5c95f87c273,0.217,False
d5d43becb7ff,0.217,False
e531b548ef7d,0.217,False
3e7d48367d9d,0.217,False
8c7fa788ec34,0.217,False
05dbb467d6bf,0.217,False
92c2435ad64e,0.217,False
ac80c6768c80,0.217,False
3de7c234a41a,0.217,False
1c896258000c,0.217,False
728c95c6e73d,0.217,False
a5f721402683,0.217,False
e38a61e91dd7,0.217,False
5484f170c17c,0.217,False
59b0acffacea,0.217,False
3c1878b7fae0,0.217,False
dbf7d275dfb4,0.217,False
b9c54375e016,0.217,False
0eaa4ef255dd,0.217,False
4e85baa232d9,0.217,False
527a4096610a,0.217,False
0316f54a62fa,0.216,False
b7d99ea2f727,0.216,False
674e319d1087,0.216,False
42d689fe5038,0.216,False
21b27a616bad,0.216,False
e0238d1552fd,0.216,False
0dc60ceff39f,0.216,False
28aee4058bf0,0.216,False
6cf242c2f16e,0.216,False
c197ae42084d,0.216,False
59acbf665cf8,0.216,False
d2eee52c2732,0.216,False
6810b25e5e6b,0.216,False
7f078a23670a,0.216,False
f2a89956719a,0.216,False
9a98b9ddca7b,0.216,False
d09aca800242,0.216,False
d3b830f9562d,0.216,False
4f51a227d824,0.216,False
775fe408a712,0.216,False
0a3e7a96723c,0.216,False
809284a519a0,0.216,False
efa68f888966,0.216,False
dc6a0709e6c0,0.216,False
14f9a3b9f1c8,0.216,False
85729f1e728a,0.216,False
08fb324c98a9,0.216,False
84eca70cf56d,0.216,False
3be7003004f1,0.216,False
0b7299d472e0,0.216,False
536dc78dbb34,0.216,False
d5bb0b52a876,0.216,False
851131c2a632,0.216,False
341d921cb19c,0.215,False
821fc46f1a69,0.215,False
81d2a60b2177,0.215,False
9bdc5fe39d2c,0.215,False
ca8a94326acc,0.215,False
99ef6ca9ff43,0.215,False
767452c1d0b1,0.215,False
f8982dc64126,0.215,False
7dc6da67ef80,0.215,False
1a619a0dc086,0.215,False
b0e6b33a0fb0,0.215,False
c96a9ab35610,0.215,False
233c1fc0774d,0.215,False
d108b9d5e1a8,0.215,False
c7fe29735de6,0.215,False
d4cf7341c087,0.215,False
e554736ece21,0.215,False
21785665d8f2,0.215,False
26fac1979ed0,0.215,False
850fb141b571,0.215,False
d234b95b4cbe,0.215,False
1975cb5fc231,0.215,False
3e82f6c1f0b9,0.215,False
447175eec01f,0.215,False
7f37c184f82e,0.215,False
a4e03790819e,0.215,False
0c55229cd9a2,0.215,False
947f098ca302,0.215,False
cfab4156e933,0.215,False
1fde204f2d88,0.215,False
1fdcc51f62ec,0.214,False
b6113a82a8d5,0.214,False
5bd9de31a3e8,0.214,False
0303e4ba013d,0.214,False
6abda5df90ee,0.214,False
4d2e8e4fd8ce,0.214,False
5eef9e2578e7,0.214,False
51dd50b2dba7,0.214,False
bf5fb209fda1,0.214,False
b28657c195b9,0.214,False
28ebcc8f0d06,0.214,False
e214e0c336f6,0.214,False
ab7a2f7a71f5,0.214,False
cb7d1d609c76,0.214,False
aa9cc0629521,0.214,False
1369e7f11127,0.214,False
5817b2d8bbc8,0.214,False
3c4c1d0c9747,0.214,False
cfb66ce80b11,0.214,False
af168657b67d,0.214,False
c29bc76ea6df,0.214,False
9fb5529fbab4,0.214,False
22f367a00005,0.214,False
8444ec7e5496,0.214,False
b38db9f4bce4,0.214,False
3e39b3c8bbb3,0.214,False
2026a5c15ba5,0.214,False
5e952ec97d72,0.214,False
287b68ee978f,0.214,False
89dd7871182d,0.214,False
1deedcfb7977,0.214,False
b53ff7fdd3bd,0.214,False
aa44937cc1c3,0.214,False
928f13151bf2,0.213,False
bd9bbd02357c,0.213,False
22c672616d40,0.213,False
d35e5bc82ace,0.213,False
be7a20a77411,0.213,False
37a1530c472c,0.213,False
f41b4852c77f,0.213,False
ab95e0b82184,0.213,False
9477ec48a350,0.213,False
b4229ac1a638,0.213,False
6f1e51539ed0,0.213,False
1362c54eeec7,0.213,False
202acba06664,0.213,False
1987b0ec5dea,0.213,False
b5fa0ad3ad85,0.213,False
8762bff5572d,0.213,False
7525a1e25383,0.213,False
700dff80dadb,0.213,False
0075e619af51,0.213,False
8ce0fd746420,0.213,False
1482e65b0e48,0.213,False
90766788e414,0.213,False
d79bc5dbcb3d,0.213,False
50e2e9ce924c,0.213,False
fce368d60b0e,0.213,False
7fc54612e4a9,0.213,False
35a0a3aac898,0.213,False
5f56435caf46,0.213,False
93885ab53e84,0.213,False
ac6528b5d408,0.212,False
a1d22e6de381,0.212,False
6faffaff90e1,0.212,False
5694f6d77f3b,0.212,False
e2641b853fc1,0.212,False
ad16d015b663,0.212,False
df74b9328207,0.212,False
acd94f937e67,0.212,False
67ed35feb699,0.212,False
1c042d53081c,0.212,False
cc4aa6eb2bb1,0.212,False
c22472acae1c,0.212,False
54932e9c1c51,0.212,False
f09fb9eb65c4,0.212,False
245856a302b6,0.212,False
6dc6dc5a5afd,0.212,False
3e17ddfdd81e,0.212,False
13c8d4e8c516,0.212,False
30142fd4540f,0.212,False
f0d1344dce4a,0.212,False
4cf5aa4f84b9,0.212,False
7055df76993a,0.212,False
73cbb000fac6,0.212,False
44245ddfb880,0.212,False
024dbe1c6c4a,0.212,False
89e8fdc02715,0.212,False
fce8220fbf6b,0.212,False
8a479c4301b0,0.212,False
68fa775efba5,0.212,False
d9a6af604e96,0.212,False
36da78e1df3f,0.212,False
579b8a9c7d37,0.212,False
f4d50288361f,0.212,False
9b426f7c0397,0.212,False
bbe8ae222844,0.211,False
f75efad984aa,0.211,False
d8f02ae2df0c,0.211,False
62c8f87d5204,0.211,False
542bcc3d1247,0.211,False
ff4127535ece,0.211,False
1c0142457a76,0.211,False
dfa560777f0a,0.211,False
4c8de64fa710,0.211,False
97ef4a1934d4,0.211,False
94d17587f883,0.211,False
c7b220bbf95d,0.211,False
7ed3b16887cd,0.211,False
b73e59926836,0.211,False
81d2abc64049,0.211,False
3317097b509a,0.211,False
d774c63bf7d3,0.211,False
d66fc892263b,0.211,False
6c5df7cb4ee7,0.211,False
d8428f043df3,0.211,False
66a8eb1cd7d3,0.211,False
997b02871eb2,0.211,False
0c026e20a654,0.211,False
bfbdbdee682c,0.211,False
eb57eb393e2f,0.211,False
de590f6f1608,0.211,False
522c68c00e2b,0.211,False
0d7452a731f2,0.211,False
d75c31289cc1,0.211,False
a03a3569779a,0.211,False
04a95f7cf898,0.211,False
4fdc1747a96b,0.211,False
f9d014f65f86,0.211,False
d49ae2f97cd2,0.211,False
8635885fc38f,0.211,False
ba2c546494ee,0.211,False
d43a1cb136aa,0.211,False
3f5cd8548495,0.211,False
95c4cacc417d,0.211,False
63cadd620fae,0.21,False
413d0f6b5252,0.21,False
b10e40bd8789,0.21,False
ede01ac2790c,0.21,False
f009b50af89b,0.21,False
28c3d2c55b99,0.21,False
6dc0a1f55273,0.21,False
24a7b7b512b2,0.21,False
9124fdbbf2c2,0.21,False
9e19202253be,0.21,False
734d86179b95,0.21,False
c8c0924d84c6,0.21,False
0b172fa188ac,0.21,False
568d3c288dfe,0.21,False
d1590d715a57,0.21,False
e88b0dfe4c57,0.21,False
77562bcf1bed,0.21,False
7e68203f914b,0.21,False
6086c1a7d49c,0.21,False
c82156ec8d4f,0.21,False
5d517e5ce129,0.21,False
e5a28194f687,0.21,False
881b304b3003,0.21,False
9d2b8a005bc5,0.21,False
7fb0f549fc45,0.21,False
057a5ff64079,0.21,False
c0f5d8c7231d,0.21,False
f09ace235a04,0.21,False
44624727a708,0.21,False
11e11e6932d9,0.21,False
c16c8d3af203,0.21,False
80834297e63b,0.21,False
428183e15258,0.21,False
f37287d3a2ff,0.21,False
c66030e2a9b9,0.21,False
74ac728c5d54,0.21,False
10fe8e989ec9,0.209,False
f298a7800755,0.209,False
c91cde2db3fa,0.209,False
76b2a1d7ad90,0.209,False
d129d886b957,0.209,False
7610c7bfd775,0.209,False
030c0f1cbe8f,0.209,False
56722d1ca050,0.209,False
92f618ba5114,0.209,False
13240a3344c5,0.209,False
8203d828ed9c,0.209,False
e55e6a8bd8d9,0.209,False
673d034b48c5,0.209,False
079cc79070a5,0.209,False
a7376c36aa10,0.209,False
7c138adafe5c,0.209,False
30857df7f948,0.209,False
61bfc62c1c9e,0.209,False
3215b615d30d,0.209,False
afcdcd457a16,0.209,False
20787d246a3b,0.209,False
f77dc2efec2d,0.209,False
ef0a5deb6539,0.209,False
1dcbab58c49e,0.209,False
3411c657d120,0.209,False
c7f5438578b0,0.209,False
6610a45bca51,0.209,False
6e33d7008e90,0.209,False
8c22484693f2,0.209,False
060066ace306,0.209,False
b8a79ea4919c,0.209,False
769cc6cf0d35,0.209,False
f072807a7fe2,0.208,False
39ac80101365,0.208,False
89434e4155d6,0.208,False
5c1c07cf12f7,0.208,False
0e800600f06e,0.208,False
f328a1f04481,0.208,False
6c9421e5d021,0.208,False
668768d43eba,0.208,False
145bc0b8d69c,0.208,False
3e43d424c866,0.208,False
0a856d34de73,0.208,False
0465735f42ff,0.208,False
f971f2cb740b,0.208,False
755d257d7879,0.208,False
bc4aeb9dc106,0.208,False
0f079361ee71,0.208,False
2b24053d8c07,0.208,False
b429fc1c5133,0.208,False
9b285021cf2b,0.208,False
f094ebf4b5a2,0.208,False
8ec7764da98c,0.208,False
0f8e2306c0dd,0.208,False
a1e36e7e90fc,0.208,False
4f02c094cb08,0.208,False
8aa54f2f0547,0.208,False
e80b271208d6,0.208,False
d92c729ac349,0.208,False
0c5b06576da1,0.208,False
d4fa4707c62e,0.208,False
fa59a3f299d0,0.208,False
3e6474e15f25,0.208,False
2ee66ff33cf3,0.208,False
da49adc2eee5,0.208,False
b641c3a82790,0.208,False
4fc29b9c6c85,0.208,False
ab6509f5df97,0.208,False
4574821ca2a3,0.208,False
23d7ed00b86a,0.208,False
f5dff5f3b388,0.208,False
80bb21a8215f,0.208,False
3efa4a44f870,0.208,False
b03d51b04f9e,0.208,False
0abe38b7ace3,0.208,False
e964d060361e,0.208,False
574db259000e,0.207,False
b73b7bbf8043,0.207,False
22d1096e290c,0.207,False
b268fe9e0e10,0.207,False
ce2c28ee6534,0.207,False
b7bfc91205ff,0.207,False
4a460ba6c504,0.207,False
b6ee4464b4ab,0.207,False
1b201242018e,0.207,False
6b2f4da7fb79,0.207,False
8f9af23497e0,0.207,False
16ff1188bc71,0.207,False
8638a4c231ba,0.207,False
86e51fef5351,0.207,False
29a6566fb08c,0.207,False
c909e6f390b9,0.207,False
1c3747014612,0.207,False
10fd499610cf,0.207,False
b853c114a6fa,0.207,False
51bda0329e26,0.207,False
5121d0321b76,0.207,False
eaa5e2535d7e,0.207,False
6ecd08165225,0.207,False
c17160b0d2b0,0.207,False
5e07ce13b801,0.207,False
24b5589537d2,0.207,False
72a536468aa1,0.206,False
4d421e2c9505,0.206,False
d221ea9e7eff,0.206,False
b3868385f762,0.206,False
6425cca48e86,0.206,False
40eef9d55201,0.206,False
73090b3563c9,0.206,False
40d4a279eb6d,0.206,False
08dc6819847a,0.206,False
a1cb93d677d1,0.206,False
f45426ee77c6,0.206,False
c367a9f69357,0.206,False
8070abad8ff1,0.206,False
546b60bac1c0,0.206,False
cd2bc3a0876e,0.206,False
884f480e7db6,0.206,False
1165ae469162,0.206,False
8bcdcf894da7,0.206,False
db81a61b2040,0.206,False
1f710ceafe2d,0.206,False
4ba29ed5f2dd,0.206,False
f40ff624b975,0.206,False
9238bbc2864e,0.206,False
717d41d426a3,0.206,False
112d6ace87f6,0.206,False
74eadf55f3ac,0.206,False
c2743aeb4b48,0.206,False
3589bccba8e2,0.206,False
fd4aa5d754d4,0.206,False
8d3c17f1cc8c,0.206,False
25595753d8c4,0.206,False
b9b97d15f7f9,0.206,False
a9309908ad06,0.206,False
48314fde5b47,0.206,False
c807981c1b30,0.206,False
d489966352dc,0.206,False
e595f425f580,0.206,False
5f2bcd39a642,0.206,False
d3859fc8f5a4,0.206,False
11f1f70643d8,0.205,False
613c69e9f427,0.205,False
4f1847f66bcd,0.205,False
4b6db0c84053,0.205,False
456e9e8dc43e,0.205,False
1acd27856bd6,0.205,False
c063fdd25c84,0.205,False
2f79a61f8bb6,0.205,False
9d02ef315270,0.205,False
948ce098118f,0.205,False
c87834a23253,0.205,False
459ffc01aa6f,0.205,False
01f118851309,0.205,False
517f7201d547,0.205,False
7d42301d1b1d,0.205,False
9ee4895654f7,0.205,False
3107ea53766b,0.205,False
d6a4cdba9350,0.205,False
f4c2a73863b8,0.205,False
95b54dee1233,0.205,False
abff3e2d61a9,0.205,False
3c422a3c8b56,0.205,False
a71b627a4ccf,0.205,False
3722c4414ee6,0.205,False
51e7cce6dcce,0.205,False
29d3abbcd2aa,0.205,False
fb3ce88d0e6a,0.205,False
2154a00a385c,0.205,False
9addde9713eb,0.205,False
1552a34bafe6,0.205,False
084d056ba6e9,0.205,False
c40a1dbdfcb2,0.205,False
63a1d0e73aff,0.205,False
000d5aac651d,0.205,False
993f4c2c4110,0.204,False
141550273752,0.204,False
402fa3d261ab,0.204,False
1b6c88151001,0.204,False
1b7705b489be,0.204,False
e9d8f5a122eb,0.204,False
e93735b25aa1,0.204,False
52d8c4ca2151,0.204,False
f7b5c07ccb97,0.204,False
d34797303c79,0.204,False
36efd904ab67,0.204,False
d4629f87fc9c,0.204,False
f0c2dfa11ebe,0.204,False
061b530a7ea5,0.204,False
d63c03e42e34,0.204,False
9e71c432457a,0.204,False
b04bb4b97dff,0.204,False
4c6e5b629afe,0.204,False
07770edd09e9,0.204,False
d022dbb31a58,0.204,False
89f734b6a1ff,0.204,False
1f6dccd55649,0.204,False
e72cbd46c245,0.204,False
aa3acedf6d09,0.204,False
36f294be47f8,0.204,False
c7077947122f,0.204,False
5df2a943f5b7,0.204,False
b53e2782bc86,0.204,False
326c253d88d6,0.204,False
3bacbec480e8,0.204,False
71b6cf668b2e,0.204,False
c68aa12a6221,0.204,False
4922e6a544d1,0.204,False
b6bf6ecf50fb,0.204,False
daa3358bfce2,0.204,False
c5e52d619108,0.204,False
06d618e23d08,0.204,False
29c8aadec801,0.204,False
b777c40e7a7e,0.204,False
637605928b23,0.203,False
5654108ba96d,0.203,False
bf32c6dfb926,0.203,False
cb74297dbb7d,0.203,False
86ed265704fe,0.203,False
9f9d1f450091,0.203,False
d0a056e424dd,0.203,False
545762fddb55,0.203,False
30ea71358e4a,0.203,False
a93c7ef52b1b,0.203,False
b32974f79a8e,0.203,False
46868e28694c,0.203,False
c3c07e00dc60,0.203,False
6e83c23c0664,0.203,False
7004aba7ac5f,0.203,False
3b6dc6f9c79d,0.203,False
9aff68907a52,0.203,False
b20066c80f94,0.203,False
500d972394e5,0.203,False
8d2cd0b2f308,0.203,False
ad4a52348a35,0.203,False
8fc9592ae814,0.203,False
349f47afb4ba,0.203,False
4cde2830fd1c,0.203,False
4cd1844d9112,0.203,False
c22cc94d9de1,0.203,False
c9f58fc0028c,0.203,False
c8db60c1ce1a,0.203,False
81ac4dff19cc,0.202,False
90306bb6d4bf,0.202,False
bc3c708232d4,0.202,False
160b7dda82b1,0.202,False
bbd07a439322,0.202,False
ce5b1e45ad1f,0.202,False
b4a0abc76783,0.202,False
aaf73513b63c,0.202,False
c883e7d63de7,0.202,False
7d2bf734fa64,0.202,False
b0384431112e,0.202,False
a544498a59a3,0.202,False
a40e3af7bf8b,0.202,False
318e98175b48,0.202,False
4a22d2eb69f7,0.202,False
71c2c6c690bf,0.202,False
28cf0592dd85,0.202,False
2a106e69a2e4,0.202,False
49722ee16a34,0.202,False
a9164b2b060b,0.202,False
a7b2eca4e175,0.202,False
0ee39228133d,0.202,False
7a8ac2cbbe98,0.202,False
65f010206304,0.202,False
1b8e92eb8746,0.202,False
f8448862882a,0.202,False
57a304a53841,0.202,False
87054f6d9c87,0.202,False
eb4be4f86e2b,0.202,False
ea5cc51bc05d,0.202,False
4f49b3fed2f1,0.202,False
78a29a2995d1,0.202,False
1f55f0e4b555,0.202,False
59e723997fdc,0.202,False
7850d4c5d98c,0.202,False
e31cbc1108d2,0.202,False
238c24f1b327,0.202,False
a1537e1a7cc0,0.202,False
d53de8b41a94,0.202,False
99c4a0f39729,0.201,False
121e9d2d3d0b,0.201,False
809c80e07e7b,0.201,False
e376fc8856c1,0.201,False
8fd1d642568f,0.201,False
cedcd7c03d5b,0.201,False
89d176fbcf6d,0.201,False
9f7e3c761889,0.201,False
bfe22f9a5cb6,0.201,False
7eb10224dce1,0.201,False
ed7b65ca6d76,0.201,False
e8f9941768b5,0.201,False
9d2f2040811b,0.201,False
f88cc28cd980,0.201,False
f886e25442ca,0.201,False
2564f51b4d29,0.201,False
6717d8bc582a,0.201,False
251c11b663ea,0.201,False
920d1315e84b,0.201,False
c4379f5add14,0.201,False
a44c14b9cc01,0.201,False
ae66d6a132cd,0.201,False
dc3cb8ae1a3f,0.201,False
fb22e389dc75,0.201,False
f309c0ac1c87,0.201,False
0ef5feb31757,0.201,False
c5738a4f0128,0.201,False
6aa4481e8a73,0.201,False
c864e29ecc11,0.201,False
f3a6510d5373,0.201,False
8da9155d8862,0.201,False
b117b224a0e2,0.2,False
ef904c9bd7a2,0.2,False
99132f6bf8ec,0.2,False
950526c86735,0.2,False
e67f0603823e,0.2,False
e68a8ee000f8,0.2,False
3de28ae0af4f,0.2,False
656f8ad2d460,0.2,False
8258471fbe31,0.2,False
7c8a7ce09b7f,0.2,False
727b6b26a5cb,0.2,False
07583297ab59,0.2,False
de92921e1983,0.2,False
4f91cae5b84d,0.2,False
18ad4605d96c,0.2,False
43f001f59870,0.2,False
facea382ca09,0.2,False
058b53c578c9,0.2,False
14ceeef931f5,0.2,False
160f8b8e8c03,0.2,False
8dee5bfefc33,0.2,False
d66593fdd09c,0.2,False
62cae36253f1,0.2,False
80c08c04d86b,0.2,False
6a70d41b9892,0.2,False
330256b134af,0.2,False
4814941d9c29,0.2,False
1699488268c9,0.2,False
8cb407ab79f3,0.2,False
7f5418c61469,0.2,False
71f1f573efd3,0.199,False
18bdcc3b1636,0.199,False
848df70498ae,0.199,False
a42fedfa879c,0.199,False
29926a8f0d6b,0.199,False
65343374ee25,0.199,False
06f59f294075,0.199,False
e9d1ec25702d,0.199,False
08b7b08e3fec,0.199,False
24a523106687,0.199,False
f1e9cd1694e0,0.199,False
1f641081538f,0.199,False
ffa117f8ce5a,0.199,False
6177303397c4,0.199,False
1d4df5a31642,0.199,False
da55a2837100,0.199,False
6230d1060c98,0.199,False
1623f11dfd78,0.199,False
f31728d7e3be,0.199,False
c661ceaa9709,0.199,False
8ad8da59b580,0.199,False
b3191d36b92c,0.199,False
67c787f4bcba,0.199,False
adfc1cf24037,0.199,False
701b8a5dad86,0.199,False
a6fddf5d3654,0.199,False
9ac3dc4e8e5b,0.199,False
325ea3110a76,0.199,False
eda613576682,0.199,False
0e53b998fd70,0.199,False
f3834c61fd21,0.199,False
9821665fbad4,0.199,False
38c0a4e66b5c,0.198,False
79fcf18bf523,0.198,False
c903c7cf83ac,0.198,False
5941044b899f,0.198,False
e1a50961b251,0.198,False
3a9686f5ac89,0.198,False
7423719accc1,0.198,False
52b6f3889ac3,0.198,False
7abe961cbea4,0.198,False
20c1aa1cf535,0.198,False
56edd3cd8168,0.198,False
4575a124ffdd,0.198,False
c1f21c866a83,0.198,False
9bc9446e047f,0.198,False
96d548fe6f2c,0.198,False
d93b8def5d31,0.198,False
9b43d03a4065,0.198,False
63dd12573ae7,0.198,False
eef79c161675,0.198,False
f4862ce293d2,0.198,False
bf963c07b687,0.198,False
586f1a4f36e3,0.198,False
0bef0fb542c8,0.198,False
46b63ec9d238,0.198,False
cfbd7db0e66b,0.198,False
b3cc5f2341b0,0.198,False
094005464d62,0.198,False
697cdd247efe,0.198,False
3e5b794dc808,0.198,False
1aec5149b7e0,0.198,False
b7b9b6565071,0.198,False
2c3b40aae937,0.198,False
0c501c08681a,0.198,False
327a9cb55ce4,0.198,False
2b412c31ca58,0.198,False
8a892328c857,0.198,False
8d78d221f719,0.198,False
71048997c0db,0.198,False
44abffe38609,0.197,False
7c6c72d9c830,0.197,False
47328fea433f,0.197,False
39b9fe65c8ae,0.197,False
afff3f0d8ca6,0.197,False
fccf8c441012,0.197,False
11cb166286c5,0.197,False
4ad459fa5009,0.197,False
de43f60d87dd,0.197,False
058e80f96811,0.197,False
39e6e77c8bf4,0.197,False
4f0d6a3269ed,0.197,False
45ab2115d12a,0.197,False
ae8f86492f7f,0.197,False
3b61593fe664,0.197,False
315b69a45a3c,0.197,False
792d7eda99f9,0.197,False
9b5044bb8e8a,0.197,False
4030a5b4b111,0.197,False
6d895fa7ccbb,0.197,False
019b323fc0bf,0.197,False
92d3856bf0a9,0.197,False
5d062b5045c2,0.197,False
4666afdd2872,0.197,False
3806136509ff,0.197,False
7af1177d79f1,0.197,False
84608d865d08,0.197,False
777b95af73fb,0.197,False
ed5d8aefb651,0.197,False
0360d4199bc5,0.197,False
5a87594da90f,0.197,False
0dd1905c402d,0.197,False
2390be9aef7e,0.197,False
4ef2c06de0e7,0.197,False
9ecd64fb6894,0.197,False
4d75ce61d29f,0.197,False
6687b987b797,0.197,False
1edd327cc37c,0.196,False
cc990c31e60e,0.196,False
744cd129216b,0.196,False
3bf335675a1d,0.196,False
cffac8dfde91,0.196,False
f0ba13584f2f,0.196,False
e5d70bff3fbf,0.196,False
7e1473fefdfc,0.196,False
2f7ac96cc0ed,0.196,False
7fe64e9c7c83,0.196,False
4b3ebb0a81f0,0.196,False
676470a0070b,0.196,False
16a2ab5c08a9,0.196,False
fedcff5f0e93,0.196,False
2af4451f31a2,0.196,False
a84ae17d78a5,0.196,False
ba60775fb26d,0.196,False
4995b5ecf8d0,0.196,False
5f4ef56c63f1,0.196,False
56fd74960f8b,0.196,False
396e05d5d67e,0.196,False
036486fb4b9d,0.196,False
9dbfda7823a6,0.196,False
9f2c88bcbf86,0.195,False
f79e2fc01224,0.195,False
8782fe0f7e0b,0.195,False
36b248841eb1,0.195,False
6be2641f28f2,0.195,False
e3f59c7276fc,0.195,False
212a6bfc1eea,0.195,False
52a40d261e2f,0.195,False
a1525191d065,0.195,False
aa5d836bbfa1,0.195,False
877f1cd2eb45,0.195,False
e07ea1ae5989,0.195,False
b4c78edf9552,0.195,False
af5d6d4955ae,0.195,False
b37d3e1b4ebf,0.195,False
058cc979612f,0.195,False
d4d801a45752,0.195,False
942a531ff1c3,0.195,False
0b5b2b32ed46,0.195,False
f90dd6bdc74a,0.195,False
6d2df48be3a1,0.195,False
277f9e022132,0.195,False
b20b6b267308,0.195,False
a8f257687761,0.195,False
9cc262f19284,0.195,False
19f2be85ad17,0.195,False
027e74ce76ed,0.195,False
578abf291fc6,0.195,False
50eccb1846ef,0.195,False
2d12dddf3929,0.195,False
9a0ca162a21d,0.195,False
f323ff2a9521,0.195,False
173ddc82b958,0.195,False
02efd0115f10,0.195,False
5278ad6216b1,0.195,False
6f3a08166cd3,0.195,False
3961ab0dedb6,0.195,False
9969a774175a,0.195,False
9b33ced2192a,0.195,False
790ff031ec79,0.195,False
385008965bda,0.195,False
383efd2790c3,0.195,False
8e56c2959e24,0.195,False
803b429a4bf8,0.194,False
d31eb955959a,0.194,False
5d982f2e4d7a,0.194,False
6b5c3a2f9a73,0.194,False
f34dace6f7c6,0.194,False
626e7a9330d7,0.194,False
0d2088f57308,0.194,False
56ed522fb6ff,0.194,False
76c85ff643a6,0.194,False
222c9665284e,0.194,False
64c54917dce8,0.194,False
f39afd676fd7,0.194,False
153b4bb445e5,0.194,False
a966d19e864b,0.194,False
b0b3ee79a4d4,0.194,False
3f61c1b0a6c1,0.194,False
39c93835c193,0.194,False
232eee75516f,0.194,False
67ab31ccebd1,0.194,False
7fbd93950f33,0.194,False
c6c77931ab04,0.194,False
755af6c636d8,0.194,False
3ac796c1bb70,0.194,False
38c48d7053f3,0.194,False
b36f15915113,0.194,False
ef437a2252a4,0.194,False
00311e6da87b,0.194,False
ea4309d092ec,0.194,False
9bc2403519df,0.194,False
a9d7a51cf3e6,0.194,False
4b6a707feb49,0.194,False
288418765d17,0.194,False
f24324ad8105,0.194,False
8ecf8033c896,0.194,False
73ce45284031,0.194,False
a7fe02757e88,0.194,False
e99689a62c48,0.194,False
b101bb8b8238,0.194,False
f5e513cb2bd6,0.194,False
81cde1d57a55,0.194,False
0805710cb2a8,0.194,False
f9fe464d66e3,0.194,False
a914452e877e,0.194,False
4da5dd0ee89c,0.193,False
9879dc199837,0.193,False
107c3b79e1d6,0.193,False
6ca00be8d31d,0.193,False
c5c3132aec32,0.193,False
f908f1ac1c38,0.193,False
abe3597498bc,0.193,False
5fa8c82e51a4,0.193,False
6af309676d9b,0.193,False
d8e0f5eec341,0.193,False
2731eb238e86,0.193,False
d44d7f5dd6be,0.193,False
66001c1b2f96,0.193,False
25064d1f81d0,0.193,False
e96d263a4533,0.193,False
3b7fedcf6a2c,0.193,False
fb3f7d80d09d,0.193,False
d7953bb73b67,0.193,False
70f0e4f427cd,0.193,False
d1683edb376f,0.193,False
eb7097f09e35,0.193,False
6142d7c52ddb,0.193,False
8ec2adbdbdc2,0.193,False
4a2b839ff3f4,0.193,False
59b96ec00ea4,0.193,False
b16cc993d477,0.193,False
62fae1ae109b,0.192,False
699a7c0602c2,0.192,False
f035cf2c5e00,0.192,False
61e50dff9f45,0.192,False
3fadcf43e291,0.192,False
0c3555a098fa,0.192,False
31028eab5f54,0.192,False
6ff494ee22e8,0.192,False
f5374ad6da14,0.192,False
3a35dd045e22,0.192,False
4b8b3786bfc4,0.192,False
56a5f14506d7,0.192,False
33ba8bee8f3f,0.192,False
c04b160e4d24,0.192,False
2888078086b8,0.192,False
2ad0c3445922,0.192,False
6fe1cc2225af,0.192,False
1cb68f95da7f,0.192,False
e557042be295,0.192,False
4d213c414d55,0.192,False
660e808731c6,0.192,False
91312cd17241,0.192,False
e5404f312c10,0.192,False
528f8fb18b25,0.192,False
0a8e64914665,0.192,False
538478d0edca,0.192,False
143cc1c03080,0.192,False
a899c25396cc,0.192,False
2403f9b31ab4,0.192,False
3c851fa8ce62,0.192,False
c22b5c6c8223,0.192,False
eed6b13fe93e,0.192,False
f667984c7b4a,0.192,False
8b29fecbf44b,0.192,False
60918b4c10b0,0.192,False
1b5936e1ddd6,0.192,False
da1e4ae9313a,0.191,False
296baa65d129,0.191,False
7db1ad5f82dc,0.191,False
838569362876,0.191,False
063cb6ba3db5,0.191,False
aeb9891c4dc7,0.191,False
6e6973200246,0.191,False
692e725ca3e3,0.191,False
19db4809448e,0.191,False
284fbe840675,0.191,False
bdfefd2927a4,0.191,False
cc5a38eec419,0.191,False
95adfb08968d,0.191,False
1b5b5eed3e70,0.191,False
a37958a5d5aa,0.191,False
343f9b2cd5e5,0.191,False
6cd803f6bc5e,0.191,False
b7d05ffbe493,0.191,False
8490d0bdbbcd,0.191,False
3349b6c09cd3,0.191,False
0eb7772c9e93,0.191,False
1da4cb5908f0,0.191,False
0afb829f7544,0.191,False
7de0b37f8a1e,0.191,False
147a88f1e479,0.191,False
21b6921447bd,0.191,False
eca77f91bb49,0.191,False
067c5a1f32ba,0.191,False
6a9b16ecaeb4,0.19,False
be2c9c69b780,0.19,False
e5bacc00dad3,0.19,False
be54d487cca1,0.19,False
e56e3a34cf54,0.19,False
07e9fddab831,0.19,False
bce614fa22da,0.19,False
80c00f4bac0b,0.19,False
765fd24e22d2,0.19,False
961ad912854f,0.19,False
e4c8501e63de,0.19,False
fe2bcb3fb44a,0.19,False
e42774ac0358,0.19,False
b05e397c8799,0.19,False
7a99f220e661,0.19,False
93c13bcbaeff,0.19,False
b7eeaef04337,0.19,False
44f018f09b8a,0.19,False
d77c0909c55b,0.19,False
de2687782bd2,0.19,False
7bdd52bd76f6,0.19,False
87b0cf8e0607,0.19,False
dab5f50b0d2c,0.19,False
7d6e3a73fb86,0.19,False
f766f0d5f672,0.19,False
b5ab61353d0b,0.19,False
a8f0b450004d,0.19,False
0ef559db6e5c,0.19,False
69ed0b46da7d,0.19,False
25ea7a8d27f6,0.19,False
46cebe8cc705,0.19,False
f74eb9bb5e6d,0.19,False
be049cee331e,0.19,False
9ca1909a3d0a,0.19,False
c1cb69948e27,0.19,False
6735000cb11d,0.19,False
9560f6606e5a,0.19,False
ead53a29b7d0,0.19,False
c945634e892b,0.19,False
0ee5f0fa3b6f,0.19,False
df5fc453c3a8,0.19,False
8e363618cc70,0.19,False
79319267ff93,0.19,False
0cf5c007e516,0.19,False
2b700b4518b0,0.19,False
dc7909b14dd8,0.19,False
6ed7bfda95c4,0.189,False
e96a6750e7e2,0.189,False
8172b10361b3,0.189,False
990928a36561,0.189,False
b1905d2735fc,0.189,False
781abbd4f081,0.189,False
0b77541ccba6,0.189,False
d3c9299bf0b7,0.189,False
ba5d75ffd432,0.189,False
fba84c2bd7bb,0.189,False
d1bb73d42bc4,0.189,False
386ddd348b57,0.189,False
ac8d8e5f5095,0.189,False
251525ea0fc2,0.189,False
3d3958900974,0.189,False
d2264d48e5ff,0.189,False
eb6ed18d87bd,0.189,False
7c4423ed0190,0.189,False
8e41673495ff,0.189,False
619e53c175a3,0.189,False
2926c5bbeabf,0.189,False
da9a4d492603,0.189,False
f77a1db0c69f,0.189,False
6eb638ce73c5,0.189,False
c09974e21fa1,0.189,False
68dcfc417c29,0.189,False
3ad4f1d34b13,0.189,False
b32dbbaba714,0.189,False
3d4ebd6dd642,0.189,False
9a9f11bcef37,0.188,False
6c6dd5a69bfd,0.188,False
00391536e6b1,0.188,False
01abae7c78d6,0.188,False
3438d5e6a930,0.188,False
e54e46f8bc06,0.188,False
f440ad6a71a0,0.188,False
6dd1b77eeee0,0.188,False
f6b8220243ed,0.188,False
2ea76bd3d078,0.188,False
2cf143432c02,0.188,False
2e02ee6bfae7,0.188,False
8f4ce907bb10,0.188,False
a545627c03b2,0.188,False
b6d5630988cf,0.188,False
4e2441377bd6,0.188,False
cd0fca7b66bd,0.188,False
37fe8f4fd5c0,0.188,False
145060f316e5,0.188,False
54edb49e2b78,0.188,False
668693d352e7,0.188,False
b5d05eba15ed,0.188,False
60f657fa0960,0.188,False
a1fcd90c92c9,0.188,False
3f73097a4633,0.188,False
f1601482e95c,0.188,False
880519fcf10a,0.188,False
ac91a02ec9b0,0.188,False
f5193d63d36f,0.188,False
ca10ca3bcf95,0.188,False
02029b01c192,0.188,False
53393bc8459e,0.188,False
c285a2ba8698,0.188,False
fdbfbdd4cbb1,0.188,False
7bfdc081ce57,0.188,False
a4df53c631da,0.188,False
470fb247d75a,0.188,False
e9d5299b7cd2,0.188,False
f087252e86a9,0.187,False
8256fc00ca51,0.187,False
6be8fae63acb,0.187,False
e492bed2c019,0.187,False
35ff1501cec2,0.187,False
594a31768ddb,0.187,False
c84db3ace8d7,0.187,False
47b67ea991f5,0.187,False
cb8a3ebb09a1,0.187,False
3ef44b93b4fb,0.187,False
2dc1edae1d3d,0.187,False
7c210c9b493c,0.187,False
2b234aac0130,0.187,False
5c31909549a7,0.187,False
8f89435a78fc,0.187,False
9d85ac5ceabf,0.187,False
3bb9fb0093df,0.187,False
955abbfc6dee,0.187,False
cbb7e60ad9c2,0.187,False
608590621ae6,0.187,False
1406a324a636,0.187,False
634ac30110e8,0.187,False
540e143fb9bc,0.187,False
1e8e78fbcc5d,0.187,False
b569a6d6b1a4,0.187,False
c7338b72b779,0.187,False
9c237161c631,0.187,False
26071ea9e63d,0.187,False
42bcc5376589,0.187,False
742d3c21fd8f,0.187,False
5f6bce23b28a,0.187,False
e148dc2bd261,0.187,False
bf02e91ba102,0.187,False
f6120210c283,0.187,False
14237a2e0be5,0.187,False
819c99510271,0.187,False
1055bc389937,0.187,False
23967b1e7c59,0.187,False
ac8ad21ab6de,0.187,False
052e9dd2807f,0.186,False
1ea7f9e96cbb,0.186,False
1f7aec27ba81,0.186,False
723a712de1f8,0.186,False
aa2808616ee3,0.186,False
4aae05c9cd9e,0.186,False
6379da11e6e5,0.186,False
94f94d691f0f,0.186,False
18f66de4d6ec,0.186,False
32efa501dea8,0.186,False
64c7a0d7fa2f,0.186,False
0e70cabfecbb,0.186,False
6f00d11ae1d0,0.186,False
d3f34a54d3e6,0.186,False
bec49eee5d2c,0.186,False
0cbaaf553ba5,0.186,False
6a6547b174b6,0.186,False
cf23359a1885,0.186,False
21b29f5ca724,0.186,False
fa99f0ba087a,0.186,False
7e2a71d2b9ad,0.186,False
e71ead81f82e,0.186,False
cc818e06b395,0.186,False
8dbd29d4ccf9,0.186,False
bd59436d5369,0.186,False
989dd066d65a,0.185,False
200a1d682175,0.185,False
c1551b09d55d,0.185,False
a1d290f734d9,0.185,False
2248b2073e71,0.185,False
f6fac37f74b3,0.185,False
73b99d3dabbf,0.185,False
e30f7ebaf3d5,0.185,False
a2b48734d83c,0.185,False
2671b65c15c4,0.185,False
198eeda1a6fd,0.185,False
1964e44e390a,0.185,False
7bf2f6aedb3e,0.185,False
28774f12860c,0.185,False
23d6cf28ac58,0.185,False
254a986a03dd,0.185,False
d7ca0d6b1a88,0.185,False
4940f343b50f,0.185,False
2c0b4edb2687,0.185,False
ebe21e8630d7,0.185,False
57eed295dfec,0.185,False
bab32230ba31,0.185,False
5e986da98834,0.185,False
34b3eb28bc0c,0.185,False
6aa43ae3d55b,0.185,False
edf3f9593269,0.185,False
8c822267517d,0.185,False
6d37028a574e,0.185,False
6475be3f746b,0.185,False
b57b23648d2d,0.185,False
02bcbdd7e00b,0.185,False
caa37a2ecce6,0.185,False
8e9c1bcc31d5,0.185,False
d4d31bd38b8c,0.185,False
7d26d7a4d6d9,0.184,False
c6c6e3f4bb29,0.184,False
7e568682fc7f,0.184,False
a7758e758e3b,0.184,False
5bb2cc645aa3,0.184,False
a2e5b4b6a254,0.184,False
28c6124f42f8,0.184,False
a3338e149c35,0.184,False
0a634464819f,0.184,False
b2be02681a53,0.184,False
e0d8adde7998,0.184,False
a17157077a1c,0.184,False
851d3b4e582a,0.184,False
626733edacfc,0.184,False
d4e92898b8a8,0.184,False
53baa6b235ed,0.184,False
5fdb9ea15cbd,0.184,False
7ff8e359117a,0.184,False
960315118187,0.184,False
c7c98389dcdd,0.184,False
c475948c5214,0.184,False
bab5cacdef28,0.184,False
a5eb43025e1a,0.184,False
2c623f1951c6,0.184,False
c4a7e3080711,0.184,False
da263bdf1883,0.184,False
fa3b137438dd,0.184,False
353ce190e1cf,0.184,False
c8a26781471e,0.184,False
d42066c9a6d3,0.184,False
e2d2cf642a97,0.184,False
03e5f77f112a,0.184,False
e5689638669d,0.184,False
80917816766a,0.184,False
1eb94fe42746,0.184,False
4e7e51c472e5,0.184,False
9de9072a3fa7,0.183,False
e2249e54a76f,0.183,False
0d95ab06d417,0.183,False
7672dd530e7c,0.183,False
149598995465,0.183,False
d4e317b3646f,0.183,False
09f56a813155,0.183,False
56555123003a,0.183,False
375133a78a22,0.183,False
274270c51522,0.183,False
228ba559adb6,0.183,False
e55bcc627dce,0.183,False
ef963c1cbeb6,0.183,False
cc00c3dcd27b,0.183,False
2397e1e9a599,0.183,False
2966abdd2ad7,0.183,False
49d52584c2e7,0.183,False
43b256206aa3,0.183,False
04997e721a03,0.183,False
add72cd227e1,0.183,False
fa963b95c47e,0.183,False
2b8384a84efd,0.183,False
2b90aa0f68d1,0.183,False
bf18bc89d98c,0.183,False
6b658e39039c,0.183,False
601b96bdefe9,0.183,False
00b66e8070c9,0.183,False
8b3ad498a4e4,0.183,False
434d740af95c,0.182,False
3a382404f361,0.182,False
c996e13e11cb,0.182,False
d6d089ef526c,0.182,False
80d89b6ffba2,0.182,False
f4abaada60df,0.182,False
693d42b25982,0.182,False
004f95523855,0.182,False
94dafbd3c80b,0.182,False
aca47f5232d0,0.182,False
9a0c88124a6d,0.182,False
0ccf649f4c42,0.182,False
3f3f30d21dcb,0.182,False
6d1b7d9d0a9c,0.182,False
3078617b6de3,0.182,False
0f078bfc88f1,0.182,False
fd8fbad11bed,0.182,False
bb2e295bc7d5,0.182,False
0e3c23df5f30,0.182,False
de3660721940,0.182,False
c49ffcfafe93,0.182,False
eb636b27b2d1,0.182,False
25f313e5f7e8,0.182,False
d0142ce3fca3,0.182,False
0a6847f9cca0,0.182,False
7a3c011de7e6,0.182,False
13bb0d0a0056,0.182,False
e6a58df8c807,0.182,False
01a7698fa1c4,0.182,False
872969e132bc,0.182,False
e1415bf53441,0.182,False
a4788a8cfe3a,0.182,False
6c00a57bf120,0.182,False
560bfb200762,0.182,False
811c6bfcee66,0.182,False
3678ca58b822,0.182,False
9f64ab113ebf,0.181,False
80557fd2e335,0.181,False
ef04589c5216,0.181,False
43bd34b96623,0.181,False
5bf74f707078,0.181,False
0b5048120292,0.181,False
b835d05b3483,0.181,False
248ac736bbe1,0.181,False
288685d90f27,0.181,False
28f337bbdd7a,0.181,False
7944dfd5df34,0.181,False
895200e5c0c9,0.181,False
4cbfb03ed859,0.181,False
3de3f93443c2,0.181,False
1d11e20572ea,0.181,False
c04db494a68c,0.181,False
edff837cb12b,0.181,False
5fe78410737b,0.181,False
399d50062444,0.181,False
0cdffc8ad0f5,0.181,False
0c75ece19c47,0.181,False
eb365756f06f,0.181,False
7e90c9c5def4,0.181,False
cd5a07b838de,0.181,False
86e98d6ec3e1,0.181,False
3f870bef1e9f,0.181,False
46a8c6e5cd51,0.181,False
f35c1f120e3b,0.181,False
058e786b8711,0.181,False
b47aa34afa0d,0.181,False
14b42f629f4a,0.181,False
e9d7e70524f0,0.18,False
cc8bf32b960f,0.18,False
e6236969e2aa,0.18,False
9fd523c3c64f,0.18,False
9fa3a785ed69,0.18,False
4b94a9353922,0.18,False
753ffab9a296,0.18,False
f92c413022eb,0.18,False
f6fc3e00e9c6,0.18,False
f20cfba1b431,0.18,False
4c7a7e8402a4,0.18,False
2241e7906e8d,0.18,False
01da64e9970e,0.18,False
e85eed88297f,0.18,False
4f068709875b,0.18,False
863963916ec2,0.18,False
c3220ced2f94,0.18,False
3b4a30706fe6,0.18,False
ea6ad7d7ea0b,0.18,False
e9f5bc976707,0.18,False
3f8a9282bf77,0.18,False
0ad2602d4cd0,0.18,False
85ac51fd0fac,0.18,False
d9039ae20654,0.18,False
d975a2d55c4a,0.18,False
48e47971d542,0.18,False
3ac3f5310326,0.18,False
09188023ee4d,0.18,False
c45c6b17fd29,0.18,False
7d4b92c26967,0.18,False
bf90e99755b1,0.18,False
709887610b11,0.18,False
88b531595957,0.18,False
06d94d641d4e,0.18,False
d7ae9dba3495,0.18,False
c6f4aa72bef4,0.18,False
f7b78cefc247,0.18,False
3a96f7398db2,0.18,False
56d65f24aafe,0.18,False
6d9e3625cca7,0.18,False
0500249b1380,0.18,False
6c3269f07417,0.18,False
8b4e488558e4,0.18,False
8b4a01b06b41,0.18,False
0596cf3c6dd3,0.18,False
8572c3ff9d6d,0.18,False
5fd7aea08f72,0.18,False
0d820fdc2e58,0.18,False
55c2db8ad1cd,0.18,False
d93c46e3ad06,0.179,False
2fa7fef0e749,0.179,False
2095ca0b9816,0.179,False
e7c992dc64a2,0.179,False
20a7e232b7d9,0.179,False
5dc8d94c4c64,0.179,False
1c6a7e10c7d3,0.179,False
32e5f9ba3217,0.179,False
7397eedf9168,0.179,False
ac7fb641fec9,0.179,False
7f84169c9ee9,0.179,False
558d68c09480,0.179,False
e5c93adeb029,0.179,False
494b6154ad3b,0.179,False
c4e129cb6d13,0.179,False
64cd85c4f689,0.179,False
a7b388ef5c6f,0.179,False
6cdff80e0296,0.179,False
e4162b2419d5,0.179,False
ea390c5de83e,0.179,False
8768c6f83701,0.179,False
18b8ce87b398,0.179,False
706598700838,0.179,False
93725c470a99,0.179,False
b800b5b371de,0.179,False
8b54e2f6aa7a,0.179,False
59e2950cd422,0.179,False
4da2113acdb7,0.179,False
72e9fd07db3b,0.179,False
6c4fdcbc2404,0.179,False
e6d4ec770a84,0.179,False
7305eee2171e,0.179,False
35291379170e,0.179,False
510c101f6bb5,0.179,False
4b7dd2553ae1,0.178,False
20e7a7137464,0.178,False
8e69b586f52a,0.178,False
d954ac819a4d,0.178,False
bb3e579d8862,0.178,False
6f70f93db949,0.178,False
a103373fb3ac,0.178,False
04b43278da5a,0.178,False
aa886407f580,0.178,False
b364827887bc,0.178,False
443c6ab2db2a,0.178,False
971ceab40651,0.178,False
c811c0ffa890,0.178,False
e074138fa2ba,0.178,False
e6b84b63cf98,0.178,False
78e73d925f0c,0.178,False
7a2962145098,0.178,False
503a182c2037,0.178,False
366a31e51445,0.178,False
9a406420b91c,0.178,False
e67cd0311028,0.178,False
79d2307fe9c7,0.178,False
3bf28afdf521,0.178,False
1cdda1e55980,0.178,False
4e93b281acbc,0.178,False
9bfeca4f0726,0.178,False
e21dc1ffe303,0.178,False
3ef7cbbcea84,0.178,False
e353a2d32062,0.178,False
96a8073ac4a3,0.178,False
e7f645abe2ce,0.178,False
5af30b468105,0.177,False
6f515d7cc676,0.177,False
5aa220a37f42,0.177,False
4758682fce07,0.177,False
1751cf1e8882,0.177,False
9e42ef68e45a,0.177,False
944c38f1f89c,0.177,False
3b2d76bb189f,0.177,False
b1a61043a51b,0.177,False
1e1e410a5364,0.177,False
5d56a57e419f,0.177,False
79078a078fd9,0.177,False
00123fb6f525,0.177,False
deb7e9ce751e,0.177,False
361f0834b806,0.177,False
e11b806b40a0,0.177,False
0807e6845a0d,0.177,False
82eabd352d8c,0.177,False
ef49afb61a02,0.177,False
c217cc022deb,0.177,False
ed4e132d0bea,0.177,False
c96200e810c1,0.177,False
a621a7c65def,0.177,False
a1b45e4850e2,0.177,False
050627075534,0.177,False
0dfaef101366,0.177,False
5419121a9f94,0.177,False
61de37081697,0.177,False
cafd8fab9d2c,0.177,False
e8bc69968ec8,0.177,False
bda3df658f6d,0.177,False
787bcc6c0647,0.177,False
2e3f36ae7633,0.177,False
f44c5eaa1fc0,0.176,False
3e311ece5602,0.176,False
b58aa8c1d2c7,0.176,False
559ac5cdcaf0,0.176,False
0ab417406230,0.176,False
0dc201ed0bec,0.176,False
396d64143082,0.176,False
175bc4ef93a3,0.176,False
b530cfc93b8c,0.176,False
b52abcf46fe3,0.176,False
595115670570,0.176,False
2e08e9314fb5,0.176,False
6c3df268603f,0.176,False
872910738954,0.176,False
67ab5ab8f3c7,0.176,False
c701f8cb7895,0.176,False
fc118a84966d,0.176,False
d0e996261788,0.176,False
f3fb3329d03c,0.176,False
3351bf45e8a1,0.176,False
449486e65d0f,0.176,False
f11bfdf9137a,0.176,False
a49a17f28f23,0.176,False
252793298781,0.176,False
bbb072c3487f,0.176,False
102d717d45e7,0.176,False
7cd73f2d8655,0.176,False
2a8a29bd4f19,0.176,False
73aa0bf581de,0.176,False
7fb62b2bad89,0.176,False
028d333f3115,0.176,False
142d66067dbf,0.176,False
6ad66d1b7b3c,0.176,False
13453d4ef4ca,0.176,False
7f22460eeabb,0.176,False
27bb4b987fe0,0.176,False
30b77eb87e02,0.176,False
490171ac05c7,0.176,False
bc5a5adc5f12,0.175,False
fd9423e9bb76,0.175,False
e71d398f1eaa,0.175,False
485b4d348f15,0.175,False
5a9c080d17ff,0.175,False
45bd63ca601f,0.175,False
63fe7772b8a7,0.175,False
44c3cf96ce3c,0.175,False
72c51f5f0b0f,0.175,False
e115c0cd0ab7,0.175,False
5efa49c0d324,0.175,False
7f614a6ccc90,0.175,False
d66532f489a8,0.175,False
5ee8f7da98c3,0.175,False
2651e3793b43,0.175,False
25e1591251c9,0.175,False
982a30284e2a,0.175,False
11b5917f002a,0.175,False
826ba88c61c7,0.175,False
2a4ab5cd9cc7,0.175,False
aaeae540cdab,0.175,False
10f4e87fe7b4,0.175,False
7ee56658c738,0.175,False
04bf0b6b8074,0.175,False
57386d3870f1,0.175,False
ace555c1ab4f,0.175,False
718ffe13074d,0.175,False
d621a25fd2d4,0.175,False
5c4ca741b4f1,0.175,False
2e5f52a4af58,0.175,False
619c28bddff1,0.175,False
96036f3fdecb,0.175,False
9e147e696785,0.175,False
adc1b6e15190,0.175,False
fc0d8a75fc82,0.175,False
214a45831b69,0.175,False
ea9588f36523,0.175,False
24491870cca8,0.175,False
a2b42952214a,0.175,False
679f49c3ef42,0.175,False
503ca2045d85,0.175,False
1b8ca40e6eb9,0.175,False
7afd9ec0d79e,0.175,False
f038656129dc,0.174,False
a4d44f5ec432,0.174,False
7f0d77c55391,0.174,False
4c4699b6278e,0.174,False
c9614bba19c5,0.174,False
29a9c33a5932,0.174,False
408b39ec9323,0.174,False
697f114c1f2d,0.174,False
de32da4d4411,0.174,False
ddf8a78d6921,0.174,False
bb3cd8bc696c,0.174,False
bec87f3d78a5,0.174,False
275ba7f04bba,0.174,False
421572a7c301,0.174,False
01c3c49af0a2,0.174,False
cee9682ef9b1,0.174,False
e05eb585e3c2,0.174,False
0cb69448d67a,0.174,False
4247f06ae03d,0.174,False
32d1ea519b1e,0.174,False
1ae1a30dd15c,0.174,False
55902822bf65,0.174,False
9dd802c2246c,0.174,False
f3f06f306bf2,0.174,False
87710c9ccc61,0.174,False
7c01c0d318a2,0.174,False
daa9ea8c5cd2,0.174,False
84e47bc731ff,0.174,False
6fcd316511e7,0.174,False
c4e77ab8e175,0.174,False
4a7e42f6c7f4,0.174,False
38b5bf5d873e,0.174,False
bac2144d094d,0.174,False
bc053435e887,0.174,False
701949fa5283,0.174,False
99ee4e81204f,0.174,False
ceb4cddbb323,0.174,False
0569aae8c06c,0.174,False
e27fbb7888fa,0.174,False
767edf1292b9,0.174,False
18621a06e750,0.174,False
177f89ed7c0f,0.174,False
39a7b5538237,0.174,False
21f9655d4403,0.174,False
f22e3f4d1225,0.174,False
c57c808f5aeb,0.173,False
8c74e9be6082,0.173,False
749a4efe0b9b,0.173,False
cd398f46a87e,0.173,False
10c7144e3bcf,0.173,False
d5c1709fd84f,0.173,False
ac9e4970e04e,0.173,False
8b58ee45a9cf,0.173,False
12af40962577,0.173,False
9a3fcf4c6ad3,0.173,False
3e7902f330cf,0.173,False
7887e78ac923,0.173,False
6e2a9080e491,0.173,False
aedaad24b4bc,0.173,False
144ada9d8a13,0.173,False
000de0e88c7e,0.173,False
eecad8759195,0.173,False
6a577bbbabb8,0.173,False
ec7037f8b3b7,0.173,False
c1cc2429190c,0.173,False
f724d9829873,0.173,False
228c009032a4,0.173,False
96a22b66bb5a,0.173,False
a652a0eb531d,0.173,False
4b8ff360e2b4,0.173,False
64d070442d9f,0.173,False
21edbac30a7e,0.173,False
da8056e8bac7,0.173,False
5c87371983c7,0.173,False
ce5c21d3d15d,0.173,False
03ad10da9140,0.173,False
fce70aa35b1a,0.173,False
0c9fa0b377a5,0.173,False
6d52aa6a4ca7,0.173,False
669de8c3248d,0.173,False
552d625eb176,0.173,False
2301f249df79,0.172,False
3f2619f02a94,0.172,False
d239df95477a,0.172,False
5879f70e5d84,0.172,False
6234c36faf53,0.172,False
19165eb15393,0.172,False
197ec785dc28,0.172,False
01450f1ef6b6,0.172,False
e330cd5f167d,0.172,False
418ead226f9e,0.172,False
70ee94a2e004,0.172,False
f302ac6189ec,0.172,False
e2676b77487a,0.172,False
433893e4a0eb,0.172,False
0edfa170b53a,0.172,False
4ea842506fe6,0.172,False
e4cee911956d,0.172,False
649c9c1cd74e,0.172,False
daf14578a92c,0.172,False
c0e3397ac939,0.172,False
075b7ae53928,0.172,False
e4ac80952d6b,0.172,False
fa5160cf7183,0.172,False
c2cbd2cd0582,0.172,False
35ed775cff8c,0.172,False
35a49a36dd16,0.172,False
ce17d0518aec,0.172,False
fa29bc1f5e95,0.172,False
990528f74b09,0.172,False
c947bf89ddb1,0.172,False
97ac4a6d593c,0.172,False
3637765ccc1f,0.172,False
81d5c32f83c1,0.172,False
d58e1f288eef,0.172,False
f879454976cb,0.172,False
accd08719a59,0.172,False
24d6beae5ef2,0.172,False
24eddc613032,0.172,False
0542ac7dd164,0.172,False
47cbee06b4ec,0.172,False
a3af9dd54894,0.172,False
d043646ee61e,0.172,False
34b5216d7e17,0.171,False
e1a44f0f81fe,0.171,False
b11e36ed4f86,0.171,False
9143fa2f6746,0.171,False
cda41c5612d8,0.171,False
60eefbc85303,0.171,False
52f0a13d2d18,0.171,False
e3edb51f82db,0.171,False
185d35ae2cdd,0.171,False
05b838314959,0.171,False
328d558c4fc5,0.171,False
22309964920c,0.171,False
ad773162091b,0.171,False
cdc2d5d79f68,0.171,False
bfec29fb0fa3,0.171,False
93db5add4e4a,0.171,False
b5b970fb8a25,0.171,False
e71f44cd962c,0.171,False
c8b97aa345bc,0.171,False
e9122eb77e87,0.171,False
a47da8d8299e,0.171,False
66bff4179241,0.171,False
edc49cd07303,0.171,False
cef5a874bf1f,0.171,False
55e997c4aeef,0.171,False
7ec75a508874,0.171,False
d0fa9bdee371,0.171,False
df2c2a705f6e,0.171,False
d4571db5cc16,0.171,False
1b151e2f1650,0.171,False
a68d6e86e74e,0.171,False
2e3e8f0bf814,0.171,False
868afb738252,0.171,False
17fa42ff594c,0.171,False
9c332dda88be,0.171,False
7620b2bc708d,0.171,False
bca0e2c73717,0.171,False
c5dd33001a50,0.171,False
1be97007e9ce,0.171,False
43dd436a1d12,0.171,False
2dd2c6633760,0.171,False
b33c760a38b7,0.17,False
f39a14e8bd64,0.17,False
3e5c4b6b029d,0.17,False
1dd593794964,0.17,False
9ae30163d4f7,0.17,False
150d000bccc4,0.17,False
f987a30d286f,0.17,False
8739cc3c6b98,0.17,False
eba1c89f0305,0.17,False
b30fa9aaf804,0.17,False
0d640f57a8ab,0.17,False
60d596d0de29,0.17,False
64b00e913179,0.17,False
b6c2e3e4f3da,0.17,False
c9c508e7ea4a,0.17,False
71aa84cb5516,0.17,False
71d18b6fc9b0,0.17,False
b01465eef4fb,0.17,False
1aaeb22203b3,0.17,False
0ed5343226bb,0.17,False
3d0395f7c524,0.17,False
ddc3546f5c50,0.17,False
c956768603f7,0.17,False
acb7f310c4ce,0.17,False
24ed7031432d,0.17,False
fd9570ea6848,0.17,False
744bcebd1c08,0.17,False
12b5f2e23cc3,0.17,False
c4d4c7ba7178,0.17,False
e101757ea052,0.17,False
d2a22141016e,0.17,False
af8ad75b77e7,0.17,False
6f230e16adad,0.169,False
aad22b51e32d,0.169,False
9fcfcaa305f4,0.169,False
d062a501a383,0.169,False
ae26e0f842ef,0.169,False
f85bb01b308d,0.169,False
fc75009fdfae,0.169,False
c7acd7a67679,0.169,False
bb625f43922a,0.169,False
fa57ee7455c5,0.169,False
78b61ecdb3e5,0.169,False
3d9708d25479,0.169,False
7a1d1879b161,0.169,False
35faccead8ef,0.169,False
8c243930009d,0.169,False
ae7595af1862,0.169,False
1a758b12b2f5,0.169,False
7223a4eecd5c,0.169,False
2990219f91bf,0.169,False
67c5c07ef248,0.169,False
a2f5e18b1333,0.169,False
4847985cf972,0.169,False
7cec85ed63be,0.169,False
76c527daa71e,0.169,False
2bea526d96b5,0.169,False
e0fdd6e874e0,0.169,False
25e93c755e21,0.169,False
ad92e998c655,0.169,False
df75fbbfd025,0.169,False
bc491891d921,0.169,False
d7743a84454e,0.169,False
2f846af2b713,0.169,False
fdb37df4163f,0.169,False
0070d8e56145,0.169,False
e30eb70a02b8,0.169,False
e97db644a386,0.169,False
c06aa084d879,0.169,False
81bb36d77e1e,0.169,False
7739fa5867e3,0.169,False
c4a2fb99f6de,0.169,False
98604949f5ae,0.169,False
4f4e8c0886b6,0.168,False
46ced61f8246,0.168,False
9cd84c0db4c3,0.168,False
018dba98a8a6,0.168,False
87b27c1a5f80,0.168,False
591b91b5d300,0.168,False
fe21e24bcdac,0.168,False
d020fa2aaf71,0.168,False
323f606cfd1d,0.168,False
2b6ddaa1cb31,0.168,False
2b05dbc94c88,0.168,False
598b2e249603,0.168,False
e68f2d942aab,0.168,False
99df3dc0e7dd,0.168,False
ac7531f62a88,0.168,False
8b06afe5711d,0.168,False
5b4780d386f8,0.168,False
3d747975174c,0.168,False
214d97084a36,0.168,False
3615211754fb,0.168,False
38c5c8dda9e4,0.168,False
2422c4a158dc,0.168,False
53e6755355de,0.168,False
07d91cf43a84,0.168,False
9a886433a73a,0.168,False
ef0e8dcd173b,0.168,False
eca656e95183,0.168,False
2acf21713677,0.168,False
3327d80db78f,0.168,False
eb93ebcbc7b8,0.168,False
c3f8dc414f9d,0.168,False
941901ee54b4,0.168,False
c143cfbf953a,0.168,False
4317edd29a26,0.168,False
6ce2ae909ab9,0.168,False
f6fcf8ef7baf,0.168,False
b2c7bbf4128a,0.168,False
1698c9f665d7,0.168,False
5214d51a52ea,0.168,False
9c401b26a5b7,0.168,False
9ee81baae29e,0.167,False
3cd469985678,0.167,False
58afb83215dd,0.167,False
d78505ed72ec,0.167,False
842fabbdf833,0.167,False
9655f557c135,0.167,False
e4f07f24a460,0.167,False
9662639f0448,0.167,False
0c6e96b9c8ea,0.167,False
7d196ccb3cd6,0.167,False
23da72c096af,0.167,False
f32c8214ccce,0.167,False
eb4e9b4940b6,0.167,False
c0e76f304756,0.167,False
aebe378c10f1,0.167,False
3bfbfed29a81,0.167,False
956692cb22b7,0.167,False
8ba57c051b66,0.167,False
bfcef82550cc,0.167,False
909dbb1fb993,0.167,False
efd18a5776f4,0.167,False
e85e94540380,0.167,False
82e8960c4a2f,0.167,False
77bf3ca5676d,0.167,False
8b0d9669b13c,0.167,False
a30a7fd08e82,0.167,False
b8fd5af34f6d,0.167,False
bc0432c969ed,0.167,False
b0e19644140d,0.167,False
fa73bbd06852,0.167,False
dfb11cc2ed79,0.167,False
144aa5b85fde,0.167,False
740db5317914,0.167,False
e6209fc04466,0.167,False
1f07817585ce,0.167,False
85e7bd480f8a,0.167,False
e566082e15dc,0.166,False
27b6171b9b7d,0.166,False
1ead9b755e4d,0.166,False
458968ef9a8f,0.166,False
4c2e9a4a9e53,0.166,False
9ad13a1393b2,0.166,False
ed20745a9151,0.166,False
294faaf20fa2,0.166,False
4c34069f0240,0.166,False
996f5c67fa0e,0.166,False
b83af00458f0,0.166,False
273a058bb8f1,0.166,False
47a0c8b894da,0.166,False
38341862e98d,0.166,False
3680a4908154,0.166,False
4cb92c1461d4,0.166,False
dfca04eaa63d,0.166,False
55a996edd92d,0.166,False
fd01d402aafd,0.166,False
ba7abb349811,0.166,False
0d1866e91098,0.166,False
769abdb43ef1,0.166,False
0bfdbdbfe72c,0.166,False
5c3045e696b8,0.166,False
bb51cd66ff06,0.166,False
10b2c8cc4027,0.166,False
726f747d5a4a,0.166,False
4acc02b7b394,0.166,False
7a577d09c94f,0.166,False
18c9b31859f2,0.166,False
de797b4f0d82,0.166,False
cded41fcf6e8,0.166,False
fc32772edcbc,0.166,False
4a61d6ef2a2b,0.166,False
08b6a4c18ff6,0.166,False
bf548d1372fb,0.166,False
0886e33263dc,0.166,False
25c9cc1e2210,0.166,False
7ce68fbd71b5,0.166,False
5dc55cdb03ac,0.166,False
92fffbcf7f0f,0.166,False
84391b4f8f3c,0.166,False
fc945b82d5e8,0.165,False
ff7abbfdde24,0.165,False
953d58debee9,0.165,False
cb888435a791,0.165,False
251f398a3b1b,0.165,False
260129327c39,0.165,False
7ae1d7d2c0ed,0.165,False
8b33bd46b8c8,0.165,False
0f320eb0397e,0.165,False
dc1cd909238b,0.165,False
894fb7439ce6,0.165,False
0493dbf09e9a,0.165,False
c3fdbd445987,0.165,False
0a9c0093c2ce,0.165,False
a69f4d7f435e,0.165,False
9cba0fde1488,0.165,False
0140a74265eb,0.165,False
bd095940a281,0.165,False
c02c80b89ec9,0.165,False
f5ee7c95c0e7,0.165,False
7c96fcfbb1cc,0.165,False
965424e399da,0.165,False
f6f83f0aae8a,0.165,False
c36d8d5a2bec,0.165,False
803448b237ce,0.165,False
474f4b9e2074,0.165,False
07de444b8552,0.165,False
3d13e480c6bc,0.164,False
04b663743fed,0.164,False
862bb024a0a1,0.164,False
14ccc077da8b,0.164,False
652d8e282cdc,0.164,False
fd4f3e297bac,0.164,False
9525140f5dd6,0.164,False
0c9312e1c743,0.164,False
cf8fe498fc89,0.164,False
d92a77d6f9bd,0.164,False
732c8ce85eaa,0.164,False
9de03c31fbf8,0.164,False
063ccd13c7d5,0.164,False
366d2c02c9ef,0.164,False
998f912dddc3,0.164,False
26ccf910cf33,0.164,False
cb8fc443e308,0.164,False
30c06465467f,0.164,False
2efc3e72e8f6,0.164,False
6de3be62e063,0.164,False
0f249630f0e9,0.164,False
a0deb1a75743,0.164,False
47cd4b1ca106,0.164,False
f7d3139b978e,0.164,False
53a3b1fd2228,0.164,False
508fe2365621,0.164,False
53577acbb2e9,0.164,False
c4ef6013c80e,0.164,False
6bdd1b312cd4,0.164,False
220836a0b66d,0.164,False
de20536f448c,0.164,False
2da978d61a81,0.164,False
74343e039204,0.164,False
06784195a861,0.164,False
b597d5435683,0.164,False
f99effa296b7,0.164,False
0553313f7b1f,0.164,False
5134eb59eb70,0.164,False
80034f461525,0.163,False
a9770a1f7c10,0.163,False
5fa731f88534,0.163,False
13e72f6bc267,0.163,False
ac0a32660520,0.163,False
3758f6509e2a,0.163,False
69a835deed91,0.163,False
74bf5d713fc5,0.163,False
1b3bb62860c0,0.163,False
c2251f5617c3,0.163,False
d5818fa6ee8f,0.163,False
403c9156fe8d,0.163,False
8faa867118c3,0.163,False
8c4399cf1b7d,0.163,False
078d559c2ec3,0.163,False
aba7f0eab421,0.163,False
20f7bbf86bc2,0.163,False
cd4d3bbfc4da,0.163,False
cd58bd47f249,0.163,False
08e4ed98e85b,0.163,False
bc00479c0cf3,0.163,False
0efbe2648913,0.163,False
33ede53c0ab3,0.163,False
b51a81955162,0.163,False
b9dfefacdfec,0.163,False
62f8a1253b09,0.163,False
dd2b894a33d9,0.163,False
17b4f8ad25cb,0.163,False
3be07110d702,0.163,False
03f8abc6ce23,0.163,False
04fb151078e3,0.163,False
3a0e2c608815,0.163,False
42fa0d30e89f,0.163,False
3e525fce1389,0.163,False
7c5a85d66cbd,0.163,False
a818a9824ae1,0.163,False
4976b02c03f5,0.163,False
8f7596ac1ac3,0.163,False
497b06943fde,0.162,False
9f3c7674d404,0.162,False
af54ea7b7862,0.162,False
e39e866e4fa1,0.162,False
9cdc192b701f,0.162,False
229efead69a0,0.162,False
174a98c96ad0,0.162,False
eaebdd71f367,0.162,False
17c5b83ca29d,0.162,False
d29a374e9c58,0.162,False
b07eab904da4,0.162,False
b552d1e9b60f,0.162,False
52ca412027d4,0.162,False
529feb1010b5,0.162,False
e1f508a0b076,0.162,False
faa4c869f111,0.162,False
ec66a16dad77,0.162,False
73bfe8573fa6,0.162,False
27faf3370d53,0.162,False
3bb07001fa44,0.162,False
3bbae2a78f04,0.162,False
07fa994ca64e,0.162,False
285c2c61d3b3,0.162,False
bb781a6475bc,0.162,False
8a3fc2ad42c6,0.162,False
fa0d7e57a012,0.162,False
a3a1992bfc4d,0.162,False
7865d11bb606,0.162,False
d8dedd07cfb2,0.162,False
a88c6ad665fc,0.162,False
413361d610e8,0.162,False
31475e3860a5,0.162,False
c63d287656cb,0.162,False
0d6057efaa55,0.162,False
51555b5f2f08,0.162,False
95e0b1ffb2f2,0.162,False
b1a6fce56a0d,0.162,False
c6c40410b21e,0.162,False
3505dd548540,0.162,False
40f6a05cfee9,0.162,False
c98179738beb,0.162,False
d5571fd64c8e,0.162,False
cce8051c54e0,0.162,False
81cc2c896592,0.162,False
985939459e76,0.162,False
6f72524ed158,0.162,False
4f605147e84d,0.162,False
4231b53dd62c,0.162,False
d68cb1027709,0.162,False
593c89ae1a1f,0.162,False
dd11ed8a7ac0,0.162,False
aab80b5260c5,0.162,False
f72c87ee56f7,0.162,False
873918c87fdd,0.162,False
fdf0f5ddded6,0.161,False
b62ff352760c,0.161,False
bcdea76a3bbe,0.161,False
bc0bf1608801,0.161,False
3a1ae9401336,0.161,False
eda832fbac9a,0.161,False
a3333094f0d4,0.161,False
754ebd218def,0.161,False
6465f3786217,0.161,False
5ea07b27f462,0.161,False
ab2b654563eb,0.161,False
44f06aa3f834,0.161,False
361987464db1,0.161,False
139d7d2f37c9,0.161,False
13c94731e41b,0.161,False
eccef23ecd15,0.161,False
d3e3593349c7,0.161,False
a490aabab960,0.161,False
5a71bcf335cd,0.161,False
a5c6afbf3426,0.161,False
2a2650272609,0.161,False
aaf3824da9f2,0.161,False
0f4ff80b9916,0.161,False
4a76bef33dda,0.161,False
c50e1594ad3c,0.161,False
6c79eb5ceeb6,0.161,False
340b55adb624,0.161,False
784e72fce93d,0.161,False
95c38c5a3a96,0.161,False
c0dca2a18b44,0.161,False
6cbc3805f225,0.161,False
86ff3da3e818,0.161,False
6fc802784e27,0.161,False
ba7155c0724a,0.161,False
f60c38179fb5,0.161,False
d8e42a8c968c,0.161,False
8e01ef46f113,0.161,False
8cd4ec80d22c,0.16,False
8433608d7857,0.16,False
41c613b8b764,0.16,False
439ee78a9bd1,0.16,False
8c8912b4c941,0.16,False
a8d5612e57dd,0.16,False
db50cf63e64f,0.16,False
9705f9eeeb2a,0.16,False
6ddb781330b5,0.16,False
93e257ae18d2,0.16,False
33f636752556,0.16,False
601e95f30229,0.16,False
044b394135ea,0.16,False
fca68de469bc,0.16,False
7862ac8c2d59,0.16,False
ee7c647ed013,0.16,False
5e66574f656e,0.16,False
1e44140e68c8,0.16,False
8919a1e41e83,0.16,False
8b1b9341f541,0.16,False
16ab0f000c8e,0.16,False
7b6eeaac0562,0.16,False
fb13377b08f6,0.16,False
6b436915d84f,0.16,False
f9fa7c13a341,0.16,False
c40ebf15d405,0.16,False
176726fb213c,0.16,False
d3f7ad32fca7,0.16,False
76aea0b0c1f3,0.16,False
9c6896176122,0.16,False
c0cc969d9b49,0.16,False
6611bd5598a1,0.16,False
d041de51b8be,0.16,False
9ec384b5df69,0.159,False
b344ccb1e23b,0.159,False
79c995e42f76,0.159,False
be7503072761,0.159,False
8ad3dfcdb86a,0.159,False
ec740a51f493,0.159,False
9b7c8c000851,0.159,False
41c49d1423de,0.159,False
5f3bc841a7fe,0.159,False
a3a4bc3d4f8b,0.159,False
f793d680a48c,0.159,False
20696c3988bf,0.159,False
baba72b71b30,0.159,False
742ace863fb8,0.159,False
629d3ea693d3,0.159,False
9e6fe540523d,0.159,False
84f02a76b8de,0.159,False
42604c776a98,0.159,False
d91ed16b6fe8,0.159,False
96b1683fe725,0.159,False
f04ff8db9d19,0.159,False
93c91a01942e,0.159,False
0d155a88cdb9,0.159,False
54ffbdda15a7,0.159,False
3caf8d11365a,0.159,False
7a1d1bd5e671,0.159,False
af7d0e271903,0.159,False
b0c2a5091750,0.159,False
e499f71926ac,0.159,False
90b852445b84,0.159,False
be623c444ef4,0.159,False
e4bb2c194f68,0.159,False
14faa687aa91,0.159,False
9e10a062041d,0.159,False
26eb1b2fd7f9,0.159,False
147e34ff55af,0.159,False
40d659e5727a,0.159,False
25a219e943ce,0.159,False
0aa9585e7ba6,0.158,False
4d8fba627a8e,0.158,False
c9dc55a30c93,0.158,False
bc6963612178,0.158,False
008c28a29a25,0.158,False
c0c502b569e6,0.158,False
5d9ea0c2f393,0.158,False
ff26e40b8cb7,0.158,False
d7e1557e0e33,0.158,False
3b25c182d281,0.158,False
f133ee63ba0b,0.158,False
2fcb1429b5a1,0.158,False
58511777a868,0.158,False
dc486ac362a0,0.158,False
d0a36bff42fb,0.158,False
b673d2e826a1,0.158,False
5cfead8ccd01,0.158,False
9ed4eac5e92b,0.158,False
5adcf0a386dc,0.158,False
8085ac8149b0,0.158,False
349691c67446,0.158,False
5a7f82b7188e,0.158,False
e08087521c85,0.158,False
9282c6f20aeb,0.158,False
c3793efd5e68,0.158,False
1bec0de8bb40,0.158,False
eddac9329eb5,0.158,False
741f0d377f0d,0.158,False
04923029eacd,0.158,False
4a7120721c17,0.158,False
f8b9aac2f458,0.158,False
275b14001f4b,0.158,False
20ee46b19ac1,0.158,False
8becbd282ecb,0.158,False
b1565c2e45e4,0.158,False
15208bec4d07,0.158,False
9ae355feb49c,0.158,False
92857d7f28ee,0.158,False
c3d043bf3d94,0.158,False
46733b5e68e0,0.158,False
76e870f39f1e,0.158,False
b0fabc343497,0.158,False
38597f6a1270,0.158,False
3fbb6440d03c,0.158,False
3d7b19d359fb,0.158,False
ff2aeb9004ea,0.158,False
42e3c1ecb152,0.158,False
667094fec04d,0.158,False
548323face52,0.158,False
8d1894a9859b,0.158,False
6fd577310a4f,0.157,False
2e3e9699b038,0.157,False
1f13d2b4724c,0.157,False
cb3634f38b8f,0.157,False
18aee9863624,0.157,False
eacce05104a6,0.157,False
914911b637f1,0.157,False
6ab9c301042e,0.157,False
972556e9a755,0.157,False
036081ea8e51,0.157,False
63e516fecfb7,0.157,False
d42937cd160d,0.157,False
6affda244277,0.157,False
c3f76c45e98f,0.157,False
82463fac3e00,0.157,False
8580ceafca49,0.157,False
7723e074947c,0.157,False
e7a16c2cd5ec,0.157,False
8a84721f2a10,0.157,False
630cb49e2e37,0.157,False
d5291d2faf55,0.157,False
baf29dddd3c3,0.157,False
ab09eee3183e,0.157,False
80808df1ed58,0.157,False
5b5d30d4a767,0.157,False
f40ab4407932,0.157,False
02d6052415e3,0.157,False
c0cf7795da04,0.157,False
3d4b7f1f7f33,0.157,False
21351f0a2213,0.157,False
7a28a6e66828,0.157,False
da8b411629db,0.157,False
58f5e6e5c1ed,0.157,False
acc69b083ce7,0.157,False
d2a8a017b5ad,0.157,False
ab83f236c62b,0.157,False
1a273b49f615,0.157,False
12c89d91de8a,0.157,False
994fb79da466,0.157,False
63ac0c5aa80e,0.157,False
4ac2631be433,0.157,False
1c287805800c,0.157,False
6b5ca12c795a,0.157,False
4bad6bc5ac3d,0.157,False
b94099d38c32,0.157,False
6da5107c93e3,0.157,False
204e5e8c025b,0.157,False
f9d8a8773eaf,0.156,False
f9a0e7412c54,0.156,False
d9f0b5f58a69,0.156,False
a38b80ca5fa2,0.156,False
6c231df9cf59,0.156,False
3193fc849d4a,0.156,False
55de5ebf97d9,0.156,False
886b0f2c296b,0.156,False
28af3880bd70,0.156,False
29353ff8e1b1,0.156,False
08794303f9aa,0.156,False
e1389f2ea06e,0.156,False
07526e0f0267,0.156,False
9c1f48bb1cfa,0.156,False
112bf3b4021f,0.156,False
0ae48db67c96,0.156,False
68c1336279c3,0.156,False
2a8062e255d9,0.156,False
77197b2cac86,0.156,False
2c78e23e79d1,0.156,False
b99a144a3af0,0.156,False
3ff8331e5eab,0.156,False
2b4d460d398b,0.156,False
e78af37e6a18,0.156,False
2e110c7e41c3,0.156,False
fe9081180ab4,0.156,False
381cc6618be9,0.156,False
c42c337e76d2,0.156,False
a7f74fa893fa,0.156,False
7ac5af2f42cd,0.156,False
a81f46b328c0,0.155,False
b72e7ed7b0f9,0.155,False
d3c62f85d4c4,0.155,False
78fe3080eb49,0.155,False
0f14aa396119,0.155,False
8b3ef87fb48f,0.155,False
60c80c2d5df5,0.155,False
dd54b4f9c893,0.155,False
e7c4e9b662ab,0.155,False
422ab967099f,0.155,False
3ffc81c9d751,0.155,False
7cc36a22f9e7,0.155,False
e248a498c889,0.155,False
94ff4e443acf,0.155,False
9c9067773976,0.155,False
f8f14a1ae19e,0.155,False
1c175b325fee,0.155,False
9251fdfcb24b,0.155,False
e0c15d203a6a,0.155,False
9cb45f40935f,0.155,False
81d8dec2c68c,0.155,False
498f1ec04574,0.155,False
68f1619247e6,0.155,False
c6d03a6694c6,0.155,False
b8b02466a75d,0.155,False
121982a6e03b,0.155,False
a3b6412224bc,0.155,False
90d712a261ba,0.155,False
4cd7d678579c,0.155,False
ce015a3564f1,0.155,False
53ec2e585eb9,0.155,False
f37c1bdeaa41,0.155,False
3bdf2f3d2809,0.155,False
aeaf7bc0c93e,0.155,False
1a329acb6d96,0.155,False
3d494601adb9,0.155,False
c569f0ec77b1,0.154,False
9f43b0507818,0.154,False
848d600bf846,0.154,False
4912c6592906,0.154,False
bdb7cb416308,0.154,False
3eaddb4578df,0.154,False
e4b9dc783f03,0.154,False
130fc3c43df9,0.154,False
4c72e44adc29,0.154,False
edb58166a4e1,0.154,False
ee007b7ab583,0.154,False
161729e4a5d6,0.154,False
eeab4bdc0a30,0.154,False
13141536d693,0.154,False
3f19fd31fa73,0.154,False
1cd51653d51c,0.154,False
836057ce71fa,0.154,False
311de57b6438,0.154,False
dcedac1570bc,0.154,False
947405b859d9,0.154,False
1f97f5c91089,0.154,False
fa412540f2bf,0.154,False
f3568676d860,0.154,False
eadad8f614cc,0.154,False
8cfcc9bfc98c,0.154,False
670b57038b8a,0.154,False
cd40d9c4f111,0.154,False
0cd72e8f5c25,0.154,False
a24196a7f880,0.154,False
fac6ed03fc19,0.154,False
8b647088fd24,0.154,False
d4daaa1de5ab,0.154,False
f211d00e73bc,0.154,False
dda08f16e4e3,0.154,False
c3b99f1729be,0.154,False
4477e74a33eb,0.154,False
319bc9aa3576,0.154,False
d7c55823ff53,0.154,False
44acbe3a0714,0.154,False
80c4ceffcb79,0.154,False
7e236259c5ae,0.154,False
7e56a64e7a1e,0.154,False
f6f1a9f842e5,0.154,False
88cca759b6d5,0.153,False
c545b2ea30d1,0.153,False
84645f4f127e,0.153,False
54cdb2777750,0.153,False
bcfb3c6c5720,0.153,False
dbab5b45dcfb,0.153,False
e76b24da84c4,0.153,False
86226d1591dd,0.153,False
0b851dafe40f,0.153,False
0672d6486b00,0.153,False
dca2b13a576d,0.153,False
a7ec5767b3d2,0.153,False
0e68bc650c4a,0.153,False
6f406fd8e806,0.153,False
58a259a89778,0.153,False
0e04e7d7dff7,0.153,False
6fae30db94c7,0.153,False
7cabb0ea7393,0.153,False
a6686c1b4046,0.153,False
8a959693d5c1,0.153,False
c9dd8f7e1397,0.153,False
110da907be99,0.153,False
2072168fa61c,0.153,False
885f57cbc719,0.153,False
25e51ae4b623,0.153,False
a0973b2f735b,0.153,False
736ffa41eed7,0.153,False
28fafd72845b,0.153,False
660f3c78e35a,0.153,False
669fd25e081e,0.153,False
e8f4e43bf3dd,0.153,False
636886a253b7,0.153,False
57d55653164c,0.153,False
bf86724d287c,0.153,False
39cc465ba508,0.153,False
1d457cd1e8a4,0.153,False
e567e60c7232,0.153,False
d0a202f8f9f0,0.153,False
245308d97de1,0.153,False
a4e9f576945c,0.153,False
6d7ab5c23d9c,0.153,False
e280232c744e,0.153,False
8db144be885c,0.153,False
869124aa649b,0.153,False
b3f3e5dfe8c2,0.153,False
32e3fa263490,0.153,False
8ed6551a849a,0.152,False
80e134299a08,0.152,False
4fdfef513533,0.152,False
237e4deac1d4,0.152,False
6fca53ea8595,0.152,False
676da3593b3b,0.152,False
d9f7627573e8,0.152,False
6fbd868dfab1,0.152,False
b265899f3627,0.152,False
ce85fa2b0b35,0.152,False
092819665a5f,0.152,False
21a037d302f3,0.152,False
35be4359a544,0.152,False
cef8ad220ab8,0.152,False
71ed4557d203,0.152,False
fa6e693309eb,0.152,False
906a8749ee4e,0.152,False
5b2d55d735ed,0.152,False
bc17d5b5a0f5,0.152,False
7fdb4e044c73,0.152,False
b090f67ce4ae,0.152,False
4ec133ee239a,0.152,False
2e4ee450fa46,0.152,False
840d27249fd5,0.152,False
06d791af59d8,0.152,False
59a8dbe06fa4,0.152,False
0afb1b7fb2b8,0.152,False
945dc4fe7e96,0.152,False
a57f43bf5c87,0.152,False
4cf6889c8715,0.152,False
9e6b949ac6ed,0.152,False
04bee2216818,0.152,False
3b7c975a84db,0.152,False
718cd022f17b,0.152,False
968a11d90e03,0.152,False
0af0737f2686,0.152,False
56d70714f854,0.152,False
ab69ab6ccb7c,0.152,False
d75e13fa99ad,0.152,False
f0498c6eccdf,0.152,False
bfe509ba11f1,0.152,False
d7074d0ca3ee,0.152,False
c84a4bcc6fb8,0.152,False
28f988709719,0.152,False
f753c959ae15,0.152,False
c3b9b709fe54,0.152,False
8a3bf5bc54bd,0.152,False
1eb6e27c4f5e,0.151,False
19a75a22a1ef,0.151,False
1ef76347bb8c,0.151,False
3a550902b561,0.151,False
d096d26bbb63,0.151,False
3ae9d2953b10,0.151,False
d67f0e61c93b,0.151,False
e48b670349cf,0.151,False
a113e8ead0ea,0.151,False
404e649ce447,0.151,False
e49fd74a7d5d,0.151,False
7df401e58c68,0.151,False
be376fe70a8a,0.151,False
b07c511d2452,0.151,False
c94e33000180,0.151,False
9077e916725d,0.151,False
6d047a99cad4,0.151,False
c03735546cc0,0.151,False
7e52991b0793,0.151,False
ecc57bb41d95,0.151,False
1c469240d576,0.151,False
7b16d673729d,0.151,False
f1f89be777a8,0.151,False
39cad34d5fa3,0.151,False
c3975e9c5bde,0.151,False
b2f38e5ee581,0.151,False
6ed9c8344c1a,0.151,False
c3dab1f50bf5,0.151,False
6105e2b9aebf,0.151,False
c9bffda44485,0.151,False
0c0bf285d5a5,0.151,False
2cc32e9f1942,0.151,False
2cb8f5cb2784,0.151,False
61fcae29b47d,0.151,False
2db38de93766,0.151,False
5e7d1e516c63,0.151,False
78e19d888863,0.151,False
01bc5e2c194d,0.151,False
9f03d802d3d6,0.15,False
2f343eacc56f,0.15,False
a065cb355def,0.15,False
8f197f5c314f,0.15,False
f9b7a1abbbf7,0.15,False
abe4cd45d7fb,0.15,False
b4d5c7ea4d81,0.15,False
62ba5a6fd148,0.15,False
a725624c1e8c,0.15,False
6179c3913bf1,0.15,False
04196b036410,0.15,False
3f091a94ce82,0.15,False
85078fc661e1,0.15,False
c0b91145fc17,0.15,False
b0978783bf46,0.15,False
e34d6be6ecde,0.15,False
9099b105ca0d,0.15,False
4a56d5145ac5,0.15,False
7be142c76ba8,0.15,False
a89df0ba53f8,0.15,False
c78651e20640,0.15,False
5e7748e42cf6,0.15,False
22cc950938b7,0.15,False
f61d0d508d8d,0.15,False
a13d76908643,0.15,False
c73c44eac466,0.15,False
2bc62721b929,0.15,False
24721a2ca1fa,0.15,False
242dabf9a65e,0.15,False
50a1876d7e9f,0.15,False
a26aa89bee20,0.15,False
bb8d902b6af7,0.15,False
23486c7f3707,0.15,False
b9789bd65d14,0.15,False
3fbedd961676,0.15,False
52a3c169eac0,0.15,False
1380c55c7798,0.15,False
1dc709e2bb2c,0.15,False
7340df25a615,0.15,False
3dd946855533,0.15,False
082e6baef1be,0.15,False
9267b68574f0,0.15,False
4172f7e22e8e,0.15,False
6beb04a59ca4,0.15,False
6365090f8f5e,0.15,False
73696f63c4af,0.15,False
5b558efe43a5,0.149,False
551971960612,0.149,False
ab12354fbaae,0.149,False
4904c56341ed,0.149,False
3eca77cf05e3,0.149,False
b1ffc45368a5,0.149,False
cd5bb87bbb3d,0.149,False
f30455d57198,0.149,False
6dd066e1ad80,0.149,False
222511aac805,0.149,False
ba8a1a2b79a7,0.149,False
780cdc9ea028,0.149,False
60cd37306f80,0.149,False
6818f0fd71df,0.149,False
f35d85f0464a,0.149,False
d180e98bb6c5,0.149,False
90092bc65a8b,0.149,False
03feb0ff4c6a,0.149,False
6f872bcc47e1,0.149,False
03462a4716ab,0.149,False
e7838a7e5616,0.149,False
8c80ada8331a,0.149,False
fc6f88e3bd3c,0.149,False
c4ba02d74f90,0.149,False
990163fca964,0.149,False
bae5be55c9c0,0.149,False
59e9a598c6f7,0.149,False
0a92a9a2a3f3,0.149,False
f88615919f0d,0.149,False
29c54b5eeece,0.149,False
d807f24abba7,0.149,False
baaedda42ad5,0.149,False
2b4c6e76d9b9,0.149,False
71e51416c608,0.149,False
d40108df1ecf,0.149,False
23497a002754,0.149,False
46ad6a5270e5,0.149,False
8cc53eec9292,0.148,False
3c9e503fe938,0.148,False
bcbe6d7d3f07,0.148,False
a7c545cceab3,0.148,False
ca8817b9cd63,0.148,False
7061cce9b10d,0.148,False
4f18dd10fdee,0.148,False
ca8bfb24cb6b,0.148,False
e9800d94de18,0.148,False
fb6a4b7f96bd,0.148,False
4fef0b682951,0.148,False
20ab7eb8fe94,0.148,False
050c4b3fdb65,0.148,False
f3731e8928f6,0.148,False
c16653dae512,0.148,False
532c0c50c60c,0.148,False
208cde702569,0.148,False
8b50b1af050c,0.148,False
96b273cb2774,0.148,False
772aea4ef989,0.148,False
30b0c8e134fc,0.148,False
fad44552add2,0.148,False
477684907de4,0.148,False
e9848daf95c6,0.148,False
c3c0db10f90c,0.148,False
a5dc35cede9f,0.148,False
dd8d078c995a,0.148,False
10e8c39228bd,0.148,False
b72cd50af23d,0.148,False
7cda4d069a07,0.148,False
24bb5a0d6b73,0.148,False
cd3343d8a193,0.148,False
4b72537b4a13,0.148,False
075438892150,0.148,False
ebe27a2461a5,0.148,False
600063151adf,0.148,False
92561fab77c2,0.148,False
a303aa421ae0,0.148,False
62c5f30ff11a,0.148,False
11e2322f4eef,0.148,False
ded7412282a8,0.148,False
585be8bf5b01,0.148,False
09310ce6db86,0.148,False
f7e921a72c2d,0.148,False
d051830a2d6b,0.148,False
0a6aeadc1036,0.148,False
8e66dbee5dbc,0.148,False
8cbce540a0da,0.148,False
af7b876e0808,0.148,False
3d45f9205e90,0.147,False
aa932faf4125,0.147,False
ee2312f07429,0.147,False
e603ee804124,0.147,False
788fd57756f4,0.147,False
e5cb1bc95cf8,0.147,False
407cd85eca81,0.147,False
803db8e414fa,0.147,False
ded744ec26d1,0.147,False
5aa384056de3,0.147,False
89b26cf0b993,0.147,False
7e3dbfe264c5,0.147,False
5c69762aa164,0.147,False
5e7ed1688849,0.147,False
8beb2d1d8d00,0.147,False
0311b855ab5c,0.147,False
0e7108fd7a9a,0.147,False
956e475b144c,0.147,False
bc9610134660,0.147,False
fdb9d96551cc,0.147,False
bc6a11e05783,0.147,False
3b3b22088023,0.147,False
cda6e6106236,0.147,False
2f5edb1d7d3c,0.147,False
9187d5ab4481,0.147,False
b9c0883dd085,0.147,False
2165b5af6fa4,0.147,False
7bad21b16b44,0.147,False
325a2a9c5754,0.147,False
e0ce8740bf3a,0.147,False
75b26f0b9967,0.147,False
d8db18abc76d,0.147,False
969431a9a638,0.147,False
71e59285d372,0.147,False
c3bf9f9b95c6,0.147,False
451da51bbb67,0.146,False
af045f29facc,0.146,False
3d16d53ea3f4,0.146,False
41c49f803cb9,0.146,False
1141f7314387,0.146,False
5ca0dd2946f2,0.146,False
7bd66e151e0f,0.146,False
94cfeb2e3e38,0.146,False
fa1ca02789f8,0.146,False
f625280fdd98,0.146,False
19644f1e7d0a,0.146,False
22647ed612a7,0.146,False
ecb820aff926,0.146,False
6cb9551ed0fd,0.146,False
dfe213e7a112,0.146,False
a3d6a46711c6,0.146,False
131dd3b206a0,0.146,False
9fc17e03bf35,0.146,False
3d20ad8c8f14,0.146,False
80eeef834144,0.146,False
026fb0df5999,0.146,False
5506ed2220b4,0.146,False
3e55145cf0b4,0.146,False
8cc2649f0bc8,0.146,False
fddb0ce5c69a,0.146,False
1ad41089ff4a,0.146,False
6e14ed70e205,0.146,False
a3013bd22803,0.146,False
c4f565c2813e,0.146,False
ae5321aedd85,0.146,False
42cbf8b37a16,0.146,False
5ceb9743c129,0.146,False
e8b07af043da,0.146,False
2c4f4c05990e,0.146,False
1b58f5acfbbc,0.146,False
b5e9c1d001ab,0.145,False
ca23c1f50b01,0.145,False
b2fe487181c3,0.145,False
717a14f3aed4,0.145,False
5a730ad31860,0.145,False
9379c6927c82,0.145,False
1f42241793a8,0.145,False
c5652587d903,0.145,False
bf5aaae512a9,0.145,False
5b4234f62c57,0.145,False
4d73d0eefd44,0.145,False
bfe92c4f8aae,0.145,False
5f6f8de90fbe,0.145,False
3d7f0a587855,0.145,False
a7657541efe3,0.145,False
a7982806e080,0.145,False
e8fd288c3795,0.145,False
9dbeb60c3d37,0.145,False
500024110939,0.145,False
10a035a921b3,0.145,False
db8ac5c1604b,0.145,False
2cbde979b5cd,0.145,False
fcd8da951de9,0.145,False
6febfffc3670,0.145,False
2f02192549fc,0.145,False
f43ab5241a40,0.145,False
f0c1f9329440,0.145,False
2aca273fdf18,0.145,False
abd685ab5144,0.145,False
6d41523f00a9,0.145,False
919ecb05b71a,0.145,False
e4fefaa539dc,0.144,False
701173da007e,0.144,False
7f8843fd16f2,0.144,False
bac965401409,0.144,False
f6e238fd1ed9,0.144,False
a0c5d293418d,0.144,False
ba029a29479f,0.144,False
03fb76ac4fce,0.144,False
1ce40e8a7c20,0.144,False
3e1a060194b3,0.144,False
61ace9359061,0.144,False
e4c00ff9ea56,0.144,False
ad7803bd4c5f,0.144,False
61e964bc0dc5,0.144,False
7b6be3001694,0.144,False
95c662762b6c,0.144,False
3b4440e4d01e,0.144,False
24c9ae524020,0.144,False
b392ad898d33,0.144,False
c3fe37fd31c7,0.144,False
92f0364ad042,0.144,False
78878cdc8739,0.144,False
1da9ed092d5c,0.144,False
f91f40a4b423,0.144,False
08dbbc514491,0.144,False
ec57838b5be1,0.144,False
f881a4ea0f85,0.144,False
edfa3b0ac72b,0.144,False
9a5e88ba5482,0.144,False
460b867f7b96,0.144,False
176190625acb,0.144,False
9f2b115b41c6,0.144,False
630b3c174341,0.144,False
b60bc406f0e8,0.144,False
2d5dc2bedf24,0.144,False
eabdc7c3e98a,0.144,False
7cdbf82ae247,0.144,False
8135fcdf6e14,0.144,False
625e44e47d76,0.144,False
942387703d38,0.144,False
e953a4db9f3a,0.144,False
71db5b7037bc,0.144,False
0b79a3df7d28,0.144,False
2d68ae7af1e3,0.144,False
9cdeacc94fc8,0.144,False
31388f07e932,0.144,False
51a6e0285cac,0.144,False
5c182b236977,0.144,False
292f5dcf9960,0.143,False
bccdb549079c,0.143,False
cebb69c71076,0.143,False
cf568aa3336e,0.143,False
b832dc55b2c4,0.143,False
144b24b3dd36,0.143,False
bb46228e6e5a,0.143,False
b7efa90f96bd,0.143,False
00495c738252,0.143,False
9f94d42644e2,0.143,False
48a13ee7ff09,0.143,False
001871270d17,0.143,False
700347742043,0.143,False
a468ecac89c8,0.143,False
3e74076c367b,0.143,False
889bb578cf21,0.143,False
73eded50dad8,0.143,False
e14fd6228624,0.143,False
b4cf9fd1af38,0.143,False
219e6f0112c2,0.143,False
53650420a2d5,0.143,False
4e987ba18b79,0.143,False
3f6aed8c11d7,0.143,False
cbe1d679c312,0.143,False
0bb218b5eb8c,0.143,False
624fd2c813a2,0.143,False
7273f59dab26,0.143,False
de661eedf8d0,0.143,False
ebd17295c9fc,0.143,False
cd37291811b2,0.143,False
74ff25a8d888,0.143,False
b21208838b80,0.143,False
e0c1f42eb687,0.143,False
776e8331a9ec,0.143,False
4e4c7e248731,0.143,False
70af11b4a5f6,0.143,False
cb49e6fec567,0.143,False
4a0c274107e3,0.143,False
60e8cb31ff3d,0.143,False
f5539b06fc83,0.143,False
905b730ac55a,0.143,False
715cbfe44df9,0.143,False
a6c355bc355c,0.143,False
47f20909a365,0.143,False
907214122c50,0.143,False
0d8e9dae96a2,0.143,False
fc9b09851912,0.143,False
1fe822cdfaf5,0.143,False
55be336056c5,0.143,False
e7ec9a863103,0.142,False
1b1443d5cd48,0.142,False
1ac443f90dd4,0.142,False
e66a81739cca,0.142,False
cf82227edc67,0.142,False
1fbd69cc0f0b,0.142,False
7cdd4f479765,0.142,False
af154ebcbe74,0.142,False
94465c41e695,0.142,False
2fc2af76e27f,0.142,False
905229f82975,0.142,False
4f77837e1441,0.142,False
d2dd19503f87,0.142,False
0960dc7a164d,0.142,False
d734a2460a28,0.142,False
d68d8fc8f9c8,0.142,False
e06ca6d7a217,0.142,False
2419aee3380a,0.142,False
a2af660be45c,0.142,False
12d7a1b0a1db,0.142,False
1bad87b52946,0.142,False
9deb88bd82d0,0.142,False
fda3d1ca01a8,0.142,False
13222bde2d06,0.142,False
0ef1798d6d37,0.142,False
8fdd2b13fde3,0.142,False
d1ab17e192ee,0.142,False
b4e5d8764ef1,0.142,False
ecf6c20d4ccb,0.142,False
e33accd81eea,0.142,False
c1230b48a12f,0.142,False
e6c5507180dd,0.142,False
71af6d0fc409,0.142,False
585209d57986,0.141,False
5e5c286d6f66,0.141,False
b287b8e1108e,0.141,False
94ebffef2a61,0.141,False
2075a8c6a318,0.141,False
589398863333,0.141,False
eb9da7c25a66,0.141,False
007370574c60,0.141,False
c55c1b75ffba,0.141,False
a973bb8d4b53,0.141,False
6e0a6fc8bbbc,0.141,False
f84a5dab9123,0.141,False
093826a813a2,0.141,False
31a1e41faefc,0.141,False
6c04588e216f,0.141,False
e1060f1fe958,0.141,False
6727f014c75f,0.141,False
a3bd0a274e16,0.141,False
3bb4affc2e3d,0.141,False
24a171c24931,0.141,False
5cea49f2a14a,0.141,False
75ddc8f862b1,0.141,False
993c22e51416,0.141,False
0e4932ea6e9c,0.141,False
44bf3930d101,0.141,False
a7524217e20f,0.141,False
da6e089bf016,0.141,False
dbabf57dc748,0.141,False
fcb742e1a4d7,0.141,False
9596ba2dc2e0,0.141,False
a86499d1b4df,0.141,False
accd7e35f724,0.141,False
235bd90b268e,0.141,False
67a76730e0f2,0.141,False
4e51db8f2a0d,0.141,False
f445b9e31001,0.141,False
8774c2cb1862,0.14,False
0479be52ea8c,0.14,False
18a7c8d19552,0.14,False
d5846ba7b37b,0.14,False
d513156dd66f,0.14,False
e7a413904cc9,0.14,False
8e09f428d3c4,0.14,False
651c40e769d6,0.14,False
ab2c9a14d36b,0.14,False
1b050b64dde4,0.14,False
622bec17be27,0.14,False
cf089e173302,0.14,False
7d876fb4c750,0.14,False
57cfc6039ee2,0.14,False
080c6073f83e,0.14,False
834ece81fe7c,0.14,False
2a993cd15bb6,0.14,False
e2bb9781a6ed,0.14,False
f1794dd4c231,0.14,False
3ce0bd7bd73e,0.14,False
70b5cedfebce,0.14,False
daae68bfdea3,0.14,False
d22287da8a20,0.14,False
22c0a2a025bf,0.14,False
c3d9bb006883,0.14,False
82832ba5e5eb,0.14,False
2b6dc6c75c45,0.14,False
039a5dd3f3c1,0.14,False
8cb236c5bca4,0.14,False
5b240d52c4cb,0.14,False
24d4fb917225,0.14,False
f024257730f3,0.14,False
4d0e655597a2,0.14,False
ae56f02146f9,0.14,False
ae489ce8c17a,0.14,False
bb6bb95005a2,0.14,False
06626bc765f2,0.14,False
0346ad677e64,0.14,False
64aa08145eeb,0.14,False
6bad82026f73,0.14,False
054fa202eb50,0.14,False
1bab01327fe6,0.14,False
e6bd7d5db04f,0.14,False
796b768c733d,0.139,False
c816718454e4,0.139,False
b8e4ef2c043c,0.139,False
b82ee7d70578,0.139,False
df480fa05d9e,0.139,False
8c8417086c8e,0.139,False
a3c6d986a605,0.139,False
980d01386ac0,0.139,False
4d16b446dfde,0.139,False
7f2ebc3e63ce,0.139,False
c7ea97109639,0.139,False
7188ff453262,0.139,False
7345ae09b729,0.139,False
a63d6126c1f9,0.139,False
a6a4cf451edb,0.139,False
7de8a6a23106,0.139,False
46e0fb616772,0.139,False
168a4aa00aa6,0.139,False
2b77f413a73b,0.139,False
1ee12b121d6d,0.139,False
d7f2c293602a,0.139,False
85dbbb689fca,0.139,False
b06f0630da03,0.139,False
d2c311f0f602,0.139,False
39c64b0198b0,0.139,False
6da665145db5,0.139,False
01e7bf54aabb,0.139,False
c6c23ad5961f,0.139,False
0cf7c3c3399e,0.139,False
cfa211c68b34,0.139,False
51b903856bd9,0.139,False
bf41a94ca9cf,0.139,False
e79723eb8dfb,0.139,False
788c1f17b999,0.139,False
1fc6a5b3ccc6,0.139,False
fa0dd986b2c6,0.139,False
660dc4b6b5d6,0.139,False
d885d24a2cdc,0.138,False
925a44887f27,0.138,False
6c0fed5263fe,0.138,False
5c6812011048,0.138,False
a80795744761,0.138,False
58085b520f0c,0.138,False
50fa5cfb2f4b,0.138,False
2fe83f03211a,0.138,False
2b899ca29abf,0.138,False
fcf23bee720e,0.138,False
7240ee915dd0,0.138,False
96a89255e683,0.138,False
4b9e38dc8ec1,0.138,False
b2fdf75424b8,0.138,False
a6872ef7eb61,0.138,False
3f0a7e18c34b,0.138,False
bda2b858fac1,0.138,False
73382385dbe8,0.138,False
458060e1c55b,0.138,False
e1fe5092558f,0.138,False
a2151071b12f,0.138,False
2c03d7a8e7e5,0.138,False
99767ebf2200,0.138,False
3fe0c20b42a5,0.138,False
f4ceef707d57,0.138,False
b0879c4eef3c,0.138,False
01cb878d389d,0.138,False
da8bf8722518,0.138,False
ca715261348f,0.138,False
a7e49e69eae8,0.138,False
187a91f2daec,0.138,False
8d3fef835ebe,0.138,False
07fbe7cbecc2,0.138,False
bf6371b51e56,0.138,False
4a5817bcc33f,0.138,False
acbf264b421f,0.137,False
2f819f5abd12,0.137,False
93833ffa3e2f,0.137,False
dacb46613823,0.137,False
853de84926f6,0.137,False
8a486bd07b49,0.137,False
1a7d6a4d44a1,0.137,False
90ce4ebd27e2,0.137,False
6af8ef9e6479,0.137,False
bceeb098894f,0.137,False
78c0179c5540,0.137,False
358a8ec6d6a0,0.137,False
cf81b7a34eec,0.137,False
f7bf60abcbcb,0.137,False
92863eecd4f8,0.137,False
92fe782f65c7,0.137,False
334a629f9726,0.137,False
4af27bc3d01c,0.137,False
013ecb891f6b,0.137,False
4f84cdf08557,0.137,False
f621b3f883db,0.137,False
b4ebbd1b1da3,0.137,False
15e6628f52be,0.137,False
16403d5bab90,0.137,False
788dffcd0694,0.137,False
fe5505ccf6e7,0.137,False
669640bcdbda,0.137,False
b95170b1d089,0.137,False
b3e4ae40bd0a,0.137,False
0240af291067,0.137,False
16ef60662943,0.137,False
70e0992a5f70,0.137,False
0d5297b9748e,0.137,False
d1f549323f38,0.137,False
440b89cfe004,0.137,False
ed6aaf583223,0.137,False
2ac78c4fd48a,0.137,False
c31683981f10,0.137,False
d3e56d2480d3,0.137,False
1da9ddd8e63f,0.137,False
a20feeb05578,0.137,False
2661969f9254,0.137,False
601fb25c49e1,0.137,False
df278654225d,0.137,False
55869ae61f8a,0.137,False
b0290ae785e7,0.137,False
4b8b9302bf6f,0.136,False
bdb8e14b5931,0.136,False
902dace4c05b,0.136,False
56a728b5ef19,0.136,False
90ef394f14ac,0.136,False
7af4d67868b6,0.136,False
1b9d7d491c8e,0.136,False
18dfe7341b97,0.136,False
bcef17b80158,0.136,False
4857d348f288,0.136,False
d36eba6f9fdf,0.136,False
89adedcb2db2,0.136,False
8e4d94573f9b,0.136,False
d577af6a07e2,0.136,False
d5837892ea2c,0.136,False
0030af669452,0.136,False
37fd6b129469,0.136,False
5223b998dd43,0.136,False
c6a03aad1608,0.136,False
d701be01558d,0.136,False
eb0d65553aae,0.136,False
6c4a68240ef8,0.136,False
40b90e9a5644,0.136,False
319198e54af2,0.136,False
31351b5eb911,0.136,False
fc29c1ccb2c9,0.136,False
93786a98bab2,0.136,False
9c50a7a42c4d,0.136,False
0993b871d2fd,0.136,False
57445459d18a,0.136,False
6a489135cf39,0.136,False
a61198ea69f1,0.136,False
a2035ee6bb6e,0.136,False
2393d2c76717,0.136,False
c91fecbc2b32,0.136,False
b9c9fc4e5546,0.136,False
39501c12fb7b,0.136,False
6141939ee663,0.136,False
daa1aa9c389a,0.136,False
e00d91e8d2a3,0.136,False
5fee589a7a74,0.136,False
b055430ebae2,0.136,False
13ddf5a35c2b,0.136,False
ee87d2de38a7,0.136,False
beb6a596d1c1,0.136,False
7371bea5a078,0.135,False
5a4d2d64b4ed,0.135,False
e63f9e65b288,0.135,False
7b09db3b4a01,0.135,False
6a4659473af4,0.135,False
8f1bbaa80577,0.135,False
cd57e99aaf58,0.135,False
52b75406d0e7,0.135,False
c8680ab0f2c5,0.135,False
e8038e3196e7,0.135,False
56f0f803653c,0.135,False
74a7383033a9,0.135,False
4c595c03e575,0.135,False
033cd2af1164,0.135,False
ecf30fc9073e,0.135,False
979cd51f2114,0.135,False
0bd59cb94172,0.135,False
68466c6776ea,0.135,False
44132f474cb6,0.135,False
0f2ddee48d2b,0.135,False
6061240c79c8,0.135,False
0e6bcc586058,0.135,False
c73242c03c2c,0.135,False
b5748ca5bda4,0.135,False
95e77e74964f,0.135,False
db5192bd32c3,0.135,False
f7c19ac9f13e,0.135,False
08aa6c7f5bc8,0.135,False
90968d37bea9,0.135,False
3db0d85cdc6d,0.135,False
e995cafa376b,0.135,False
8a6d7ca62008,0.135,False
cd731295a0dd,0.135,False
6f06cee71527,0.135,False
6182b48e75e3,0.135,False
304ab4b972cb,0.135,False
da0e7f477865,0.135,False
85c0f9df89bd,0.135,False
f472f030c891,0.135,False
6fd39aa814b2,0.135,False
0435d3e8a426,0.135,False
5c6be18f636d,0.135,False
2d953165dcc4,0.135,False
a32508f04e00,0.134,False
a2781ecb9f44,0.134,False
ee39721b098d,0.134,False
99665b7f76a8,0.134,False
ef08c816a211,0.134,False
1c8ad3c5aabe,0.134,False
9fa5ab984091,0.134,False
5e4623477c40,0.134,False
29cab94afad9,0.134,False
ed3209af1d1c,0.134,False
3c61db52f751,0.134,False
739de9e26d87,0.134,False
12559ad74890,0.134,False
5a705c3bbfcb,0.134,False
11a72774113f,0.134,False
a17db7c5138c,0.134,False
471ee6be751a,0.134,False
f3ba23642fea,0.134,False
c3e59cf26ef9,0.134,False
a604107d2095,0.134,False
4ebf6392fdb0,0.134,False
72ab90585198,0.134,False
833072cf72d9,0.134,False
a74eaeafbae5,0.134,False
da439ea789e2,0.134,False
4ae399d7bb9f,0.134,False
e45045c9ca75,0.134,False
eb8a5a5fb6d5,0.134,False
4b64fd68326e,0.134,False
0c48a9f3f054,0.134,False
2debdc66fe12,0.134,False
788cf26dc537,0.134,False
8791f2bdd514,0.134,False
d8616d014657,0.134,False
587357963397,0.134,False
86ac6fef4a3e,0.134,False
6fb2607d409b,0.134,False
85f94915ad63,0.134,False
4192e2072806,0.134,False
894443d148de,0.134,False
341c0c64b50b,0.134,False
d68a00a91a64,0.134,False
63b6f176941f,0.134,False
c43ff27bf11a,0.134,False
7878a20771b3,0.134,False
8a1cf5c36ace,0.134,False
54ad1b1cffc9,0.134,False
d9a598f35d81,0.133,False
46a196e9d70b,0.133,False
c8b8c7b8ab0f,0.133,False
f00a41105c61,0.133,False
52baf2804db0,0.133,False
94ebfc6e5ca7,0.133,False
236236c21db6,0.133,False
3b29f7c8b7cd,0.133,False
2ff6561bb929,0.133,False
bdd721a36d7e,0.133,False
97dbe1ac7ba2,0.133,False
9aa72051fde8,0.133,False
811913632bd0,0.133,False
5c9aa316561a,0.133,False
63567b34f9a2,0.133,False
9527ab4e3be6,0.133,False
1796db7b6701,0.133,False
c9df095f2826,0.133,False
89b138690927,0.133,False
aaf51f499d27,0.133,False
96b070b11517,0.133,False
087c77a8154e,0.133,False
e7ee59b04cdf,0.133,False
c876efd64b5e,0.133,False
2c8817506508,0.133,False
0878ff2e9787,0.133,False
9d951ad9dac1,0.133,False
8893d15cd474,0.133,False
325919950b8c,0.133,False
a06d9b30b577,0.133,False
ee0b9e4f3a4c,0.133,False
3f57fe8dc0e0,0.133,False
50f234889d4c,0.133,False
1e3cb4003301,0.133,False
5dd9ee820846,0.133,False
e47911f817c1,0.133,False
8f744a5a933a,0.133,False
d22b891fd98e,0.133,False
7410c18b134a,0.133,False
26e9007ddf19,0.133,False
ce962447e177,0.133,False
82cf71c20bdd,0.133,False
d8ee24ac6179,0.132,False
0ac0529b2915,0.132,False
b15fc7c878ae,0.132,False
5ae3097ad3aa,0.132,False
2dddbb40df63,0.132,False
e4b92f6f71b1,0.132,False
31080892a3a0,0.132,False
b214b32ce7e3,0.132,False
798c129e741f,0.132,False
cf4bbee2a7bf,0.132,False
cfe5cd03bb1c,0.132,False
500d5e34a506,0.132,False
6b6612c3ca5e,0.132,False
296247c1e446,0.132,False
820387dadcd2,0.132,False
e29730990eee,0.132,False
9afe5f877989,0.132,False
2816eb08e6eb,0.132,False
9b1180d63bd5,0.132,False
2e90274666d9,0.132,False
627020701f84,0.132,False
713bc2d1918f,0.132,False
dc6c588f2e40,0.132,False
d34d9647f1dc,0.132,False
343d0744c263,0.132,False
96553b285c6d,0.132,False
aa6ff8e6db69,0.132,False
3276cebee915,0.132,False
526cb27fd143,0.132,False
5c33f3a29905,0.132,False
7c2e87c22b56,0.132,False
fdaabdd35dd7,0.132,False
d75b67a5a881,0.132,False
1914dc8d529b,0.132,False
d0fcf8620520,0.132,False
2b04bd47cfe3,0.132,False
3369a48b5569,0.132,False
6c4f7d05f2ea,0.132,False
8d1dcc69704a,0.132,False
e77bbc504da0,0.131,False
345a47cf75e7,0.131,False
9f200bbbd803,0.131,False
cda4f1f7db0d,0.131,False
03977014f6e3,0.131,False
3b25c479da3a,0.131,False
179c2f4d18f5,0.131,False
7bb454dcbd6d,0.131,False
08cb144dc0e7,0.131,False
6ee8058c7c22,0.131,False
d774355a7c6d,0.131,False
edfad10f90ca,0.131,False
a5d6b9e257ef,0.131,False
2e123374ec36,0.131,False
0326aa84bcbf,0.131,False
d6f37bb06a45,0.131,False
4632a584e3c6,0.131,False
ca62c45a593d,0.131,False
b3c248e50ce7,0.131,False
d894da8e2aaa,0.131,False
692dfddeeb8a,0.131,False
049ccb984c30,0.131,False
a9ef1e1682ba,0.131,False
db3d0c39b954,0.131,False
b3c2236caa9b,0.131,False
596f44093448,0.131,False
f5713e205c5c,0.131,False
27fcb58af84b,0.131,False
5bd51bd7458f,0.131,False
a83fbdfb5418,0.131,False
c7a62d4bdcab,0.131,False
953a7fc48715,0.131,False
b2bce78e4714,0.131,False
19ab5e4c1d2e,0.13,False
1172e45b1d97,0.13,False
ac2ca38bca8b,0.13,False
37ec845c2b36,0.13,False
752d77501a2a,0.13,False
080a44b44188,0.13,False
c1d46e63e6fd,0.13,False
595f3c5a8e8b,0.13,False
b53054e97998,0.13,False
3aa7c360b41a,0.13,False
c60b623ffc50,0.13,False
e4bda5152d06,0.13,False
ebb383c034d7,0.13,False
5219d8e7375f,0.13,False
d230064660aa,0.13,False
2e6e3856e5f0,0.13,False
9407864d2bfe,0.13,False
ecbebce5e5d5,0.13,False
1c741049101c,0.13,False
63fcc0c67b59,0.13,False
b5373844b33b,0.13,False
64e729c9b242,0.13,False
4305060492a5,0.13,False
4bd9c7b8ae96,0.13,False
da1cee3bedae,0.13,False
4de0418db7b3,0.13,False
d1dda6ea6f1d,0.13,False
a0e8246b54b1,0.13,False
6dd307f756d2,0.13,False
ad2df0e35653,0.13,False
922380f4955c,0.13,False
b1452035cef2,0.13,False
02898fe74c50,0.13,False
8c64ff3961db,0.13,False
9659edf09ff0,0.13,False
7d9ddb80bacd,0.129,False
5cfbbc84fb50,0.129,False
16f56c0241e8,0.129,False
4b7dbc16aac7,0.129,False
7347d284e2dc,0.129,False
5e48f1305013,0.129,False
4d5eadb9c002,0.129,False
cdb64c1f4fad,0.129,False
76d01ff57bae,0.129,False
79cd6ddca355,0.129,False
a7dedb4a1cdf,0.129,False
8b25806b6e3a,0.129,False
c3dd68906857,0.129,False
646be126de0f,0.129,False
110b8da63b9b,0.129,False
39ebf75d4abf,0.129,False
066b34bcf6ef,0.129,False
4515a37000bf,0.129,False
d49154be5392,0.129,False
56c3052c6b8a,0.129,False
6afb82e72cde,0.129,False
7ae3e3e1ac76,0.129,False
534de0eff450,0.129,False
09eda7901581,0.129,False
dbe83a610041,0.129,False
18f416629dc3,0.129,False
7f04e80be311,0.129,False
cbc2d6825e2e,0.129,False
90ceab423442,0.129,False
1b6a8e1d39e5,0.129,False
70a5b94c8a30,0.129,False
d0876d204bd5,0.129,False
aef744519e57,0.129,False
f48959fc5a2e,0.129,False
d39b145146fa,0.129,False
809ba6e8e657,0.129,False
7d30f0381964,0.129,False
ef83eb31444e,0.129,False
1b6e1e4437f1,0.129,False
1e3cd884c922,0.129,False
51bc613981cb,0.129,False
51193e189242,0.129,False
1fb4b635c5cd,0.129,False
f2e41ca458e1,0.129,False
f2f847dad8f3,0.129,False
6c03649d080a,0.129,False
71b342cccf47,0.129,False
2b428b6c8728,0.129,False
3503104933f8,0.129,False
74cc80850d72,0.129,False
413ca4437a37,0.129,False
34047c619069,0.129,False
657c7aedd287,0.129,False
ac1b1156b720,0.129,False
97c82403acd7,0.128,False
427bb6ae8750,0.128,False
55d2f319a572,0.128,False
f1954a4919c0,0.128,False
c3de2937efe1,0.128,False
6c26c787b656,0.128,False
0b45844e59ae,0.128,False
6cb9d3cced06,0.128,False
fb004f1adeb9,0.128,False
fdbacd254411,0.128,False
034228b713e4,0.128,False
7021f6bf468c,0.128,False
68760ca18d3f,0.128,False
d8f525b38362,0.128,False
86e1d9c8c5fe,0.128,False
1bc653a68579,0.128,False
bbf370f62302,0.128,False
939957911ba2,0.128,False
940e7f847599,0.128,False
862f67c325c8,0.128,False
9b2a0716e668,0.128,False
1d087bc770d6,0.128,False
4000e20f8be9,0.128,False
5c1f38dcd536,0.128,False
dbe5f3fab8a4,0.128,False
413aac53f4f5,0.128,False
759ffec11850,0.128,False
43bb1addab6b,0.128,False
547859d978f2,0.128,False
594e2257a5af,0.128,False
8354146b75f8,0.128,False
6a032b0be6c5,0.128,False
1b57216e9a65,0.128,False
9928fa3cec4c,0.128,False
8730507dbeee,0.128,False
656f21c90a1a,0.128,False
0482cd34fc09,0.128,False
fd6d45737356,0.128,False
754d00b4170c,0.128,False
a67354b63983,0.128,False
5207fa0b7e75,0.128,False
fce86c7c2d14,0.128,False
20104f501c73,0.128,False
909e730341e5,0.128,False
5350cac3222a,0.128,False
e0d728a40503,0.128,False
d47695b4975e,0.128,False
e78805dfcfad,0.128,False
ca20f6f2ea07,0.127,False
84b88131349a,0.127,False
6331a0c13283,0.127,False
939d5accbd1c,0.127,False
ce989a72014a,0.127,False
1550b7bec797,0.127,False
e2ddb1dcdcaf,0.127,False
054d01160d1b,0.127,False
068b3491e44e,0.127,False
428cf60ebd40,0.127,False
7ac28cee9a85,0.127,False
c07531455a36,0.127,False
117a745aa905,0.127,False
f5ab56e8d877,0.127,False
b90891c2a990,0.127,False
44330ce5c89e,0.127,False
6b729a1dfed8,0.127,False
490944e84aa1,0.127,False
47190595c33f,0.127,False
9b7c9f3bff74,0.127,False
913228d19c42,0.127,False
fca48cf0ee20,0.127,False
8917c5c87a26,0.127,False
78f874e4976a,0.127,False
dc0a2fc17421,0.127,False
bfbd8af9ee21,0.127,False
842897a4be19,0.127,False
841dc6cbd600,0.127,False
a5aa065bbe75,0.127,False
ae96ceb7c807,0.127,False
14b21a54c507,0.127,False
b4be96ad0a75,0.127,False
1b324fff0dea,0.127,False
aaf2189f2317,0.127,False
cf14b83ca6fd,0.127,False
f46828b7d280,0.127,False
8faceb82d88c,0.127,False
797255476332,0.127,False
eb66f629ae82,0.127,False
db4c6bfeb015,0.127,False
0429bb6d637b,0.127,False
07815fad7cec,0.127,False
71a87fac7c01,0.127,False
d7ca01a0a207,0.127,False
a261a96f08b4,0.127,False
50e2105a9eb1,0.127,False
e1802b28407d,0.127,False
ee5b540b45d6,0.127,False
9b236a24e635,0.127,False
4940bc655b04,0.127,False
9de55d8df97a,0.127,False
7b2d4bd9aec7,0.127,False
5fbeee702184,0.127,False
b42c01484252,0.127,False
7aa49af1269c,0.127,False
fee055f7d321,0.127,False
658a024349aa,0.127,False
68e8b59be346,0.126,False
3fe59967e224,0.126,False
be7435e7b2e4,0.126,False
093d90fbfc2e,0.126,False
f428e886dc6f,0.126,False
14ca5105827b,0.126,False
9a27873420c7,0.126,False
9cc173705c42,0.126,False
18e3312b3b7d,0.126,False
889629539a75,0.126,False
92f59ea2825a,0.126,False
7f5e0b1aa50d,0.126,False
ced12bde2039,0.126,False
a0183d1d2f45,0.126,False
bda7744cf734,0.126,False
6cd1c6b1f463,0.126,False
d6e4bb81cb2e,0.126,False
0586184b1312,0.126,False
7e69434425a3,0.126,False
969621a9b109,0.126,False
b034f919d099,0.126,False
99c12f9ece64,0.126,False
78ce94464dbf,0.126,False
79926675c2bd,0.126,False
918a1cd23ebd,0.126,False
c9801ac6ccf0,0.126,False
66b236a04a0d,0.126,False
55bc44d53929,0.126,False
82acb46590b3,0.126,False
b5f5f67415ef,0.126,False
7cc9de57f51d,0.126,False
65fb44d1f1d9,0.126,False
4f1fdd62de31,0.126,False
890371369a69,0.126,False
fba6179039a3,0.126,False
6c7fde6140ff,0.126,False
cf3975287dde,0.126,False
16c01eae6d70,0.126,False
65267814696f,0.125,False
626e95c09e04,0.125,False
4a4dd7f10694,0.125,False
a1eb3a565a61,0.125,False
53cb0adafee0,0.125,False
02f508a826d7,0.125,False
aec3c7fd2201,0.125,False
a856d939cb6f,0.125,False
bc5bfcc185c4,0.125,False
c8493b088729,0.125,False
4df2bb2b2e0f,0.125,False
c76b8aa4e3ed,0.125,False
00fe364e6bb1,0.125,False
4a5d6a0d6d4b,0.125,False
3cef940f2843,0.125,False
a6a45be47a7a,0.125,False
c6bb1e9fdcf2,0.125,False
8b9fc4e10fcd,0.125,False
ab32a03e4c15,0.125,False
e22fe708910d,0.125,False
cc3440edbd3d,0.125,False
fae88a027b89,0.125,False
a32d9c2e100b,0.125,False
5cf3dc7771bc,0.125,False
6dbb55a5796c,0.125,False
b8eac4de9ef7,0.125,False
2c34c3859163,0.125,False
17168a9897f4,0.125,False
48867ab4b86a,0.125,False
1fc6beee4536,0.125,False
3b9b5e778f38,0.125,False
8f65acf60f10,0.125,False
711311a492f5,0.125,False
16d23794b147,0.125,False
5829cf15f18d,0.125,False
fa48e293da06,0.125,False
34f5fcc82097,0.125,False
d317e462ac49,0.125,False
4116e11046c4,0.125,False
d411d1c379a5,0.125,False
8d2bf149633c,0.125,False
11569e243932,0.125,False
81550beffd04,0.125,False
c854c91b5c55,0.125,False
ad192892da28,0.125,False
1a39b1c730fc,0.125,False
21090eed12eb,0.125,False
028b21c0ec5d,0.125,False
abe4e63314fd,0.124,False
a403d635a336,0.124,False
ac74f1d38d18,0.124,False
d6a21f16c38d,0.124,False
c6b47cb9f9a6,0.124,False
6e268015dafa,0.124,False
de2195ab45af,0.124,False
bd8fef77236a,0.124,False
7b7706fdee45,0.124,False
fc68f1288ebc,0.124,False
cc04abbec1b5,0.124,False
779cba15e0ee,0.124,False
96d22e722151,0.124,False
01b6216fbcd0,0.124,False
9cb720894dbe,0.124,False
41038fc91a57,0.124,False
53f0cf403613,0.124,False
007b3a3559d2,0.124,False
d95fcda450fb,0.124,False
d263d33effee,0.124,False
d6968ebe9360,0.124,False
35a696db8e6f,0.124,False
0b2131d31604,0.124,False
f4a58948b26e,0.124,False
d4e0aa6a9695,0.124,False
646b4b743863,0.124,False
347833ade85b,0.124,False
715b8c12b65c,0.124,False
24210f667ec4,0.124,False
524a60d2c545,0.124,False
f3525684b751,0.124,False
a5c1769103c4,0.124,False
2678f71a9e32,0.123,False
2521c1979edd,0.123,False
70480c8bfc50,0.123,False
bc334b26d39d,0.123,False
5dde8b3c2a4a,0.123,False
24ea354c1f8a,0.123,False
ee4f0b7191a2,0.123,False
166b13dff89f,0.123,False
9ef01d865410,0.123,False
b6af95d72141,0.123,False
41dbe70e8b6d,0.123,False
36ea20d7c1d8,0.123,False
6faf72d832e6,0.123,False
d998b8ec3c74,0.123,False
905b2d2cadef,0.123,False
28cf6a699487,0.123,False
d16faf5adcd0,0.123,False
28520682421b,0.123,False
f1d61537aeb9,0.123,False
891ca23cbd5f,0.123,False
43d52018e875,0.123,False
b988c536bb78,0.123,False
9ab43e7abf0d,0.123,False
b612f1c9f133,0.123,False
598868237a10,0.123,False
21968c269251,0.123,False
6bfc372a2a96,0.123,False
2e5af45123b5,0.123,False
acfa8a4df95f,0.123,False
e0858474d6c7,0.123,False
797523b83f98,0.123,False
2252814e7846,0.122,False
3e09eb8b9e26,0.122,False
aefb14d94c93,0.122,False
c5c2c84be59c,0.122,False
f049d292312e,0.122,False
c92ded4b659d,0.122,False
495bc20defae,0.122,False
3296f508aa74,0.122,False
ca463494c64b,0.122,False
e1fd5ca29e94,0.122,False
52f60df09339,0.122,False
7954bbbc5b8c,0.122,False
cc6eaea0c0d4,0.122,False
c1be4c11e828,0.122,False
b229b2dff75a,0.122,False
7b701c6f993b,0.122,False
c1a8ab424174,0.122,False
2465a06b6fd3,0.122,False
503868b8ee94,0.122,False
ad31bb2eee16,0.122,False
9e11a1b1a259,0.122,False
74948493ce08,0.122,False
852710626450,0.122,False
ad94ae964042,0.122,False
47f13917a94b,0.122,False
1313c6f752ae,0.122,False
ef488cd8d80d,0.122,False
3326a05ffa88,0.122,False
440fb3407bce,0.122,False
dc25c309e5ff,0.122,False
c27bd75eea87,0.122,False
0f91a77703ce,0.122,False
f1f49dde8d64,0.122,False
918499be00fa,0.122,False
0ad0bf4c02ff,0.122,False
7ab59252dedd,0.122,False
1615168d3214,0.122,False
10b19849166e,0.122,False
8055f5007917,0.122,False
b4d674ce638b,0.122,False
8a7a197018c6,0.122,False
774704f52901,0.122,False
bc7772530066,0.122,False
303a67e8cb40,0.122,False
51dabf46902f,0.122,False
1170fe7bd490,0.122,False
fef06441c477,0.121,False
e809c746f466,0.121,False
b52cbfaef956,0.121,False
5778f28e50e2,0.121,False
d5f9d5ef3f32,0.121,False
caf92f449d00,0.121,False
868db7520f5c,0.121,False
2f53f264a696,0.121,False
351f31cc6b1b,0.121,False
b0c5d610502d,0.121,False
15c7a12c3526,0.121,False
b512addc56a2,0.121,False
e30f6b5e0d03,0.121,False
76b72719b6da,0.121,False
db3ce98d927e,0.121,False
a219f9be3a67,0.121,False
aaba9899bb38,0.121,False
93bf43687155,0.121,False
40092b429611,0.121,False
188af50b9ea1,0.121,False
a1167d1f56aa,0.121,False
704d4d5fe3ed,0.121,False
52533716c587,0.121,False
3af31fdeaacf,0.121,False
4dd4179aaa71,0.121,False
fea1d7c22bfd,0.121,False
fc72ec383b0e,0.121,False
3127a5af5124,0.121,False
4120af876c58,0.121,False
8101380d3965,0.121,False
5e0fe64e7205,0.121,False
6243da239985,0.121,False
df60ce253dd9,0.121,False
11a40546026c,0.121,False
64f0ceb172fc,0.121,False
b28ee758ffb5,0.121,False
334ba2847961,0.121,False
1fdab922295b,0.121,False
1274f3b442a7,0.121,False
2498cb1ec69a,0.121,False
7d5ddded63eb,0.121,False
b8d600a5d58a,0.121,False
241bf63d0f03,0.12,False
6f2641c1edc4,0.12,False
a5df56041d01,0.12,False
f90b3250c4e6,0.12,False
d8590b0fa3f4,0.12,False
b1f3955871fc,0.12,False
5dcd573f7521,0.12,False
b841e09f0a6c,0.12,False
6b77a7af92f2,0.12,False
99ac5eff443c,0.12,False
f3f79062718b,0.12,False
de1f37845ae3,0.12,False
3751ba24fda7,0.12,False
7c10e1ac9a84,0.12,False
dde706b26fd2,0.12,False
d897bfab40a2,0.12,False
38b6bc401b68,0.12,False
fb74e8789c19,0.12,False
ec1c0b62dbe3,0.12,False
bec75cf02545,0.12,False
c238275cf87c,0.12,False
cabbd7ed518d,0.12,False
dd1d1d91ee92,0.12,False
11fef1fda475,0.12,False
39f76bfca717,0.12,False
5fdacfde0f58,0.12,False
2243513e0e28,0.12,False
2bfa5938897f,0.12,False
4851fb0634f4,0.12,False
0851439368e2,0.12,False
9e49bdc3e924,0.12,False
65dfead6bae3,0.12,False
df3be5ff89b3,0.12,False
01902d426989,0.12,False
d137c6fe134c,0.12,False
dde714ab7afa,0.12,False
d95c929dc074,0.12,False
d95d06dae402,0.12,False
358a60ec0588,0.12,False
2eeb234f0419,0.12,False
cf2421dcc3bb,0.12,False
5a3e7f76133e,0.119,False
9928b78b24f9,0.119,False
1ed384868243,0.119,False
8c09598006b4,0.119,False
b7a81a2aff8d,0.119,False
556ab94c0fab,0.119,False
fabce965882e,0.119,False
ea478348fe48,0.119,False
6d1b80fc0fad,0.119,False
e1b13586a4d7,0.119,False
98aa55dd10ef,0.119,False
e07bcd4574eb,0.119,False
632cd8c60c01,0.119,False
5c6a4d74add1,0.119,False
5c513b484e4c,0.119,False
a38802a58c2c,0.119,False
45b134423d6f,0.119,False
3d1a01143276,0.119,False
1abb139be55b,0.119,False
1a39dc87bb45,0.119,False
d696ca67b5bb,0.119,False
c772f2f80bea,0.119,False
0e065ebb84a6,0.119,False
3cfd0ef1ee62,0.119,False
363f493354af,0.119,False
ab69a9b6622b,0.119,False
ab41c81c3cae,0.119,False
a6a177873f43,0.119,False
3eb39721ae98,0.119,False
c1f9005dbabb,0.119,False
d3272c1deb38,0.119,False
c8e5d2a47d7c,0.119,False
04b2911f470a,0.119,False
dffc3fff248a,0.119,False
c31b8643e9a0,0.119,False
c0dd5b33a05b,0.119,False
7890c479d5eb,0.119,False
7482eb4bafff,0.119,False
f1566d69963a,0.119,False
cd102f46ee73,0.119,False
c3af4885c3e2,0.119,False
a7badbfb1ae4,0.119,False
429001f0a646,0.119,False
7dd0cfa05b78,0.119,False
cb4f658a3d24,0.119,False
68167d310188,0.119,False
fe22a3204140,0.119,False
34eb8747cb10,0.119,False
e61743b45df1,0.118,False
9f216fcaf08c,0.118,False
985e34cab3c0,0.118,False
ffcc8ca25dce,0.118,False
6aacbac2e7b3,0.118,False
37be4a2e74af,0.118,False
3d748c5c5cbb,0.118,False
35c8f65714c6,0.118,False
9c830576d39d,0.118,False
baaf3105bac0,0.118,False
2f6b704ec21d,0.118,False
06909f2ff4bb,0.118,False
34edbd8b4147,0.118,False
fc564af5b63d,0.118,False
046bbea1691b,0.118,False
2af224963679,0.118,False
8fd6af472303,0.118,False
f6724214fd2a,0.118,False
e9853c927048,0.118,False
c4daa5f9a4df,0.118,False
3d7378effef4,0.118,False
6d1fb4e43bb0,0.118,False
72bef80bbdd3,0.118,False
986266149178,0.118,False
9f82d6aa53a0,0.118,False
785a32a89223,0.118,False
e9a3896b45c7,0.118,False
97be67be4c31,0.118,False
51011ca50c3a,0.118,False
5da9f3be34ad,0.118,False
8906ca568b1f,0.118,False
f1f92bad74b8,0.118,False
ca4330956d26,0.118,False
83f6c8785073,0.118,False
f4df510ffafb,0.117,False
2388082137c0,0.117,False
4374aab13829,0.117,False
00b0db9b16f1,0.117,False
ffc7398133f5,0.117,False
a5f519f9aeb8,0.117,False
03bfc64e7929,0.117,False
ed3c6196060d,0.117,False
28bb686f8157,0.117,False
b5723249b287,0.117,False
3f3f269722cb,0.117,False
4d51fe9a7183,0.117,False
afd017d610c1,0.117,False
6ad10dfa21e7,0.117,False
d8f7ca8ae0f4,0.117,False
4b86bab419aa,0.117,False
859bfaf5207d,0.117,False
0caae5335d68,0.117,False
93d5c740a1ef,0.117,False
c5f4e1aa15ac,0.117,False
5ee4ca475519,0.117,False
a2da051e9d84,0.117,False
dbd5b94f49bd,0.117,False
44ac12b653fe,0.117,False
fe6d4d3075fd,0.117,False
3689464d85f1,0.117,False
d4dc4d13209f,0.117,False
77726bbaab12,0.117,False
778dbeb62760,0.117,False
6e438b602535,0.117,False
ad73b625d2dd,0.117,False
8fa7bbc317c5,0.117,False
bdcd8347fb68,0.117,False
d1e64a60156c,0.117,False
ddab49ae463b,0.117,False
2b0657443d0e,0.117,False
10a7075d6199,0.117,False
fc873932a122,0.117,False
0ddef27e8588,0.117,False
98b550d577b2,0.117,False
bf880685d1cb,0.117,False
c1fe43152630,0.117,False
e023df4a58b5,0.117,False
09b34b30c9b5,0.117,False
4975b9f4990c,0.117,False
08e3723ad7ec,0.117,False
16638fe78d46,0.117,False
4fbca8b547d8,0.117,False
df568f556d89,0.117,False
59dcb6829057,0.117,False
d3fdacd8a091,0.117,False
7a9f06a57694,0.116,False
ecce94bf78ef,0.116,False
d4307718a50d,0.116,False
2c42c9cdbaf1,0.116,False
25680b27cfca,0.116,False
fd910a490823,0.116,False
bf675f526772,0.116,False
83cf4546483d,0.116,False
ee36efc89011,0.116,False
29d27769c356,0.116,False
fd404b3e0026,0.116,False
2d067acefba2,0.116,False
bde31a2cd255,0.116,False
18bea76595c3,0.116,False
65f5653096f1,0.116,False
493ff68b01ef,0.116,False
8c72084c8808,0.116,False
c25960305a15,0.116,False
f03e9c57b032,0.116,False
28bc60ee4f88,0.116,False
ac85fa0c75da,0.116,False
4a5fc00f2fd1,0.116,False
48d4b88bbc06,0.116,False
10fa6353c7ed,0.116,False
27ebc118e1f9,0.116,False
a1f91048cffd,0.116,False
955eb2ac61f0,0.116,False
361dc63546c4,0.116,False
c603ae6c2ba2,0.116,False
02e47ec2ff39,0.116,False
3cb2a74f1f42,0.116,False
1e48b189c314,0.116,False
d004528344ad,0.116,False
b3a2eb799379,0.116,False
87198a5b3996,0.116,False
b89321c1fe31,0.116,False
8026c0a5db30,0.116,False
6b217b2e90ba,0.116,False
dcfef03c905d,0.116,False
44322c2aa108,0.116,False
791a28e04b60,0.116,False
6bdaeb6da605,0.116,False
95413c47a9ae,0.116,False
dd0f7f8da7bf,0.116,False
875ea109eddb,0.115,False
3d55feb284e3,0.115,False
ce70070f782c,0.115,False
0a2717012104,0.115,False
a0dbdee291e4,0.115,False
0de3b17ab3eb,0.115,False
dc2718f91ca0,0.115,False
8b0a15b10982,0.115,False
284903159224,0.115,False
0008337bd791,0.115,False
375f5e87ec21,0.115,False
f06bccfb5d3b,0.115,False
124a53dabc77,0.115,False
f1fc9e71410d,0.115,False
06ea011ec1a3,0.115,False
195efa9aa58f,0.115,False
4984939516f1,0.115,False
5788458e5a53,0.115,False
2c897253d8f7,0.115,False
095fd31c15f2,0.115,False
9c9f5a5a0cbd,0.115,False
f9fdb9646a9a,0.115,False
0d4c9de15f3e,0.115,False
6e979092b724,0.115,False
95346306ece0,0.115,False
767fee0c8386,0.115,False
4f86fd1b4572,0.115,False
3860105e77a4,0.115,False
a59981b5f966,0.115,False
851f9053d06c,0.115,False
9570f20b5651,0.115,False
4aea08e632cc,0.115,False
a23f68f0d59d,0.115,False
db50bb89ec30,0.115,False
b5ed7974542f,0.115,False
3cbe8186356f,0.115,False
74441009451b,0.115,False
49f057e7e53f,0.115,False
ae7daf774e69,0.115,False
b06297a89cd9,0.115,False
a1788b5fe49f,0.115,False
a5d8b49c48df,0.115,False
e2d51659eb10,0.115,False
6f2651b748bb,0.115,False
7adb8fc548af,0.115,False
3ceebb5b1f70,0.115,False
6a64692e3353,0.115,False
d9e90a9889da,0.115,False
f6199f940bce,0.115,False
6f48915c15bf,0.115,False
7e11b8f6a4fe,0.115,False
27ee0beb78a0,0.115,False
bbfaa5fc5c80,0.115,False
79d8eed5e868,0.115,False
8dfbdec33251,0.115,False
1d030ce90b9a,0.114,False
a5a5171e7e96,0.114,False
1cceb63658fb,0.114,False
9815b26819e0,0.114,False
a00e7a13237b,0.114,False
0858df223448,0.114,False
be34b50d84d5,0.114,False
e5e840280649,0.114,False
461896de0084,0.114,False
aa7ff32f4a63,0.114,False
d5900cb7f428,0.114,False
f8b457dd5ee7,0.114,False
063aaa571620,0.114,False
a1c915e830c1,0.114,False
b912062ce3b8,0.114,False
d8b7af39b860,0.114,False
421062003ec1,0.114,False
82151dcba035,0.114,False
456a887538c4,0.114,False
1c1156168c82,0.114,False
8c395fecf427,0.114,False
f74c3389bcde,0.114,False
b5e1430c1594,0.114,False
46273949fd31,0.114,False
95c11c880624,0.114,False
51265e940266,0.114,False
bb257e4c6aa7,0.114,False
bd41dff17191,0.114,False
0e568272f7e1,0.114,False
0f1e673227b1,0.114,False
0e4c2b70315e,0.114,False
7f7bc37e6c40,0.114,False
99dbae5540fa,0.114,False
7d6142c8e396,0.114,False
f64cea60243d,0.114,False
8ce625f44dbb,0.114,False
2f989f428214,0.114,False
fd0ddffa9e07,0.114,False
de67e9c01958,0.113,False
4b1c5f75def3,0.113,False
e2172632205f,0.113,False
2956d112bf3f,0.113,False
a4ed7fa7a10e,0.113,False
4cd9641d222d,0.113,False
34be116509a5,0.113,False
b6ef35d8dcd6,0.113,False
5ab30d12bd35,0.113,False
75083e335592,0.113,False
68abf2e86855,0.113,False
c57833812a48,0.113,False
02a3c6102c7e,0.113,False
65141480d8a2,0.113,False
a19303ee6da5,0.113,False
00bcf9a10e6e,0.113,False
0d48e40d8519,0.113,False
a6bc3240371d,0.113,False
eb7b472c058a,0.113,False
40c085161059,0.113,False
81e82bf48aa9,0.113,False
dc29395f862e,0.113,False
042004a4ff61,0.113,False
aa02b8b97303,0.113,False
3313c49f7c6c,0.113,False
32f46ab7cdda,0.113,False
836fa6217422,0.113,False
35b44c4643fc,0.113,False
5c5c83f78809,0.113,False
c15e4e4ea5c2,0.113,False
4cf119ce6141,0.113,False
3e35b8617df7,0.113,False
52a723f06dfb,0.113,False
da51dada44fc,0.113,False
4256036c5916,0.113,False
d25b849c0e32,0.113,False
8b4fe7fba0c4,0.113,False
05661fa76626,0.113,False
10d6ca945c1e,0.113,False
02ba51a56547,0.113,False
1aa403beb458,0.112,False
6372673559b5,0.112,False
071b7cc38ad4,0.112,False
da0a03e2a90d,0.112,False
4260cea5864a,0.112,False
f57badc75fa8,0.112,False
0b53758b953f,0.112,False
39ae152beaa7,0.112,False
82767221ea0c,0.112,False
fe9d3c01d8ba,0.112,False
f1c22be5e88f,0.112,False
ab468717758d,0.112,False
c8cee46d586b,0.112,False
5f96f247e1ca,0.112,False
59c94ec2ccdc,0.112,False
71922a00fd09,0.112,False
2c8749209c9e,0.112,False
461e23a25bf7,0.112,False
cfbf1a8897e3,0.112,False
d1c3fa06b835,0.112,False
a497b7d990e1,0.112,False
475461e1f3ea,0.112,False
d7a040da3711,0.112,False
ddffdbbe5dcd,0.112,False
5d3c48191f66,0.112,False
0b37da5142bf,0.112,False
dee83ff3fa07,0.112,False
450eccdb114b,0.112,False
1548eec42c1b,0.112,False
49aa4909a569,0.112,False
b2baad9b6036,0.112,False
1de245bbedb7,0.112,False
9b5410f271a7,0.112,False
6f563993eccb,0.112,False
fc066be9e9c1,0.112,False
4018840b82b2,0.112,False
e7088ce4cc2a,0.112,False
f443a5bfeb58,0.112,False
280d98f133e7,0.112,False
241e4380c278,0.112,False
fc8ebe0705ea,0.112,False
52819558a15b,0.112,False
bce32739ff10,0.112,False
03b7fbec68c7,0.111,False
cf86178512f0,0.111,False
ab0bb8b383c2,0.111,False
38639903da80,0.111,False
52db55845e58,0.111,False
0e7cc0446d3d,0.111,False
d564db06b801,0.111,False
aabd1bdda0a7,0.111,False
210d52608d24,0.111,False
5dabfe5db543,0.111,False
57aca1388199,0.111,False
de6c63f0e885,0.111,False
0a26e2987898,0.111,False
09955e0de013,0.111,False
b979c8c456d2,0.111,False
b937cd2045ee,0.111,False
0f7c2b9a3a0c,0.111,False
446cc729068c,0.111,False
35f993fdc7ec,0.111,False
e6a05b1494d3,0.111,False
b450f5ec9c7e,0.111,False
579b3151203a,0.111,False
dbf035ad1ab5,0.111,False
754d5e09194f,0.111,False
0541f2dc7001,0.111,False
6b888a9d8f54,0.111,False
767cc376552a,0.111,False
cba598a7e132,0.111,False
6198c5d01478,0.111,False
1e0e3d8f14dd,0.111,False
5c8b20e7feda,0.111,False
abdda6c7d3fd,0.111,False
84c4292e4b1f,0.111,False
2ed9e580f5bb,0.111,False
7e77ee714245,0.111,False
23216a8e504a,0.111,False
30519ac3bf64,0.111,False
867f7b110b8c,0.111,False
60386863a51e,0.111,False
feeb18968964,0.111,False
bcf9b7ab6543,0.11,False
59e364a751d6,0.11,False
d7f412c02ee2,0.11,False
18a00f61a390,0.11,False
c43289a51773,0.11,False
c428273c3cfc,0.11,False
ad5d01e9568e,0.11,False
b908ef5a221f,0.11,False
18baa668436d,0.11,False
02445c179ffc,0.11,False
eb1fc2c6bca9,0.11,False
04099f5bbea5,0.11,False
da5b39d8327f,0.11,False
ba5479f9d12a,0.11,False
1277e663a09a,0.11,False
0b8a3e41c36a,0.11,False
5c9f7218294e,0.11,False
5c74c8ebacc4,0.11,False
d9b8ba8df8ed,0.11,False
46c298a16dcd,0.11,False
a811d872a03e,0.11,False
d917a8269d85,0.11,False
a3ab190a94f9,0.11,False
03534218ecc0,0.11,False
7f7e8d8429c8,0.11,False
e0fcbfb322ec,0.11,False
2b3668fe4c0e,0.11,False
59b2fadef4ae,0.11,False
dcb9ed520b07,0.11,False
4de6d5b3b953,0.11,False
05dd0312fe33,0.11,False
8c7ba459d2cb,0.11,False
e1ba70b07462,0.11,False
5b0fd6d7cdc3,0.11,False
253bfe6fa829,0.11,False
e66797db27b8,0.11,False
5fa1d07768d8,0.11,False
4dcf8fae2d79,0.11,False
271095c7a3fc,0.11,False
5323f6b53c0a,0.109,False
483bbcf39426,0.109,False
931a7d0cea45,0.109,False
c6c4cb070428,0.109,False
506f3654dc3b,0.109,False
af12309594e3,0.109,False
5fe5e5810bef,0.109,False
31ad71e6519f,0.109,False
6ea4a877f4e5,0.109,False
024a87ad0976,0.109,False
5cddafba06f5,0.109,False
0149e546b973,0.109,False
3bc5b4b44a6d,0.109,False
c95853e9b562,0.109,False
d265b35bd037,0.109,False
5885aa8ffa14,0.109,False
16eb5ebfa232,0.109,False
de1a3d1550f1,0.109,False
b38b8e36b836,0.109,False
e19809b39280,0.109,False
ee4401322016,0.109,False
9da601c54dbe,0.109,False
40bf7a2dfea8,0.109,False
c0d2e650f6b6,0.109,False
aceeef85a5a4,0.109,False
412ce6a04714,0.109,False
703c6da73e0d,0.109,False
af1150a9d1fd,0.109,False
2edc698af677,0.109,False
89016cd27482,0.109,False
b5baae30a51c,0.109,False
9f3cf30668dc,0.109,False
a380608b0499,0.109,False
bf27df241d7c,0.109,False
0faacd1305b0,0.109,False
6bdeb5adfacb,0.109,False
57ab14041eca,0.109,False
b873de4d0477,0.109,False
2c30e1402a5b,0.109,False
efec74555c04,0.109,False
5772e9507a13,0.109,False
eed39b21a4ae,0.109,False
ab147a2bfe9b,0.109,False
7ffc00338c36,0.109,False
4053f4a97853,0.109,False
7af4d8c22867,0.109,False
63375c9f43e2,0.109,False
f9c83ae76a13,0.109,False
cd584d9bf0e4,0.109,False
3711beba8232,0.108,False
c4173f0becbb,0.108,False
8327f5461978,0.108,False
479c4e404bab,0.108,False
6e3840204938,0.108,False
acea963d5fe0,0.108,False
cb9b3dbe21f2,0.108,False
86f2eaea59de,0.108,False
f72daac76661,0.108,False
496fa3056fd5,0.108,False
86fc00cdba48,0.108,False
1e1af368d150,0.108,False
61e72e9ade93,0.108,False
76ef1cd44b6c,0.108,False
9b525fa9c6f3,0.108,False
f6558e4b608c,0.108,False
baaa3686d45f,0.108,False
decba37723b2,0.108,False
be14e6b2bd44,0.108,False
3b08c56d2d34,0.108,False
bed6b27ace06,0.108,False
580d5f568760,0.108,False
9639546d3318,0.108,False
ba9947fbda23,0.108,False
0d9e640f0770,0.108,False
9d44beadac21,0.108,False
078f53a856d3,0.108,False
b27006244abb,0.108,False
acdec71ca334,0.108,False
8d2abaed7d36,0.108,False
deaa8f7c18eb,0.108,False
296d828bda02,0.108,False
ecf8ae8452c0,0.108,False
51914f7cb047,0.108,False
6c37bfb02b7a,0.108,False
75e8c64c3629,0.108,False
a27f02b7fd59,0.108,False
9feeb384b972,0.108,False
dae08da82ee4,0.108,False
62f3d4293283,0.108,False
831b60bf656c,0.108,False
7537f5085445,0.108,False
f9920fc6c3ff,0.108,False
91c3e3d22492,0.108,False
e893b6f09f12,0.108,False
137fafc6daa2,0.107,False
bb997d895f31,0.107,False
67cb89b7065c,0.107,False
64e1eb8cd5d2,0.107,False
06da776cc45b,0.107,False
88455fb08d66,0.107,False
be097e027af1,0.107,False
66ff9a55a3a3,0.107,False
e3abd11e610d,0.107,False
376cf9d93a3f,0.107,False
fa84d89c6fbb,0.107,False
1cc65344fabb,0.107,False
7382b087e92e,0.107,False
41f6cd7f0d97,0.107,False
e5b9d4f8e32c,0.107,False
543dfacf7b5c,0.107,False
1f8e20ba4b0e,0.107,False
c68485a0d0f2,0.107,False
f8c1acbe3049,0.107,False
51e3c4bb58e8,0.107,False
99384362e7de,0.107,False
a1d73bc5ee6e,0.107,False
92cc746b0624,0.107,False
7952e1d2ef60,0.107,False
e7308954a15c,0.107,False
36534f929359,0.107,False
2fdbcc367658,0.107,False
ebfd5ec75531,0.107,False
502de443f36f,0.107,False
eee878f53901,0.107,False
d21643e653e3,0.107,False
c1436722dd87,0.107,False
b80cfbdc0feb,0.107,False
38c3fa21a36c,0.107,False
8c06a94a4392,0.107,False
565523ad4fd3,0.107,False
0b82d76e5837,0.107,False
f28da43497da,0.106,False
0f6895f6161a,0.106,False
7d179078ee15,0.106,False
d2d019229256,0.106,False
5e1a994a4e02,0.106,False
dcc4ee634fc5,0.106,False
8683fc0b0953,0.106,False
303c8b223edb,0.106,False
4465a3b18437,0.106,False
3b6080a9d42d,0.106,False
8f045023c066,0.106,False
97dbc8543d93,0.106,False
a0db9db2b72f,0.106,False
bfa29768cb42,0.106,False
e81a0166345f,0.106,False
07c8212d31cc,0.106,False
d1fe6d2b9fd9,0.106,False
c8341d6913c9,0.106,False
bb0a652ec7d4,0.106,False
662eca0cb148,0.106,False
c1555abac459,0.106,False
8c42cf3938cb,0.106,False
da832ae75202,0.106,False
76d4a575c44e,0.106,False
ca0a2af3dc88,0.106,False
4c0d06d6de82,0.106,False
23b0b776ccf4,0.106,False
2c7d51d45b6c,0.106,False
46260bc577e6,0.106,False
d7d2a1e9ab9b,0.106,False
af5e8eed027f,0.106,False
e1951d193db0,0.106,False
7aaa553c8174,0.106,False
2781fd5569ee,0.106,False
91027bcebc60,0.106,False
ac19bf066af4,0.106,False
0159a27a7c7c,0.105,False
93afaf28316d,0.105,False
9dac0dbdddcf,0.105,False
f2a1dd5bd02b,0.105,False
a93111a5e2fd,0.105,False
c333a9480372,0.105,False
b77b7fe00021,0.105,False
f2bf5972db59,0.105,False
ca9ad06818fe,0.105,False
18cf7e79fb76,0.105,False
eac5f148cbaf,0.105,False
78c9e918e550,0.105,False
25d6a852cec0,0.105,False
4c404bd447e2,0.105,False
90403caeded0,0.105,False
1239bbe77a47,0.105,False
5898cacdb89c,0.105,False
72b3d690c77f,0.105,False
eca6313893cc,0.105,False
e3e588e40b8c,0.105,False
73f1927d8414,0.105,False
716fbcdd96f7,0.105,False
8b7c288d8c73,0.105,False
4305c908a608,0.105,False
da443a56fb36,0.105,False
0c3725951420,0.105,False
1c7edde537ef,0.105,False
4066c8889aa4,0.105,False
861ab7667f06,0.105,False
413c76a7fafd,0.105,False
cdeb1427f051,0.105,False
7647cc806c1f,0.105,False
d5f938d950bc,0.105,False
18a78f46a7ba,0.105,False
cec5bfb513e0,0.105,False
9f83bdf505dc,0.105,False
ed9bc74169aa,0.105,False
2f64397280f1,0.105,False
5bdacfc8e895,0.105,False
67ba22f53440,0.104,False
a69638272661,0.104,False
3483481a9032,0.104,False
9be4b577674c,0.104,False
e96021a47b99,0.104,False
27adbb4453ef,0.104,False
5fc37a562d6e,0.104,False
287b7420dcba,0.104,False
e46f1a6fc1ab,0.104,False
60f8a717779f,0.104,False
6186ef6c734e,0.104,False
de00a638c3c4,0.104,False
7a5f1bfd3a7e,0.104,False
0aa89116345d,0.104,False
6b9a5e9b135a,0.104,False
4906f40c6362,0.104,False
7edc5e885dc1,0.104,False
06c5d0bd0509,0.104,False
49b8ce93416d,0.104,False
d84210909291,0.104,False
260353ef418f,0.104,False
151bf3f2c065,0.104,False
6fda4fd2995d,0.104,False
045018174194,0.104,False
65490c3ef9ae,0.104,False
a7502d76c78c,0.104,False
6108dccea922,0.104,False
84c4e703a0b2,0.104,False
19f9bfd1d443,0.104,False
cfedcd093257,0.104,False
9a67af034e88,0.104,False
c7e87f66e866,0.104,False
db56cd69e784,0.104,False
ff2f30a987db,0.104,False
df73b67552d5,0.104,False
d7532390b259,0.104,False
a9fcb45c72ce,0.104,False
949860e57de9,0.104,False
239979f5741a,0.104,False
d5a45ade6720,0.104,False
aa7562659b41,0.104,False
558dedbac62f,0.104,False
4590243d6d4a,0.104,False
5f84f6aaade6,0.103,False
00baa3859984,0.103,False
e7bfbe740aba,0.103,False
02fa3732040b,0.103,False
f4bde959056a,0.103,False
0b6cbb3bee2b,0.103,False
78467e849d89,0.103,False
41823c8a1d37,0.103,False
4835dc2e734b,0.103,False
677bd6fddb76,0.103,False
5e2b3079f8a0,0.103,False
c2a91ab24a26,0.103,False
bfcdc68e87fa,0.103,False
142c23521b07,0.103,False
3c7a8070cd8b,0.103,False
1f81b030dad4,0.103,False
27b92290fe18,0.103,False
44331f2b57c8,0.103,False
ea035880ccaa,0.103,False
afbc24891573,0.103,False
cdfa4dedb667,0.103,False
98e15fa268dc,0.103,False
58bfcca37755,0.103,False
2005bacf3fd9,0.103,False
48746859ce32,0.103,False
225c87d0d9c6,0.103,False
f6019bca1d9c,0.103,False
6a3094cc48eb,0.103,False
b1abf8a7b145,0.103,False
a4d826df7f32,0.103,False
81b2a639578f,0.103,False
27cd90363d9e,0.103,False
36e6400e9c6e,0.103,False
370413d79837,0.103,False
cd0f799a9542,0.103,False
e7d215b108c0,0.102,False
b3c9fa6638fd,0.102,False
034dc07bf9e8,0.102,False
d80a729da999,0.102,False
d83163afe3b2,0.102,False
9360ecc03cca,0.102,False
3cfddc3a73f8,0.102,False
b86e7ac3cc65,0.102,False
024d104ce880,0.102,False
f4fbfbd48fc5,0.102,False
23171d74e085,0.102,False
731c4d430f51,0.102,False
6856ff89339e,0.102,False
686cb2236bee,0.102,False
56eb71c60212,0.102,False
9e4943593898,0.102,False
d4fa7040461b,0.102,False
330c0fe2a6fa,0.102,False
838196e59227,0.102,False
e6b6bb0e809b,0.102,False
bac7591d75ba,0.102,False
c345b87aafb9,0.102,False
043255bb5de0,0.102,False
1077ef12605e,0.102,False
b6eba3080b8b,0.102,False
12076ac669ba,0.102,False
7c8f1848a326,0.102,False
eda1157869fd,0.102,False
679511dd64d6,0.102,False
86e7210e6f27,0.102,False
d3602124dc71,0.102,False
1f68b53a49b8,0.102,False
408ffdb86f7e,0.102,False
6d2bfc96ecee,0.102,False
3f696828babe,0.102,False
68862fb8a551,0.102,False
1a12ac447357,0.102,False
8bbca64459bf,0.102,False
a6f77282abff,0.102,False
61680b31a8c5,0.102,False
e3a72f5478f8,0.102,False
a88b05cb7dea,0.102,False
e35dbd6a18c2,0.102,False
f01bde9243b1,0.102,False
fd0cd50461c1,0.101,False
fafce36c4a44,0.101,False
188ef38fdd65,0.101,False
fa7ca57a90b3,0.101,False
0e721c018751,0.101,False
6d9b182646e9,0.101,False
3973f1cc2f20,0.101,False
8aad4c303381,0.101,False
a77e8e3fe4ec,0.101,False
1e52d75566c5,0.101,False
048f79054136,0.101,False
8be8c36f3bf2,0.101,False
50998f8bb0f3,0.101,False
7156e295be07,0.101,False
0923245444be,0.101,False
8bbff46feb94,0.101,False
63e204279a51,0.101,False
558d0b15a670,0.101,False
5a50f88d9682,0.101,False
5a8276b7e1f8,0.101,False
f2dc81d66d63,0.101,False
a69070b01eeb,0.101,False
cf239eeaab03,0.101,False
4cab284a5007,0.101,False
694a6d332601,0.1,False
8bc6bb808397,0.1,False
0a2ade850aae,0.1,False
d1710fa09e21,0.1,False
05acab79b0ce,0.1,False
28cf48b8af9c,0.1,False
6a2933c53645,0.1,False
a64a417bc026,0.1,False
7962e93eded4,0.1,False
9d04882e51ed,0.1,False
ecaa6fac5406,0.1,False
d6048e7faca8,0.1,False
14fdf61bd68f,0.1,False
702722e752ea,0.1,False
0de375d3e2f3,0.1,False
017ffaa0eaf2,0.1,False
01ab86c15bd3,0.1,False
17d766e1f85a,0.1,False
81e8775943f7,0.1,False
4c5ce9244d22,0.1,False
9a203aa9b5bd,0.1,False
0da15e9bc75e,0.1,False
c6c339f2dfa9,0.1,False
209603775582,0.1,False
4f011db3cb1d,0.1,False
dbc5e3a4cd9d,0.1,False
b30f510577c8,0.1,False
5480e1c50afb,0.1,False
e9e04a589936,0.1,False
59a841cad15f,0.1,False
8331e977cf20,0.1,False
37f47aba6e79,0.1,False
8906db8ee60e,0.1,False
5badf90e4064,0.1,False
f366d8978377,0.1,False
67f578a4c46d,0.1,False
90d83c23a824,0.1,False
35d4c6d6ff16,0.1,False
86e76565090b,0.1,False
dd6db3a76563,0.1,False
6220fe8cd11e,0.1,False
4ec598cdc685,0.1,False
761f6c9b017c,0.1,False
a012e9b8a448,0.1,False
45443f08e2e0,0.1,False
225fd684905c,0.1,False
031be3ee0193,0.1,False
d068f79f463e,0.099,False
610febf76445,0.099,False
eeb2b708db84,0.099,False
8c2fcb1dfd61,0.099,False
cc5a556e698d,0.099,False
86a76bab1e56,0.099,False
b11533387cba,0.099,False
044b742d7a3f,0.099,False
08eb6751c4c3,0.099,False
caffb6dc45be,0.099,False
9372a453f2dd,0.099,False
28f85cc206c4,0.099,False
a48671c196c7,0.099,False
ca72b9c9a082,0.099,False
7310d733f829,0.099,False
630877413985,0.099,False
ef2cd11e783f,0.099,False
a0e002559d39,0.099,False
c6991c17c5ec,0.099,False
9c683c19ef80,0.099,False
23ff2695cffd,0.099,False
35fe6bcd068b,0.099,False
83ad06c67224,0.099,False
3b07dedd27c9,0.099,False
e20f0597757b,0.099,False
1488212ecb2d,0.099,False
c1fc333d0d14,0.099,False
40c8b795db5b,0.099,False
e61691cf8b8c,0.099,False
11b9d64e0d13,0.099,False
814e958e6cce,0.099,False
113849d68aa5,0.099,False
8dd19e9d500f,0.098,False
77d06b95191b,0.098,False
d8c6ee53ed0e,0.098,False
6969853abcd1,0.098,False
4f6c81c809fa,0.098,False
2259840ac9ec,0.098,False
772f824d5b5f,0.098,False
6206f56ebc79,0.098,False
0977f5ecc68e,0.098,False
cc2f5d2c6058,0.098,False
c789e91b5dbc,0.098,False
a7d09400138d,0.098,False
43917cc32b73,0.098,False
da130a8f4506,0.098,False
9d5d74c93d7f,0.098,False
0e91fb8f1159,0.098,False
fcaf95c71d6c,0.098,False
719c27cb9263,0.098,False
0e3634b6da40,0.098,False
717de297661a,0.098,False
90b243d6e7db,0.098,False
99d97795d4a8,0.098,False
48bc9bd9f889,0.098,False
edf0fb83fe58,0.098,False
5d559687eb39,0.098,False
26d2f80e1146,0.098,False
ae4c89bee2fd,0.098,False
f1a471b61f41,0.098,False
fa332804b0db,0.098,False
54d855cd27b0,0.098,False
373ec5d6d654,0.098,False
86212adab3f5,0.097,False
39edd7efe7c1,0.097,False
c683303d90d7,0.097,False
d7b038bf19f6,0.097,False
169b49407301,0.097,False
0a58145ec11c,0.097,False
42ccb1494068,0.097,False
e9b31a5ca5a5,0.097,False
f4a0f3b0f77c,0.097,False
61c33a1a800a,0.097,False
5e8a01524e89,0.097,False
7f8f38726894,0.097,False
af47fd615919,0.097,False
75bc3fd70da8,0.097,False
adbbbbb26b5f,0.097,False
7be1aa4d4062,0.097,False
03386aebe729,0.097,False
60ee98e93d44,0.097,False
b62d7d397781,0.097,False
e893cee5e550,0.097,False
4590d5365a24,0.097,False
bf1e36ce5f9c,0.097,False
f97b030d96d0,0.097,False
e16dd0479ff0,0.097,False
5e8d2c4e53fa,0.097,False
5310726b74bb,0.097,False
3231cddfda86,0.097,False
1d86e752c713,0.097,False
535b7ff4daea,0.097,False
8176c5c7f26b,0.097,False
df53ec60b989,0.097,False
104bfe542136,0.097,False
b4ab156a6e64,0.097,False
3fce161648da,0.097,False
803d6abc9369,0.096,False
0f219b69dbb5,0.096,False
82ec26ee838f,0.096,False
0fac8811235b,0.096,False
bd96cb14c487,0.096,False
9e4cd34bc4fa,0.096,False
dfbd316a6367,0.096,False
3b377ddac658,0.096,False
3c2b639272e6,0.096,False
d7213391f92f,0.096,False
f893a20dbbb3,0.096,False
23a94b300e96,0.096,False
88ae2482966e,0.096,False
76d0d8ddbe14,0.096,False
0cdbcc8ceabf,0.096,False
653f8046c61c,0.096,False
6f6a2a21ac6d,0.096,False
548b64c12916,0.096,False
9b127586d822,0.096,False
668888977da2,0.096,False
568dc6ad2dac,0.096,False
e39c650a4da6,0.096,False
d973b5f3d533,0.096,False
204a3d622faa,0.096,False
4d92649dea35,0.096,False
e727b7b3b975,0.096,False
ff193aa5b0a4,0.096,False
9e84c514855c,0.096,False
52dc26f70657,0.096,False
c76397714994,0.096,False
f7a07ff5cffb,0.096,False
5842f9ce2d5f,0.096,False
b79b6080b685,0.096,False
4b70e0a11232,0.096,False
7d9c6a798cfa,0.096,False
a7c6d3e83623,0.096,False
dfa9841f3527,0.096,False
8bc31cd15e9a,0.096,False
776128a293e4,0.096,False
d80afbb172d9,0.096,False
7f7f56e8b661,0.096,False
9d94c09def70,0.096,False
1ae86d79da28,0.096,False
5f72140ed633,0.096,False
5989a3b5e3d9,0.096,False
89c85ab43ffe,0.096,False
0e60cc606c53,0.096,False
70c4f14dfe9d,0.096,False
9220ed554848,0.096,False
2445f0ac3a21,0.096,False
24ca35e1cbe5,0.095,False
89f4826fcd26,0.095,False
d662ed40e2a7,0.095,False
f23ec4955c26,0.095,False
bc3d3377309c,0.095,False
d5917a2132f5,0.095,False
e860ea33b012,0.095,False
493d70b92dce,0.095,False
c9435b304abf,0.095,False
a327558a7c85,0.095,False
d56a004d479e,0.095,False
749db20f674e,0.095,False
deb7ef3b90ba,0.095,False
a2a8dc8b70e2,0.095,False
c2f77ef94bee,0.095,False
5af7cec00ff9,0.095,False
bf1149e2acd3,0.095,False
afbaf5263971,0.095,False
465c8244c09b,0.095,False
84dd108593cc,0.095,False
7f4bd97c5196,0.095,False
0dbb735cc549,0.095,False
d66851e1d060,0.095,False
32ba4182c3bb,0.095,False
8bb2b35ea37f,0.095,False
d157a45a6911,0.095,False
585c4099173b,0.095,False
9baf8f1f2485,0.095,False
8f57dedea084,0.095,False
e39c5a8fbd76,0.095,False
85be21c01eef,0.095,False
d8abf4d25049,0.095,False
9c0ea20e8d13,0.095,False
b753dd86fc58,0.095,False
d3dc7dcc5e9d,0.094,False
50f95ecffaef,0.094,False
1790db2e39c3,0.094,False
31dd13b5d9a7,0.094,False
535f7257fef2,0.094,False
09614e32d281,0.094,False
2ef94b9f683c,0.094,False
22c6b87da81f,0.094,False
c665c4b8d5aa,0.094,False
0b08db0e5ea6,0.094,False
300ec2764620,0.094,False
77f21d552508,0.094,False
54a930e0dfc1,0.094,False
daada1637c4c,0.094,False
a6f16dffcce3,0.094,False
8c297d1607d4,0.094,False
3a5cf4ce616b,0.094,False
b0827b5e8d66,0.094,False
0d3e03557d03,0.094,False
02cd6337aa75,0.094,False
5cfee7f30608,0.094,False
3ebdd2af04eb,0.094,False
59ef1ddd7f06,0.094,False
6b4c62ff757d,0.094,False
49abc317b49d,0.094,False
b9224cddef30,0.094,False
725acdeedeab,0.094,False
104697d18a46,0.094,False
ddb75d5ba633,0.094,False
969a23ad90e7,0.094,False
0ed6dd9b9a81,0.094,False
274c26a4a186,0.094,False
d512836e036d,0.094,False
dd3464570db2,0.094,False
970e33f813f1,0.094,False
d6422316d4d9,0.094,False
cdd8d3d059f2,0.094,False
589f0063104c,0.094,False
b178d65322e4,0.094,False
1f5b848774f1,0.094,False
3485c51a1539,0.094,False
2d16de06fedb,0.094,False
24582a3cf534,0.094,False
447e4092163b,0.094,False
7fa9ad6ab7a4,0.094,False
b84f3b8ccc58,0.094,False
7fe12c50e898,0.094,False
bdbe6405f06f,0.094,False
fda9df18c242,0.094,False
afa7afc7a98a,0.094,False
3e123d7de67c,0.094,False
50605baee940,0.093,False
ed3035be5aca,0.093,False
0b345dda0c06,0.093,False
327dc7e276ea,0.093,False
d298f9f91065,0.093,False
5bd1bd1ffda9,0.093,False
f826a60c607a,0.093,False
6fb691a1c02c,0.093,False
0bc29142bda1,0.093,False
faed584588cb,0.093,False
8185e7bcef23,0.093,False
9838da07d066,0.093,False
05d06fea2877,0.093,False
421cbd83ebd8,0.093,False
8f68571141c1,0.093,False
310e3996937a,0.093,False
ca5a204a8924,0.093,False
e630351d2825,0.093,False
2c828b970b5b,0.093,False
c0f20868a445,0.093,False
2d998ddbd795,0.093,False
68dd76e21e79,0.093,False
02d39b278b8d,0.093,False
1f1d878e1783,0.093,False
994b870d7de6,0.093,False
722c20f0d42c,0.093,False
d4d4391339bc,0.093,False
5247d2556351,0.093,False
6782d2981435,0.093,False
8211909ab91c,0.093,False
67458dd62160,0.093,False
f1630c3bbc1b,0.093,False
5d155f163180,0.093,False
ffbee5a9f42c,0.092,False
66e94ed9d3f2,0.092,False
8f776580177b,0.092,False
3cdf8eaf1fac,0.092,False
64f7088a0630,0.092,False
4ce85584e423,0.092,False
5f44fe381044,0.092,False
1382104a55bf,0.092,False
e232cbb9503c,0.092,False
274748952713,0.092,False
ce3a4d8bdeb0,0.092,False
f007e2860473,0.092,False
12398632833c,0.092,False
899728ec22dd,0.092,False
0791b9ad9366,0.092,False
8a6ecbbb81d2,0.092,False
df655cef8564,0.092,False
5b64c4597278,0.092,False
c37bcd0fe96a,0.092,False
f2358020782f,0.092,False
c976bf611d22,0.092,False
179e4af560fe,0.092,False
a108940f52fa,0.092,False
b2cb688e3e0f,0.092,False
e46c517353c8,0.092,False
5e01edd206c7,0.092,False
f39530038a38,0.092,False
7743df6855b7,0.092,False
0ea4c3d6756d,0.092,False
644660be8cd4,0.092,False
be06538fce8b,0.092,False
f8b6c28b95d3,0.092,False
91814080f25a,0.092,False
249eed481ab6,0.092,False
8f10e8c4c435,0.092,False
8dccae9f1b1d,0.092,False
001d09a4b64c,0.092,False
5894e69d6c2e,0.092,False
da0c4b885adb,0.092,False
b5cd0e98cffe,0.092,False
148b57346b04,0.091,False
7a53c7526ed5,0.091,False
24d4993d8156,0.091,False
729cad8e14f6,0.091,False
738d9cb83d81,0.091,False
42bbb2d1f443,0.091,False
2157bd29267d,0.091,False
b779d86c9958,0.091,False
0fe9b7250eb7,0.091,False
82fe893a0ea3,0.091,False
29d6484c2bc5,0.091,False
a63c7a71c30d,0.091,False
0d78514080c3,0.091,False
bc7707f12700,0.091,False
f0ac5bf7ce7d,0.091,False
27329d0bd6dc,0.091,False
9a992cbc42fb,0.091,False
97370ad16ddf,0.091,False
f1e7a7b3b872,0.091,False
6f80dc8ba2fa,0.091,False
a7e0b1c37f18,0.091,False
3453f655e7fd,0.091,False
8922fcd677fc,0.091,False
d8c74a7fd10f,0.091,False
3194f0b1a0c3,0.091,False
d27982566173,0.091,False
85e62b20eded,0.091,False
38b414cd537d,0.091,False
53681b674cbd,0.091,False
e8c479397f40,0.091,False
abe58358d569,0.091,False
35722e9d4e21,0.091,False
f9907a4f025d,0.091,False
6ab670aa6e78,0.091,False
6a34fa686a82,0.091,False
24eb05ef32b4,0.091,False
af1b7c9ff1e0,0.091,False
7430168ccbbd,0.09,False
15ec3ddae547,0.09,False
034a1207b6a2,0.09,False
11174bbaa23e,0.09,False
1074940bea82,0.09,False
a551edae64df,0.09,False
96eaa4926297,0.09,False
469ff14758ef,0.09,False
e343341c54c2,0.09,False
c1df568321e6,0.09,False
59217ec8e212,0.09,False
4b7babc5ee91,0.09,False
1e219ccf5318,0.09,False
c6e2feebdf61,0.09,False
70d00756b9cf,0.09,False
431f70d88624,0.09,False
777424f45130,0.09,False
20f44b14ef5c,0.09,False
e4c2d4112f63,0.09,False
0c1082d1d9d2,0.09,False
39fa5f232d72,0.09,False
6e6e3c1d16e1,0.09,False
877e2bb88fef,0.09,False
33027a64d576,0.09,False
6d2f27db9cec,0.09,False
522ea901e0c3,0.09,False
5cb70658d8ca,0.09,False
be2bcd96882f,0.09,False
c621dc07a729,0.09,False
01e9acbd4291,0.09,False
01cecbb59f8b,0.09,False
3d6708c80909,0.09,False
01faf125220a,0.089,False
4c499877a71b,0.089,False
c7c26bbe7fa3,0.089,False
46b6b31e0eab,0.089,False
a2d73701a564,0.089,False
82f2f367af8c,0.089,False
a5cc0443b0d0,0.089,False
f2ae7983e749,0.089,False
a6d5282552ad,0.089,False
cadc2183f42a,0.089,False
559ed287f561,0.089,False
ba34f12bd683,0.089,False
1a956ff2a40a,0.089,False
58eae786a877,0.089,False
fc9da3705ca9,0.089,False
5d2d805e2b8f,0.089,False
114780b76bf0,0.089,False
d3090dfe26f7,0.089,False
9ffffe6ce604,0.089,False
bef5ac055274,0.089,False
2c22fe595805,0.089,False
57f45a905a55,0.089,False
d7d292a3c228,0.089,False
5eea8d9edab3,0.089,False
7c47b2423ad4,0.089,False
fa73d5a510a1,0.089,False
127cbf132f5a,0.089,False
80692ebcf1c6,0.089,False
8ae0f1e01a67,0.089,False
8db9b5c687ce,0.089,False
507945b4cbea,0.089,False
56250a120b6b,0.089,False
b765dcd19e0e,0.089,False
7b3ae51e3eed,0.089,False
a6d1fa4f025b,0.089,False
a7feb8b8ad39,0.089,False
5fb82229d7bf,0.089,False
1693d029d02c,0.088,False
22a07cee7f0e,0.088,False
968f2e4242d8,0.088,False
f32b14612216,0.088,False
b99a6b05cf18,0.088,False
f1d5a3a7bee1,0.088,False
69dc618e6b35,0.088,False
dd46b6a34dbf,0.088,False
90cfaa4364f3,0.088,False
019d91117788,0.088,False
8f04b88dc069,0.088,False
c2d73b20aa9f,0.088,False
8efcc45cc2a1,0.088,False
fd7a80a6a895,0.088,False
07215169d17f,0.088,False
591851bf2aeb,0.088,False
2f506408c164,0.088,False
0d0999a7b2b5,0.088,False
f474ccc8f426,0.088,False
4f3d8b520a93,0.088,False
e6101b284e0b,0.088,False
ab3883a59ec8,0.088,False
89bb5ba94fba,0.088,False
f8f246c54463,0.088,False
9baaf875b56f,0.088,False
a043b3aa6f31,0.088,False
b33a953e2f7e,0.088,False
ade9feb64ea7,0.088,False
dbbadcd6fdff,0.088,False
7d70fa44a948,0.088,False
c92b91b9f18d,0.088,False
8db9c19e3ced,0.088,False
304ed94c8b95,0.088,False
1bdcd11e78f1,0.088,False
6f29ff7a5dd0,0.088,False
93d0e4cb3fbb,0.088,False
d9d4f394a475,0.088,False
4b09bfc1d64f,0.088,False
9ace219db683,0.088,False
3955817d7a57,0.088,False
8cea407c5ccf,0.088,False
4ab1f066545a,0.088,False
d7b775ee4f4c,0.088,False
6ea8de1ee75d,0.088,False
14080bf0e1a9,0.088,False
ef3c87758bee,0.088,False
5b251088217e,0.088,False
fa608e4f1f1b,0.088,False
74b88d97d1ea,0.087,False
65a6c6deda56,0.087,False
3344140b408b,0.087,False
5f28b6c899a4,0.087,False
f6c92cafcc34,0.087,False
5fb62e9adb52,0.087,False
815d763d8062,0.087,False
7ea70ec9068d,0.087,False
9c301ef9e1ff,0.087,False
0c10750e2789,0.087,False
e4c913b090a4,0.087,False
da4cbe88964f,0.087,False
588340288a7d,0.087,False
858c576b12c5,0.087,False
a74c89a06a6d,0.087,False
d727126b496e,0.087,False
f06104f8fbb8,0.087,False
88a476cd9774,0.087,False
e52062eae095,0.087,False
4fc3a36d0ba5,0.087,False
7948b98b59de,0.087,False
b9f1c653aeb5,0.087,False
4b83ae37864d,0.087,False
76fa2ee833a4,0.087,False
073a3d9960b6,0.087,False
0d8900e06bb0,0.087,False
b2fa1c81ab0a,0.087,False
4eb2cc5aef92,0.087,False
e83966a2376f,0.087,False
7d833fab80c8,0.087,False
a7038895d221,0.087,False
f9b3c1f44aaa,0.087,False
e9d068274889,0.087,False
48e8597c5368,0.087,False
cc9c9c489a2d,0.087,False
b6c60ccc31d6,0.087,False
69ea3c24a7f0,0.087,False
a5affbae823d,0.087,False
2345cf7684e1,0.087,False
c5d55acb5f4d,0.087,False
83483d59cf05,0.087,False
e6a0fd0e8dcf,0.087,False
2423384fd89b,0.087,False
bab91d0ed228,0.086,False
862dd6b3891b,0.086,False
06e7443a0da4,0.086,False
1aadccab62d1,0.086,False
54d1b1d212c0,0.086,False
d770ea1382b8,0.086,False
3a777c24bd7f,0.086,False
dbd6721b13e7,0.086,False
e42dbbd01414,0.086,False
64bd0a0b3a1d,0.086,False
7b61c7917979,0.086,False
74a5c7f4560f,0.086,False
57b26b06e33d,0.086,False
4f15e300f897,0.086,False
475272b94586,0.086,False
079bb5bafdc9,0.086,False
7d4a81e295cf,0.086,False
f12398676c8a,0.086,False
fca8dfa2468d,0.086,False
d38822c8b4ad,0.086,False
4c83611abe7f,0.086,False
4a4b7bc43f8f,0.086,False
dc6e6b5c37b5,0.086,False
225771f91daf,0.086,False
71328e703480,0.086,False
ae248ed469ef,0.086,False
2dd6d426186e,0.086,False
aee10a5100e0,0.086,False
ebe1dee44ae6,0.086,False
78bfe5547775,0.086,False
b1f7445531a8,0.086,False
132de983c71e,0.086,False
7c9e87483670,0.086,False
8e48a485e1de,0.086,False
86feceede4a2,0.086,False
d9d402aa8457,0.086,False
2f27d206dc3a,0.086,False
c4167d49ab72,0.086,False
cb43cf5e2d36,0.086,False
c438ac6c054b,0.086,False
3936c60d83cb,0.086,False
2631d1bd54bc,0.086,False
4c5c2ebf0786,0.086,False
5dbb4d11a18c,0.086,False
54449d8079ef,0.086,False
0268f2ee9217,0.085,False
06082210742d,0.085,False
37ab7c36f123,0.085,False
69f46cfc9c85,0.085,False
035f23ff566f,0.085,False
e9456abe11ab,0.085,False
f6bb025bf1d8,0.085,False
b57e5339f7e2,0.085,False
0c095c30b4b4,0.085,False
d1201bd33079,0.085,False
e69da237f1a9,0.085,False
9a375960c904,0.085,False
6461b81affc6,0.085,False
0f7078de505c,0.085,False
775dfbb392f6,0.085,False
83747d4d7461,0.085,False
171ed671f9fd,0.085,False
f337b409486a,0.085,False
96cac464188c,0.085,False
038f11fd918e,0.085,False
c2184c3cb21a,0.085,False
34223fc476c0,0.085,False
650f284efae7,0.085,False
45cdfe439c39,0.085,False
134295e2a22e,0.085,False
c2d118ed7031,0.085,False
63d862e8fe10,0.085,False
a98e147bf701,0.085,False
a5b92677c9c2,0.085,False
1a3962147cf0,0.085,False
6bedc29d3e54,0.085,False
89df767eb7f0,0.085,False
05ae6ee26c00,0.085,False
61623e7b3c81,0.085,False
847dac437bb3,0.085,False
d257ad8687f1,0.085,False
ce9bd20d3c2c,0.085,False
108c185ede6b,0.085,False
e7676ddc67c9,0.085,False
44842b4a0ded,0.085,False
7a6792966998,0.085,False
f161f8ba82d5,0.085,False
2c26da10a019,0.085,False
f45167bb2d57,0.085,False
dca1d36708d9,0.084,False
580368db3757,0.084,False
6c2ae73785ee,0.084,False
1fe5f4a069c4,0.084,False
3c611a8a4b7f,0.084,False
8ac8fb5d8a8e,0.084,False
14d1ef697c17,0.084,False
e0c1bafc894d,0.084,False
807c41f323a9,0.084,False
01b590aa1db5,0.084,False
9eb8006d2c9e,0.084,False
1017fdcd9aef,0.084,False
8248e4435798,0.084,False
024068b83cdf,0.084,False
dd6ae2a8f032,0.084,False
c4a619ae7317,0.084,False
bdb8c8a51b9d,0.084,False
56676add681a,0.084,False
89225ced1dcb,0.084,False
7b7a556039fe,0.084,False
864e7bfba49d,0.084,False
048a2e3da04b,0.084,False
f6cec3085e2b,0.084,False
bf3febbd0f27,0.084,False
4aa1f567320d,0.084,False
6dc190f3aa32,0.084,False
6fc01ea79f34,0.084,False
27f2484752de,0.084,False
280211b604ee,0.084,False
c0841a070519,0.084,False
2ee22c23cfc5,0.084,False
ac64538ff932,0.084,False
6a4392385a82,0.084,False
439ad5a3114c,0.084,False
bb74d1c6dde0,0.084,False
2a12d9b5bb12,0.084,False
c130f7fcabdc,0.084,False
1f56a8404611,0.084,False
3a702b7badf0,0.084,False
f9ac5723cc56,0.084,False
36a514b1ba57,0.084,False
76c4914a925a,0.084,False
7e5b698fc0c6,0.084,False
2b58c113f0f0,0.084,False
c1382dc1c68e,0.084,False
ad9ef1c6f192,0.084,False
c5d7d6124ef2,0.084,False
04334c7a03fe,0.084,False
1dd4d5fe0627,0.084,False
a6cddcca3aa6,0.084,False
f432e6600ffb,0.084,False
071ab2c40d1c,0.084,False
2077a1532251,0.083,False
c6af6248f7bd,0.083,False
86503a7a140c,0.083,False
8dcbb5baba2e,0.083,False
f08132ac5633,0.083,False
ff51078aa9a0,0.083,False
4c381ba4a2c6,0.083,False
761bbb6a0659,0.083,False
ef6e8010129a,0.083,False
eddc03b452ce,0.083,False
09922b582f78,0.083,False
195ba9abf94f,0.083,False
fc546a3ef682,0.083,False
64066b11527f,0.083,False
6f75b2481a27,0.083,False
56985eb0556c,0.083,False
c5e4731f2014,0.083,False
d4d03052607a,0.083,False
cd6f4c590753,0.083,False
032570b34882,0.083,False
df2afec8fbc1,0.083,False
f018bb458858,0.083,False
431d78aa05f7,0.083,False
8a8ceab6b06d,0.083,False
db814f251bee,0.083,False
112d720eeb8a,0.083,False
f3aebf351fa9,0.083,False
bdcbcf8492b1,0.083,False
ca469a9b76c4,0.083,False
a19a0365f266,0.083,False
9b17f8fbdc28,0.083,False
82cd17e82786,0.083,False
96f6e5ea3187,0.083,False
82d6b1963df5,0.083,False
242ad390c417,0.083,False
137962ceee5c,0.083,False
2619cd346056,0.083,False
5e654b5a133e,0.083,False
6a0693c765b8,0.083,False
a541168779fa,0.083,False
9731839ba3db,0.083,False
7aa79b0d9aed,0.083,False
7e63f00b169d,0.083,False
af7eb292b7a2,0.083,False
00dc41af1241,0.083,False
ee3519660933,0.082,False
0241567f9ff0,0.082,False
60533a35fc8b,0.082,False
2b502ec811e3,0.082,False
9e94de9d61e9,0.082,False
3c21bd26e3f4,0.082,False
28b3923dba6b,0.082,False
0e357a8d39c9,0.082,False
2c75f516cd18,0.082,False
0de27d261540,0.082,False
dc992c6bdb67,0.082,False
5f6fc4ceb253,0.082,False
14a242345824,0.082,False
374ab9793e42,0.082,False
f94c698b367c,0.082,False
34dc6d029986,0.082,False
e000f747de36,0.082,False
fa7da56eba08,0.082,False
c6f812452a15,0.082,False
5bf420e6fecb,0.082,False
947a273557c8,0.082,False
a0d6433c0dd5,0.082,False
8c4f093b6c27,0.082,False
39f514333827,0.082,False
0ca18cc7db5b,0.082,False
1eac02aa76c5,0.082,False
5ca2c2a044ec,0.082,False
7e9cb210f434,0.082,False
84fd78f8ff59,0.082,False
40b77bd849a5,0.082,False
d30b1612df6a,0.082,False
13f886479f03,0.082,False
d277ff7e4347,0.082,False
87469a30d5e9,0.082,False
d5d063a9a4ba,0.082,False
d735aa63d441,0.082,False
32b394980aa5,0.082,False
a3b2b65b9372,0.082,False
ea9d5176bf74,0.082,False
7c74f7005364,0.082,False
4fa21dcb85f7,0.082,False
65240e359af9,0.081,False
e7723f72cb5b,0.081,False
72556fed5da2,0.081,False
29c14209856f,0.081,False
749eedeaf777,0.081,False
6031648d9f35,0.081,False
7abf3cdc66a4,0.081,False
faa6a16141d9,0.081,False
8ae3cdf932a2,0.081,False
378a6379d09f,0.081,False
3a21a560fa4a,0.081,False
3b480cb95704,0.081,False
b31961d1ecf0,0.081,False
223b0447ddd5,0.081,False
173b3850dd8b,0.081,False
216735a6d5d6,0.081,False
2e61295e3b6b,0.081,False
4751597a4404,0.081,False
d99469e248d4,0.081,False
4fccf4f5e78c,0.081,False
f49e285f94fc,0.081,False
c495096510dd,0.081,False
327750c814d9,0.081,False
874c6315d095,0.081,False
57e0af796e89,0.081,False
ff0670bbffd9,0.081,False
3d8fcc12ac4c,0.081,False
8dcfc07cbdf2,0.081,False
8afbcb51c612,0.081,False
b0c884ae0365,0.081,False
692bce087e99,0.081,False
a33d93304a75,0.081,False
45a9284a19a7,0.081,False
1cebafd88f97,0.081,False
60caf4570d45,0.08,False
c9bc4899e64e,0.08,False
73cfb14b0738,0.08,False
abc93f7a2be9,0.08,False
140c77210dc6,0.08,False
2ca92febf852,0.08,False
eba34be3e37b,0.08,False
2c83234395d3,0.08,False
02bb0b7b23b4,0.08,False
0341cb7b19f2,0.08,False
4f7e3b5683cb,0.08,False
ebb81dd66556,0.08,False
aef2585a94a7,0.08,False
22c76a2a911f,0.08,False
5c3854b24b2e,0.08,False
e8a93e03220c,0.08,False
4209cfc75a16,0.08,False
f55207fea80e,0.08,False
a8b3caf30c5c,0.08,False
b943b4478867,0.08,False
ad6b1a1208a4,0.08,False
9fd7f5113af7,0.08,False
1af26635861c,0.08,False
a21bb7f20bbf,0.08,False
7ec98413efc4,0.08,False
fa5ce29f3729,0.08,False
7a550f074ecf,0.08,False
1fb940b29b2f,0.08,False
e947028b83ab,0.08,False
28dc864b57f4,0.08,False
88512abc4b91,0.08,False
c95b46d8cd3e,0.08,False
b1f338c29704,0.08,False
acbe94a9f6a6,0.08,False
d3d4c0a9ef2b,0.08,False
cf9e12127e2c,0.08,False
a2565192cb2f,0.079,False
a1253cb53e3e,0.079,False
de139ef98878,0.079,False
f540ffd6a16e,0.079,False
f158c163c5dd,0.079,False
a7429a10147d,0.079,False
803a0c741d60,0.079,False
734ff371b4a4,0.079,False
cd13f4cafc9b,0.079,False
7ba412999e88,0.079,False
8b927369c3c6,0.079,False
f97c44ee7b5b,0.079,False
7bd5883051ea,0.079,False
50d03c1fd1f3,0.079,False
5eee9083d412,0.079,False
2fb7afddc3d8,0.079,False
0bca2c1efd8d,0.079,False
d050d55d4085,0.079,False
7a2208e0fcdc,0.079,False
74732e35c33f,0.079,False
d9e32e0b95c2,0.079,False
f5a59c11f6bf,0.079,False
b6b55a2baaf9,0.079,False
3b7f670759a4,0.079,False
673b66862458,0.079,False
da39268a6377,0.079,False
8c5f3291836b,0.079,False
02a0974d5a54,0.079,False
712280062adf,0.079,False
ec78e0e28a7f,0.079,False
e0b7843ba003,0.079,False
3e3cbc83be12,0.079,False
b7a895853838,0.079,False
2b610efa0188,0.079,False
dfe57c88360a,0.079,False
be604906db11,0.079,False
faca867e6722,0.079,False
00f7d8921103,0.079,False
fa847bb646fe,0.079,False
4535a9e5103e,0.079,False
35e13f058e15,0.079,False
523d1afe92d1,0.079,False
193d0799f63e,0.079,False
9a64f59c92c7,0.079,False
69540e36e3f2,0.079,False
486d56cde22b,0.079,False
45be717a31d8,0.079,False
0e79e50b44e4,0.078,False
1d917179bb38,0.078,False
e7364de15d8c,0.078,False
b9d70460b6a8,0.078,False
2ca390c5bf3e,0.078,False
95e45a71fe08,0.078,False
53ef71877bc3,0.078,False
bd8e409d2e2d,0.078,False
2590d3bd2b5c,0.078,False
fd340f99ebee,0.078,False
2d4655f690a4,0.078,False
e4ab3c2c5490,0.078,False
7051edf713f8,0.078,False
b561425a7862,0.078,False
0cfdaa42877b,0.078,False
eb0100a87cee,0.078,False
c94000223d02,0.078,False
203a53c3369c,0.078,False
a08e88baa11b,0.078,False
f1fdf0d9a7a2,0.078,False
f5aea0e95e72,0.078,False
85b081ef9362,0.078,False
9c31ceae85d6,0.078,False
a7b620659a7c,0.078,False
a798d0d4ce30,0.078,False
d12c081dbc81,0.078,False
a2fc3af6e591,0.078,False
0a173d1fd99c,0.078,False
091bc048d17c,0.078,False
e55b650a209c,0.078,False
044b34d229f2,0.078,False
78c04dfdf9ad,0.078,False
e590c2e3f301,0.078,False
4165dd87c4f3,0.078,False
6c5125fef940,0.078,False
9dd603eaa462,0.078,False
ea9ca72585f6,0.078,False
6d1bc5c5a88c,0.078,False
a4e3d9a8fcf1,0.078,False
6ac1f7dcd412,0.078,False
ab9c550d7498,0.078,False
638f94965377,0.078,False
98ccfbb52702,0.078,False
1cd91fa0506c,0.078,False
12127fa8b057,0.078,False
96997859a9c9,0.078,False
65f5850c8238,0.078,False
a255d278e316,0.077,False
e60caeecbd78,0.077,False
cf4844596cf4,0.077,False
6401d23283a1,0.077,False
a9ac88c85a35,0.077,False
b75419cd444a,0.077,False
6a35b5dc2726,0.077,False
786d1d8d52f9,0.077,False
9cdbadfa8f85,0.077,False
0503259586ca,0.077,False
815298ddc967,0.077,False
e5a91212bd1b,0.077,False
91df0608dd88,0.077,False
c8f726d17151,0.077,False
126e15d276c7,0.077,False
859e5998db81,0.077,False
105d6984d314,0.077,False
c51f0e1dd0fa,0.077,False
a19a5620b7b1,0.077,False
f4a1b49f7848,0.077,False
2a0f4380e498,0.077,False
ddd4417c802f,0.077,False
22fd626f6036,0.077,False
4238561a4d3d,0.077,False
5a3fa7912954,0.077,False
02e0455740c1,0.077,False
c82998ac380b,0.077,False
4391f6ea432b,0.077,False
0e1d4a570726,0.077,False
1daeb41e0093,0.077,False
1743b1af15bd,0.077,False
e91d9c1fdd3f,0.077,False
48d8941ac9a0,0.077,False
cdfac9d9c6ea,0.077,False
c01431c1bd18,0.077,False
eaea21328222,0.077,False
28bc8f33127b,0.077,False
814c802b8052,0.076,False
f09a06a120b8,0.076,False
7bceda10957b,0.076,False
05f09dc79674,0.076,False
f9768ea98481,0.076,False
9d447222f017,0.076,False
bb5fc0896cc0,0.076,False
f3064f860d66,0.076,False
75a8561ee003,0.076,False
fe700e00aa24,0.076,False
235db7643855,0.076,False
3096abf71b70,0.076,False
9323b347c56d,0.076,False
7c4512a25d89,0.076,False
0b50ac351ab2,0.076,False
688856faa8e9,0.076,False
4aeff3d95f84,0.076,False
20413e08ee78,0.076,False
c6a956b0cd25,0.076,False
20d2a69aa078,0.076,False
91984434281d,0.076,False
fa5884d9fbd5,0.076,False
150600dfafb3,0.076,False
bac69e7daa10,0.076,False
32adf78e1f07,0.076,False
9287dc82cc99,0.076,False
80df93e1de86,0.076,False
174935793b81,0.076,False
5d7babc2a809,0.076,False
b36e8e0e8c1d,0.076,False
4e0955d72a7b,0.076,False
0362e637b402,0.075,False
b56251e18646,0.075,False
4338e6e8660d,0.075,False
307416d7a5b6,0.075,False
b6a0ecb3382c,0.075,False
cdef0ed8b7fe,0.075,False
04b58bfb3252,0.075,False
541eb6639487,0.075,False
54313fe135eb,0.075,False
49c192d17caa,0.075,False
e40f31a94d30,0.075,False
e99a3aee0aad,0.075,False
7ba917968d77,0.075,False
0789d81740f3,0.075,False
9ac1f61959b2,0.075,False
3d5cb9c8177c,0.075,False
b7cd20ea588b,0.075,False
f781c60ead92,0.075,False
d56850e4d922,0.075,False
6de7fc08861f,0.075,False
e4e704231f86,0.075,False
90a9723aabfc,0.075,False
242f13b71264,0.075,False
fc04ab58d144,0.075,False
0a9e55fa2a29,0.075,False
fb8eea28c299,0.075,False
93fa64c483ee,0.075,False
bc7282c293a9,0.075,False
3d812ea0e7fa,0.075,False
5a6945803d2f,0.075,False
4e9859cb6432,0.075,False
992e87a8ca3e,0.075,False
01a3bf0240b0,0.075,False
af6443a307ed,0.075,False
afa1d2144760,0.075,False
97caac27b631,0.075,False
fb04a19a5bca,0.075,False
7c002b0f9a28,0.075,False
44dbb0bb8ade,0.075,False
f819247b9422,0.074,False
7b6f1aafa1d6,0.074,False
b70caca39a58,0.074,False
069bf3cd4abb,0.074,False
cf3ddc712b43,0.074,False
b324b8bb725a,0.074,False
b02dc712fdcc,0.074,False
5b2f5ed500bb,0.074,False
9c3c1587cb21,0.074,False
82b317b3f426,0.074,False
edb827a5f794,0.074,False
0d0d5d09c216,0.074,False
437b64784b5b,0.074,False
9387c58d5d50,0.074,False
87f185d59f5b,0.074,False
3ee30b1f9181,0.074,False
77bf2f69e274,0.074,False
593442db1dc0,0.074,False
bb9530be70e9,0.074,False
b6100f89401b,0.074,False
a39845018d75,0.074,False
a360767e8a89,0.074,False
d6fd72c287ab,0.074,False
f9b8d2fcfdd1,0.074,False
19fcb72e3d87,0.074,False
1fd9c06af9fe,0.074,False
01b2364094a1,0.074,False
5942a8f33b8b,0.074,False
621726c507ed,0.074,False
0d16ef6f1f99,0.074,False
30be652bc426,0.074,False
e2eb5c2589bd,0.074,False
ba1599fa09ee,0.073,False
79ff41b75274,0.073,False
eea96dc60762,0.073,False
fd9f8fbcff57,0.073,False
cd03f46a6801,0.073,False
98abe07e9c52,0.073,False
4063341fd533,0.073,False
d78e6aac0115,0.073,False
4b015f82eb46,0.073,False
e028ab9c4c03,0.073,False
1fd9b9acc16b,0.073,False
81539af3803b,0.073,False
0588777b282c,0.073,False
8b7d58f5af7f,0.073,False
edff0435e2e1,0.073,False
7f22b276d00c,0.073,False
71b2f23aa35a,0.073,False
5af1048a8ba4,0.073,False
46d995cb483a,0.073,False
723b384918b9,0.073,False
9c5a68455aee,0.073,False
3a0e0323d0ab,0.073,False
730174166862,0.073,False
be202c27d6fc,0.073,False
5f5869015645,0.073,False
42fc1d6586d5,0.073,False
b4bda396feee,0.073,False
18cdbc1fc29c,0.073,False
e89a1986c646,0.073,False
c7a2ff08ffed,0.073,False
046f759de6b2,0.073,False
ae651563c7ed,0.073,False
7145201b1682,0.073,False
1c4dbd4b86d0,0.073,False
835faff9bfe2,0.073,False
1990c866f514,0.073,False
7b57ecc5ce5e,0.073,False
16cb3ac401fb,0.072,False
c4fe33e89615,0.072,False
95c8a5e00f66,0.072,False
4947e446d910,0.072,False
ed1d2d9aa24c,0.072,False
8c01cdf4ce48,0.072,False
7d2ebda61892,0.072,False
b4e8c47f03f3,0.072,False
d1e06a73585c,0.072,False
eb19977dbfce,0.072,False
2789b3ed8b40,0.072,False
9fb62dac7cab,0.072,False
62b1c668e061,0.072,False
bb0f85f10943,0.072,False
d17bba69fbf2,0.072,False
f0343fc856a0,0.072,False
0789f8073758,0.072,False
6c157f3b6c76,0.072,False
e5d9d19596e1,0.072,False
be66023a8eab,0.072,False
9e95460e93c1,0.072,False
11deb432b28e,0.072,False
b8e99fa3f92e,0.072,False
aa2bfc4b09ca,0.072,False
1fab25aa1d30,0.072,False
14b024654aa6,0.071,False
5d7702710d23,0.071,False
4bb627f266b7,0.071,False
e26ab1e5fb64,0.071,False
36ca647283b3,0.071,False
d3ffa73e9fed,0.071,False
411e79800276,0.071,False
4a2792661c83,0.071,False
819a2c240f81,0.071,False
3495536b38f1,0.071,False
69a1e2f91617,0.071,False
69b12258c81f,0.071,False
19a4107faf14,0.071,False
7c2652462258,0.071,False
9d890e124f88,0.071,False
11fbbdc01eb8,0.071,False
c3c0f20f5260,0.071,False
d869b6587b29,0.071,False
396532ca4c6b,0.071,False
300f5ff69447,0.071,False
9c79c683830c,0.071,False
fcb63dad065d,0.071,False
43394667a960,0.071,False
85fb6558707c,0.071,False
c06c40d48048,0.071,False
9f7c7a0da288,0.071,False
86818cb189c0,0.071,False
d17d21ce94e1,0.071,False
67be8ad2e4c8,0.071,False
a73077155123,0.071,False
1c29d7204b2b,0.071,False
b65b1ef0fe57,0.071,False
f28c73c362c3,0.071,False
162c0c462b39,0.071,False
b67b874d1258,0.071,False
55f22d81c714,0.071,False
e184c5380b2b,0.071,False
9b7a92524926,0.071,False
3d70952bbf4c,0.07,False
87cff5f5048c,0.07,False
02908f6034c1,0.07,False
b1deb697c8b2,0.07,False
b8615d248edb,0.07,False
d6f0ab384a1c,0.07,False
b70f605ececc,0.07,False
9b4a5d0bfc8f,0.07,False
19bc846cafd9,0.07,False
07c7b1adb8a4,0.07,False
7bfbe61fce3f,0.07,False
4e4913548db1,0.07,False
5e1c3904b69f,0.07,False
fb709b170c82,0.07,False
e8da5db84b5a,0.07,False
68cdd14f70d8,0.07,False
ad799f041514,0.07,False
262481b4bf36,0.07,False
e3441f10be28,0.07,False
5e7dc43eabc5,0.07,False
7cc273a99bf4,0.07,False
73101bf4882c,0.07,False
eb864a1dbbaf,0.07,False
eb8236765e75,0.07,False
6fdcdf30fe55,0.07,False
37c0c40633ff,0.07,False
100defd3fc19,0.07,False
c35691bd0843,0.07,False
2ec95119273a,0.07,False
63fb212707ef,0.07,False
fe14d270d1cb,0.07,False
9b7aa39e4f75,0.069,False
df2634413fa0,0.069,False
fc345953ed52,0.069,False
5c952dd5ff45,0.069,False
6bd3d483464b,0.069,False
3c2a360250dd,0.069,False
e0050d7db5c3,0.069,False
5cbeeab80458,0.069,False
468b84ac6de8,0.069,False
2e6ccd50261b,0.069,False
dad1b5607936,0.069,False
c4efc8fe5f89,0.069,False
1e6023425782,0.069,False
b91812549b8b,0.069,False
6536f905db6b,0.069,False
e311582d4424,0.069,False
3179858fe545,0.069,False
4109560fb4e4,0.069,False
862dff0e7d8a,0.069,False
1f4acf8a98b1,0.069,False
46dfe669f5b4,0.069,False
4ff3cf4e6e4f,0.069,False
f9cff20c60d7,0.068,False
d5c12889379d,0.068,False
677a80845fc8,0.068,False
b8170ffb5c6b,0.068,False
4e94e0cf7001,0.068,False
88b5c8680720,0.068,False
1127ddd5e968,0.068,False
877fa7fad838,0.068,False
51fe7e7f083a,0.068,False
6ddc7b8a59fb,0.068,False
f139dbee5c29,0.068,False
8cf86f2a1c1d,0.068,False
ad9f60837676,0.068,False
1672fd1e8629,0.068,False
885238c0d86b,0.068,False
f4ee7662b0d7,0.068,False
6a396be04429,0.068,False
f232b16ce009,0.068,False
1a77b3fce1a9,0.068,False
96328f49ac24,0.068,False
4ed2254c9464,0.068,False
fcb89218c847,0.068,False
e096db8d1371,0.068,False
8c4571bf5b59,0.068,False
669e5481c46a,0.068,False
4c54318e1194,0.068,False
351def63b751,0.068,False
badfb8af6ebe,0.068,False
e30269b4abc6,0.068,False
6dc052041d82,0.068,False
93608652461d,0.068,False
a15cd638aa2f,0.068,False
7c30662cf885,0.068,False
6ef35c8def25,0.068,False
dbf88cb52c48,0.068,False
e3e6154b4637,0.068,False
0f0aa4eb152e,0.068,False
b7fcfebb5df8,0.068,False
5753debcaaed,0.068,False
479ad2a5d873,0.068,False
7753d21368ce,0.067,False
cb21476f4d4b,0.067,False
aa8840ad554f,0.067,False
4144d1271ba8,0.067,False
0e6b2c27b541,0.067,False
3568d509d7fc,0.067,False
cc632d863928,0.067,False
c855475aa64a,0.067,False
818e4c4ac915,0.067,False
aad22a0456d5,0.067,False
24814f0607c2,0.067,False
144fea9f0cdc,0.067,False
ffa8c4996522,0.067,False
2b347b3ceb0d,0.067,False
88e29b1ef12f,0.067,False
6503144fcb2f,0.067,False
930858caff13,0.067,False
a942ad3baddd,0.067,False
0ca79987c3d7,0.067,False
eece28150274,0.067,False
79805be0fa98,0.067,False
d52ed4bcb793,0.067,False
dddd24afe798,0.067,False
f5138599c354,0.067,False
2cdbff3bcaa4,0.067,False
d308d40dd5a1,0.067,False
c5f529aaea71,0.067,False
d2fb331092ad,0.067,False
a6bd67bb606b,0.067,False
5edf59e9151b,0.067,False
fc574bebec81,0.067,False
969eef7975d0,0.067,False
ceb8c84cb295,0.066,False
56255760ff38,0.066,False
4b5cfbdef6ad,0.066,False
9792b09935d5,0.066,False
bfac09f90a5a,0.066,False
d2799b67ef79,0.066,False
04993db98c9d,0.066,False
8bd064940e54,0.066,False
57326b027378,0.066,False
68bc4be0fbbd,0.066,False
5f1c54b2cee3,0.066,False
7b01ead1854c,0.066,False
45b95a6c0ab1,0.066,False
4c75284130c1,0.066,False
e6db316af0cb,0.066,False
da0c6555be43,0.066,False
0c10b982eba6,0.066,False
fa783ea4ed1a,0.066,False
efe317cb1c18,0.066,False
77a146dd78c5,0.066,False
c617d32068a4,0.066,False
704672ceba6b,0.066,False
16e327401a90,0.066,False
7adedda3a018,0.066,False
aecc8a40f583,0.066,False
a90ac9a88d0c,0.066,False
1f69946705ac,0.066,False
297f3c8baa6c,0.066,False
366ba28b9b54,0.066,False
02def7f07618,0.066,False
9b5ee47a3727,0.066,False
8ca93d355766,0.066,False
e17a5a5736e1,0.066,False
418a6063fc58,0.066,False
3c600d49209f,0.066,False
204f76248881,0.066,False
a8a6e4361c09,0.066,False
916fdac1eda1,0.065,False
4996a501d9eb,0.065,False
444b2ddd9c5e,0.065,False
a4b63cb5fb97,0.065,False
ab956f756f36,0.065,False
0c042b350b6f,0.065,False
760aee087629,0.065,False
a5b3bac18fb0,0.065,False
3e22a9ef93ca,0.065,False
d1f11e1500c8,0.065,False
606e01792e3e,0.065,False
e41aeab470e2,0.065,False
12d53b9f7235,0.065,False
29fbe17ef58c,0.065,False
f4258427f97c,0.065,False
c2b790dad7f9,0.065,False
fe7454229b95,0.065,False
2963909fc53c,0.065,False
0d610993c133,0.065,False
9960fae302e3,0.065,False
38b7e5c97138,0.065,False
4360c3bd4c89,0.065,False
59012c14b3ac,0.065,False
0286cd6dccc3,0.065,False
91d2dcf2c098,0.065,False
2f9a0df0b19b,0.065,False
c8de1c6c28c6,0.065,False
07699bc40369,0.065,False
86a17556414c,0.065,False
73472d3027af,0.065,False
dc8219a62d79,0.065,False
967103662838,0.065,False
30fc8446ac7a,0.065,False
509e0c5a8e18,0.065,False
8945b2b5a90e,0.065,False
72b75c1551d9,0.065,False
a2852e097c8d,0.065,False
45dd313934a2,0.065,False
f6e482ca1514,0.065,False
73644db5e70c,0.065,False
7bd2939bda77,0.065,False
d7cdbbf75e2f,0.065,False
32d2e8470c25,0.065,False
0941fa367622,0.065,False
6d4311b2a0ee,0.065,False
71f55115099a,0.065,False
929c9611903c,0.065,False
8d9d4a960fa0,0.065,False
496fbff41bf7,0.065,False
15c39ffebb37,0.065,False
4bacd315b2aa,0.064,False
6c69abcb7b11,0.064,False
02a3ba42380f,0.064,False
0046ec649611,0.064,False
b72685ac0062,0.064,False
e55a43e011c1,0.064,False
b48060fe717d,0.064,False
d41d92174c34,0.064,False
6869e514255e,0.064,False
423d3398dbd0,0.064,False
aec9a6faf931,0.064,False
21c010230434,0.064,False
8f9aab2f740d,0.064,False
465adbaa3447,0.064,False
9d4c70b8992e,0.064,False
dfc7cc14ad16,0.064,False
e3bef64af2c7,0.064,False
190e7ac7de48,0.064,False
bc9d80375dbb,0.064,False
4409c773c3ee,0.064,False
985c3ccbae19,0.064,False
6f53e7c6d121,0.064,False
6d827cdf0fb0,0.064,False
0cfd3c6644d2,0.064,False
12abe37e1e68,0.064,False
1eb023351194,0.064,False
e8ec4a068ba9,0.064,False
ac19f6410185,0.064,False
7909ddf91506,0.064,False
725924c362e9,0.064,False
3b18ec679cc5,0.064,False
e626a01811b1,0.064,False
13aa9ddb0377,0.064,False
80aecbee0aee,0.064,False
3fd964a1c4f8,0.064,False
ceed617f060a,0.064,False
b4cc40e75109,0.064,False
fc16ca0542c8,0.064,False
df90683e52a7,0.064,False
cc5a6f38cbb0,0.063,False
3cda1335ddd9,0.063,False
1428e152f233,0.063,False
a4332b2337e4,0.063,False
54add8cf5248,0.063,False
c47796402e64,0.063,False
78750922c461,0.063,False
16e27d37b641,0.063,False
bd8f1631fffe,0.063,False
2ab360522c03,0.063,False
4622de6075a3,0.063,False
5cbe7618a60c,0.063,False
28a7fe1430bf,0.063,False
feba14a20c15,0.063,False
96ef7eef70d3,0.063,False
2cc1ea3ed126,0.063,False
e6e68ad196f0,0.063,False
6fe7fb42bc83,0.063,False
fb95b1fb0757,0.063,False
a9791066f82e,0.063,False
e4143f7d3195,0.063,False
80484a632ef6,0.063,False
061acbb09b59,0.063,False
d452a6434dac,0.063,False
5ba66b17d655,0.063,False
0667fa7dfd43,0.063,False
347d2d0d24ce,0.063,False
0ab6bff6f85e,0.063,False
481962114d7b,0.062,False
097e3849c470,0.062,False
ee27dccbec8c,0.062,False
980455eb5146,0.062,False
6ee335c2ead1,0.062,False
de4cb42567fa,0.062,False
e207d66a4cc6,0.062,False
b6b55b24a579,0.062,False
7bb791e32f08,0.062,False
cb0037545bd2,0.062,False
c1383fbb7742,0.062,False
0d44046e7fd5,0.062,False
fffbf9738b1a,0.062,False
9a2e0574571e,0.062,False
c533aa3be9e6,0.062,False
3d3e271d712e,0.062,False
f148c0367ab7,0.062,False
13d158745059,0.062,False
a2a10b18f041,0.062,False
f87a35595ecd,0.062,False
1906b6f289bb,0.062,False
006839c7e3df,0.062,False
754f356e79c9,0.062,False
d977d068fc1c,0.062,False
d13741d84298,0.062,False
b2febbfa8db7,0.062,False
4d62b12ceacf,0.062,False
288e328dd28a,0.062,False
ea979dfacbb3,0.062,False
6237d0d20bde,0.062,False
0224d3c4345b,0.061,False
69f370508b48,0.061,False
832828781cd5,0.061,False
26c8a4f685f4,0.061,False
52f895da4d06,0.061,False
3c88e8ae0d48,0.061,False
200ca16b4282,0.061,False
a8a46b67fc67,0.061,False
fecd982923f2,0.061,False
e1f8eddac7d7,0.061,False
3c92d8e1e788,0.061,False
cb9f0cae3fc1,0.061,False
513b74857a77,0.061,False
d84528d04be9,0.061,False
a45edad9ebfb,0.061,False
ec7ff308d4d9,0.061,False
78b86a7a436d,0.061,False
42534f554f24,0.061,False
d09e74a2c8d2,0.061,False
b124d9d65a2b,0.061,False
3f18d10c94ab,0.061,False
60a50d49e7ac,0.061,False
842399ef2b3b,0.061,False
0cdfd908e3ac,0.061,False
ecaf3f0c3660,0.061,False
ceda19f66ed7,0.061,False
ef5c19d55cdb,0.061,False
23f9bcc4b033,0.061,False
2470866302fb,0.061,False
82b2341d729f,0.061,False
f2ba9f6a5adb,0.061,False
e66d40813998,0.061,False
d7f778a2944f,0.06,False
8cd9ee570de7,0.06,False
87f59762beb6,0.06,False
0d00cb70cd2e,0.06,False
d35f2db7f47b,0.06,False
ed0065ea1ff6,0.06,False
b0fce9719553,0.06,False
85d451d3eff9,0.06,False
2f15e0195217,0.06,False
a5c0610c76dd,0.06,False
67fafa09ff5c,0.06,False
f20b96a14ab2,0.06,False
9703be18e6b9,0.06,False
2165dfc52309,0.06,False
686f3efe9d5c,0.06,False
c2bfdc294568,0.06,False
ce0d443bf934,0.06,False
9f8710d0a52c,0.06,False
8bccc3e5d2cb,0.06,False
d5b252a97102,0.06,False
4b8099f50321,0.06,False
eafddb5a7860,0.06,False
78cb24b3f8ab,0.06,False
4603eaf6327d,0.06,False
c80e597b85a2,0.06,False
9aa4bdb457de,0.06,False
b9f1ceff013d,0.06,False
ccffcbc24737,0.06,False
2789b080fad8,0.06,False
a375f301c759,0.06,False
d751aac1d8b1,0.06,False
76ba0654465a,0.06,False
9d28167d8f7f,0.06,False
e5664c36897f,0.06,False
f8b0b5391dd0,0.06,False
f1303bac0336,0.06,False
65484c02127d,0.06,False
54853c8e43bf,0.059,False
682450553f11,0.059,False
87a57d6ea163,0.059,False
dd1a75104a57,0.059,False
4ff09cb8964a,0.059,False
ab4df282616b,0.059,False
91af6e6c9c83,0.059,False
31555357aefc,0.059,False
77c618f04b46,0.059,False
03fc8b220b23,0.059,False
b52dffd96f2d,0.059,False
a6f4fb742068,0.059,False
eaa96ebfda5d,0.059,False
4ad0c937b80c,0.059,False
24018fec1810,0.059,False
182e1fbe9b78,0.059,False
d3eb033f6c3b,0.059,False
c4184a38b021,0.059,False
49e57ab30766,0.059,False
0526cd57b3cb,0.059,False
fee2742b30bc,0.059,False
f707306204f0,0.059,False
7b6327d78a41,0.059,False
bcc3c98a3769,0.059,False
ff56314bd639,0.059,False
a50866b568a5,0.059,False
d60d99f3bd47,0.059,False
bf2fa1c3b5c5,0.059,False
ba7b81b6de16,0.059,False
4ccb43f4f411,0.058,False
dd07b1accf07,0.058,False
bf7500a94d17,0.058,False
0432c06d1872,0.058,False
c35aa5053d25,0.058,False
3e0f523bde69,0.058,False
143d6ce75159,0.058,False
3b09f12b3b27,0.058,False
7b546355b96b,0.058,False
04afc843c810,0.058,False
e93b3e3abf85,0.058,False
aa2bdc9a999a,0.058,False
c911367a72af,0.058,False
087a25b6b517,0.058,False
47b1120fc522,0.058,False
7444d39604e0,0.058,False
a81e85ef491d,0.058,False
81815be006eb,0.058,False
304e96f1380c,0.058,False
91728b45fb59,0.058,False
86e612e5f4f8,0.058,False
07c8c5e5f20d,0.058,False
b23b7b1610f8,0.058,False
56499f8f75ac,0.058,False
7ef672e2e4a7,0.058,False
a2b837aba9eb,0.058,False
185a20f7e89b,0.058,False
a05af38e4917,0.058,False
c2345025a96d,0.058,False
a4b87ae46eca,0.057,False
02076ac519d8,0.057,False
1fef962bef30,0.057,False
0fdff276c7ae,0.057,False
311011d0d8ad,0.057,False
960d35f46d0f,0.057,False
724d2d97da96,0.057,False
2a974178f17a,0.057,False
4de3443e4868,0.057,False
f2f43af6baa8,0.057,False
d5b5f99c30bf,0.057,False
78217d319069,0.057,False
df64fa1c7177,0.057,False
c9653ef62416,0.057,False
6f7831035710,0.057,False
de2501fc8b65,0.057,False
8655f771e858,0.057,False
9db340543a51,0.057,False
6aff9806f9f7,0.057,False
be6cd10cbc8d,0.057,False
bb6ef70cb72e,0.057,False
cafeefbac160,0.057,False
28562ab4ff34,0.057,False
8b1c10ab3306,0.057,False
606ccfdec518,0.057,False
26916f52e758,0.057,False
04369628dbbf,0.057,False
aa256a038957,0.057,False
786e9c49b088,0.057,False
67e8e4cfbaad,0.056,False
2ba443876b85,0.056,False
bcd8303da57b,0.056,False
7ac51804b8f9,0.056,False
f7db27d81185,0.056,False
2dae9340cfde,0.056,False
d225d945406f,0.056,False
75161702a1f9,0.056,False
d0ff4bc4a6a0,0.056,False
85a69eeba44c,0.056,False
61838a415b15,0.056,False
616877a7a939,0.056,False
8c199d6f656f,0.056,False
11d1718ffa1f,0.056,False
ffdecad3561f,0.056,False
0beb0b03cd2a,0.056,False
299ac75632ad,0.056,False
cd45f7991cd1,0.056,False
3ff9282a1b10,0.056,False
a2169f13d2ba,0.056,False
921e1b4eafe0,0.056,False
0c9c85dff170,0.056,False
d3ac532cd3cf,0.056,False
a46b1de633af,0.056,False
25392839d7d7,0.055,False
cc2ef21e7108,0.055,False
e73eb99f7762,0.055,False
5d149b2664d3,0.055,False
66d84d2cf792,0.055,False
ad09da9c693c,0.055,False
1c1d5b2c28da,0.055,False
f80b47cffb1b,0.055,False
706c387edea8,0.055,False
2d1fdfc70ec0,0.055,False
c3fb9745f5f9,0.055,False
17ddf2e471e9,0.055,False
09afb392f8b8,0.055,False
52a82afff4a3,0.055,False
98d10b83f80f,0.055,False
742df906ff9c,0.055,False
20e9c13fb679,0.055,False
6029d6018574,0.055,False
d662f2b83f6b,0.055,False
005f395e8998,0.055,False
e53e89a2ec82,0.055,False
75aeaa1a77e6,0.054,False
e83a93be7c58,0.054,False
250d9ac9c875,0.054,False
2fb9b594d44e,0.054,False
c3d2835d663d,0.054,False
82d57e393cc1,0.054,False
2ff69942d3bf,0.054,False
a046c8e935b3,0.054,False
77d95f10967b,0.054,False
9759d03943fd,0.054,False
c62b30705a30,0.054,False
a1de3487fc95,0.054,False
275c6c32e8fd,0.054,False
2916093865dc,0.054,False
301316008c26,0.054,False
81b1afaf3ca4,0.054,False
35c5a29dcda5,0.054,False
45955a4a898f,0.054,False
993f7799fca0,0.054,False
d3a7e178782c,0.054,False
c6acace2028b,0.054,False
0d12465099c0,0.054,False
29319ca3d26b,0.054,False
5a9e1949a67b,0.054,False
c8ce667be684,0.054,False
06c7f3bf0e0e,0.054,False
6797675f63ec,0.053,False
68a6b285064b,0.053,False
3eed7e5b9d70,0.053,False
edc3be17f27b,0.053,False
b62024744b24,0.053,False
09c7236654ea,0.053,False
dc31b2489d33,0.053,False
73afa60e638a,0.053,False
85841182af23,0.053,False
35012463377a,0.053,False
87f8a8e571dd,0.053,False
cb3c43c95904,0.053,False
41cb550ad1fa,0.053,False
8f8585d80239,0.053,False
662ebd84703b,0.053,False
23708da786b9,0.053,False
e3412ea5b065,0.053,False
3df2d3c354ba,0.053,False
a0fa09c8d978,0.053,False
f4d4c8fde013,0.053,False
470d8ba04b4c,0.053,False
486e83a7f15c,0.053,False
3f834662948f,0.053,False
06eaf42a296a,0.053,False
0bbae235e2e0,0.053,False
1b1531263392,0.053,False
819f1c4d3c26,0.053,False
570940d469b0,0.052,False
b69135024e1f,0.052,False
7913eb9cd0ce,0.052,False
62d85d0dc85d,0.052,False
775fd4fd5c0a,0.052,False
25c79b825520,0.052,False
8c8c4fe081c1,0.052,False
1071cc2ffa73,0.052,False
b3410179b861,0.052,False
8de6016b4198,0.052,False
b9bfbcf3f371,0.052,False
059f7da86843,0.052,False
27ddf294f189,0.052,False
44f97e35fb03,0.052,False
ef7c7fb9f68e,0.052,False
ca7cdeaf8642,0.052,False
d79565e97992,0.052,False
5b172ce9cec4,0.052,False
9d37d676580a,0.052,False
40ea653b324b,0.052,False
22edf30396ca,0.052,False
98820fb0d68d,0.052,False
0c34ac604c02,0.052,False
e2440174070a,0.052,False
9fa9072e3eb8,0.052,False
5def37f8fde2,0.052,False
47845f02c346,0.052,False
c28a42bde9e1,0.051,False
2391fc08d8f8,0.051,False
8fe6d60277c7,0.051,False
cea68fda4ada,0.051,False
db5555194953,0.051,False
41d6d3f01dee,0.051,False
3a08e4560417,0.051,False
138fcec2c043,0.051,False
53ecb22c0508,0.051,False
8525ac1bad2a,0.051,False
a405a535b082,0.051,False
f9f33e46038f,0.051,False
192d331cfd25,0.051,False
d38d82fcd7fe,0.051,False
634c563a3760,0.051,False
f1644dc2e150,0.051,False
b4ed767bae3f,0.051,False
e0064623591e,0.051,False
9730f15de374,0.051,False
da1c6449f4f3,0.051,False
a1de414475c7,0.051,False
93f45eefa309,0.051,False
7331880fc810,0.051,False
161341fe4300,0.051,False
a98cffb94264,0.051,False
8d42ec7f3858,0.05,False
150f98b2f1d1,0.05,False
5cd4d73c8193,0.05,False
d1755b08ead9,0.05,False
b05623b574b7,0.05,False
e262532d78f4,0.05,False
9fd825fd103c,0.05,False
f9cd14df1968,0.05,False
c08fcec0656d,0.05,False
5208672d016e,0.05,False
0613858bb88c,0.05,False
e4bc8828ddfd,0.05,False
d6d66b94642c,0.05,False
60f43c89edb2,0.05,False
b0104ebb2a35,0.05,False
3d136f24c6bf,0.05,False
dbaf915de739,0.05,False
e290e4c05d0a,0.05,False
8138790d76ad,0.05,False
d3368101ce45,0.05,False
532cd2cdc3f4,0.05,False
ca11214c1899,0.05,False
af174d3e07f0,0.05,False
995be525b985,0.05,False
0e327e65c531,0.05,False
216645e0df92,0.05,False
ff42ada5679e,0.05,False
13e180a6050a,0.05,False
3e5a402cab43,0.05,False
c6a67494d5b2,0.049,False
f1303ae43756,0.049,False
678bb50e956f,0.049,False
4c044106d43a,0.049,False
7ea9ca1812cf,0.049,False
9a7c9cdac297,0.049,False
60cb437a01e2,0.049,False
3544f40dcdcf,0.049,False
4d28c394215e,0.049,False
9063e52d25f8,0.049,False
6c97e517d63c,0.049,False
cfc90c72facf,0.049,False
8e34acca3e0b,0.049,False
89949a9aac4b,0.049,False
d77e0e29d893,0.049,False
8d9a48892da4,0.049,False
99b2a281c92a,0.049,False
0b04c3cf0b30,0.049,False
39e579095251,0.048,False
be158ed9d192,0.048,False
57c755fd0b91,0.048,False
3fbf7f4fd067,0.048,False
21526788a093,0.048,False
fd4761456a1e,0.048,False
a3184c2e4545,0.048,False
c43f99f2527e,0.048,False
bc8db6c9bf9a,0.048,False
9eae972ebe86,0.048,False
a897edca25d6,0.048,False
d9087aeb9c2f,0.048,False
3bce1ad04468,0.048,False
f2ddd8f3b660,0.048,False
8d5fe40de664,0.048,False
a2d9c39f2268,0.048,False
32141b5f9cfc,0.048,False
6d640c80ee86,0.048,False
2d64e664ae14,0.048,False
cf8de0542ae8,0.047,False
577783044872,0.047,False
2e0dda10dba6,0.047,False
c91f9c8b9350,0.047,False
b11a8c59945f,0.047,False
77cd14a6187f,0.047,False
ba856f683699,0.047,False
963d481c2f45,0.047,False
9781e555ad1c,0.047,False
c81c9ffe1756,0.047,False
667fed7a7410,0.047,False
8d780d5f60f1,0.047,False
442551f16ac0,0.047,False
a39191f190a4,0.047,False
a634d51350cb,0.047,False
2037fa3655dd,0.047,False
06dc69f19767,0.047,False
7f6043c919fe,0.047,False
8935ac8dd38a,0.047,False
94767fc1a450,0.047,False
8329893b3f2b,0.047,False
fe3b7692e2d7,0.047,False
078e1903375a,0.047,False
6d58e66984dc,0.047,False
7a840f16db37,0.047,False
51d4cc3f6ba7,0.047,False
6c49713dd352,0.046,False
f6fc1f4f72cc,0.046,False
e67d9a1c4097,0.046,False
a1ba73bd7fd5,0.046,False
782294c7c5ac,0.046,False
de0b8c297cf9,0.046,False
a9a0cffc45e8,0.046,False
c20885cea5b8,0.046,False
9af03f917f00,0.046,False
a96320cb3068,0.046,False
6eadb7125284,0.046,False
cb8d0c834a19,0.046,False
624a010eafde,0.046,False
b2088e9286d1,0.046,False
a193520474a9,0.046,False
fd9d0e1074e5,0.046,False
58e6a391fc5d,0.046,False
d37ffbe6f7ca,0.046,False
e930f687bba4,0.046,False
58c8a58385d5,0.046,False
b82c5cfad8e9,0.046,False
13b7fb7bd6b5,0.046,False
cd645768b7bf,0.046,False
e16491828a72,0.045,False
753ce6f113a7,0.045,False
95688cc0bf85,0.045,False
6b705d8987f8,0.045,False
ceb2e40a6c4b,0.045,False
1e324a4498e0,0.045,False
4b497b0bf554,0.045,False
438a6a102b49,0.045,False
70d183d04319,0.045,False
95a9428bca7a,0.044,False
15868dc3c005,0.044,False
8a87734d5d6c,0.044,False
4eb2a8b65a4b,0.044,False
cb53f1408dfb,0.044,False
836fad24ae0d,0.044,False
8d0e402ab1cd,0.044,False
6d6680d739c6,0.044,False
5e1618efe1fd,0.044,False
ddf88b2bad65,0.044,False
4f22091420f3,0.044,False
c31dc1a0792f,0.044,False
5ec30b927c1c,0.044,False
7876080a8379,0.044,False
7378643441e7,0.044,False
d0e198bf9301,0.044,False
57dca46a43b4,0.044,False
8fe3f9982b07,0.044,False
f2b2c2002a62,0.044,False
6fc96190b9b3,0.044,False
90eeaa344802,0.044,False
bb0fbcc3fef4,0.044,False
b6cb796a923d,0.044,False
12278cf7260f,0.044,False
295edf6bdabf,0.044,False
1001625c681a,0.044,False
2c0e2136e405,0.043,False
00dba8397f8f,0.043,False
8ac643a4d0c6,0.043,False
5d574ec67b68,0.043,False
a4c607c37a7d,0.043,False
ccecf7f46609,0.043,False
1b7ae0d1f888,0.043,False
0d88a023213f,0.043,False
313a22ebb396,0.043,False
3d1f4ec75548,0.043,False
5b2f8163418a,0.043,False
dfe69c3d73fa,0.042,False
58848bf74b61,0.042,False
60903068f36f,0.042,False
149d7b37c0f5,0.042,False
30ecec701131,0.042,False
1cc3eeb631a4,0.042,False
1d797758e424,0.042,False
cc276f815d8d,0.042,False
17812485b12a,0.042,False
b7a2004cb65a,0.042,False
7282a5a903b7,0.042,False
4502306a916e,0.042,False
75f9153f63bd,0.042,False
1f30fa8b891d,0.042,False
55b4c72cb50f,0.042,False
97addab511b1,0.042,False
e2d1b633e84f,0.042,False
c288b2e27017,0.042,False
57fbea738636,0.041,False
1bfb7704d512,0.041,False
8aa1b0277518,0.041,False
d55c3a46e8d9,0.041,False
6341a6575e13,0.041,False
7ea1bfdf77f1,0.041,False
dd074065deaa,0.041,False
15247283af96,0.041,False
8b4079633e23,0.041,False
1c796b46a79b,0.041,False
0ccc98301016,0.041,False
92bb36a803dc,0.041,False
b0cca10a97b0,0.041,False
cdc1185d354a,0.041,False
d888c30736d3,0.041,False
25c692a1ecf3,0.041,False
e43180937ab0,0.041,False
689a976c95bc,0.041,False
59a9a284bcfa,0.041,False
e4241ddb7c91,0.04,False
b2d6ea133583,0.04,False
53a7cfcb8791,0.04,False
359c6a3e588e,0.04,False
086a37fa6662,0.04,False
0c1752dcd7c2,0.04,False
96f3b4a1e92c,0.04,False
146386ea426a,0.04,False
75d66fce61c9,0.04,False
237da43bf2be,0.04,False
359ede56a837,0.04,False
2a6eb3e95b8f,0.04,False
7196b24f4cc6,0.04,False
7aa6c908d517,0.04,False
9eab98b7174e,0.04,False
609eb3147c8a,0.04,False
dbc964766b6b,0.04,False
6d1caf474a14,0.04,False
e586cc9efd4c,0.04,False
5f696a6f9268,0.039,False
9fb300dd94f2,0.039,False
ac075078a119,0.039,False
9b2cd1b72166,0.039,False
5f919cc2ded2,0.039,False
1717d49a6cb6,0.039,False
dcd231bb7a7c,0.039,False
404abf5d5934,0.039,False
6c0eeb46646e,0.039,False
aa27b4e79ff8,0.039,False
cf963b6f3b60,0.039,False
2d8a82cf1b1c,0.039,False
31841e8c6d99,0.038,False
49f90241dc6e,0.038,False
0d8f90e6e4dc,0.038,False
460348b9d357,0.038,False
910e45fcaecf,0.038,False
e2a8fd1b69c4,0.038,False
2402e5da4960,0.038,False
5e2917403318,0.038,False
24a338688377,0.038,False
01ef8ac435b6,0.038,False
96e2408abc2c,0.038,False
65c1e9d4fe3e,0.038,False
51676bd4a902,0.038,False
9132b5cd05b0,0.038,False
208e6e4c6f80,0.038,False
8804407ccf53,0.038,False
ca11058ebd3c,0.037,False
bd55fa9aa512,0.037,False
c3349bb92f0c,0.037,False
68683cc40826,0.037,False
d162fac8e6b4,0.037,False
d44a6faf500d,0.037,False
822b384a463c,0.037,False
c991c0fbc74a,0.037,False
767027fe7286,0.037,False
68c9f2df2e21,0.037,False
c8c56801216c,0.037,False
7d96752e8001,0.037,False
6595f3aa2e4e,0.036,False
7944b8a27ad9,0.036,False
e3a5fc6ba44b,0.036,False
4406141bd487,0.036,False
9e0ca731dfb5,0.036,False
1e3e6bb39139,0.036,False
7446085f15ce,0.036,False
106a27f451c9,0.036,False
a661d6e51e1f,0.036,False
21d0d8dcac76,0.036,False
8cc2cb1a7366,0.036,False
4fc014d88351,0.036,False
b18f732d4f99,0.036,False
6b320e5c17e6,0.036,False
065096de76f9,0.036,False
646b51fea429,0.036,False
89bd6e1a289d,0.035,False
80360f4b2c5a,0.035,False
54d450f0be6e,0.035,False
ce5dd78ba509,0.035,False
8f0c2b5e33de,0.035,False
82bd16ec5119,0.035,False
2a3a1bc99a14,0.035,False
772727510627,0.035,False
85b6f30b6e0b,0.034,False
b0a220425edb,0.034,False
38810864ede8,0.034,False
54ee368105dd,0.034,False
f02b843cab1d,0.034,False
043f3a2613db,0.034,False
f6124ac6a655,0.034,False
ae221e003ba3,0.034,False
4241e210a2b9,0.034,False
cf3803c4bf4c,0.033,False
cc03c9ba9794,0.033,False
7e9644d7ec51,0.033,False
0ea40a90565c,0.033,False
2ba538af02c5,0.033,False
ca1409b0307d,0.033,False
1318dab3714b,0.033,False
dad06f5f2c41,0.033,False
dcef02b3186c,0.033,False
fa0f809361be,0.033,False
8d7de46a32a3,0.032,False
ff1e05af0238,0.032,False
bcce4d51b9f9,0.032,False
120dc8b804fe,0.032,False
a1638027d84f,0.032,False
f130031e2354,0.032,False
b6853a2e2d11,0.032,False
53f1db8d22cf,0.032,False
1ba5deeac5f1,0.032,False
af81b0a1e553,0.031,False
30a51220d66c,0.031,False
da0850943d88,0.031,False
d6120a5e197a,0.031,False
62d38b4e682e,0.031,False
ff770c42623b,0.03,False
133fe5de28aa,0.03,False
ccefc1c6c5bf,0.03,False
d5b4d2ff592e,0.03,False
09ef862301b7,0.029,False
6d2fcc9d2eb7,0.029,False
c506442fb144,0.029,False
3c401b618593,0.029,False
6590a8a26e35,0.029,False
6cfb75bfd0d6,0.029,False
93f68cd2acd4,0.029,False
5b7929703938,0.029,False
d466bda21daf,0.028,False
925daf7821b4,0.028,False
b651105fc709,0.028,False
93c00a25ce74,0.027,False
55d7262a44a9,0.027,False
81fdad61fe56,0.027,False
a0949a5377d8,0.027,False
db5b7a84f520,0.026,False
0c6239574b93,0.025,False
2b04d7616cca,0.025,False
32cf77653ea3,0.025,False
98ca5cc90dfa,0.024,False
40f6507cf6ee,0.023,False
cc2cfeee101a,0.023,False
2f7c900c71fb,0.022,False
d4c2fd4f95ac,0.018,False
